Image,Object ID,Name,Class,Parent,ROI,Centroid X µm,Centroid Y µm,Num Detections,Num 1+,Num 2+,Num 3+,Num Negative,Positive %,H-score,Allred proportion,Allred intensity,Allred score,Area µm^2,Perimeter µm
Image_12.vsi - 40x_01 #1,e62e1852-3fd9-401c-aadc-974f200297cc,OVLT,,Image,Polygon,937.01,1572,258,0,0,0,258,0,0,0,0,0,89259.3,1230.1
Image_12.vsi - 40x_01 #1,e8413932-a7f6-46dc-a96f-f5a809ff1521,AVPE,,Image,Polygon,909.57,1375.7,1320,16,19,4,1281,2.955,5,2,2,4,698818,4778
Image_12.vsi - 40x_01 #1,f7124045-0ef9-4107-a948-301bcbd3d820,MnPO,,Image,Polygon,961.29,535.93,674,9,12,3,650,3.561,6.231,2,2,4,318240.3,2471.3
Image_12.vsi - 40x_01 #1,2262eeef-62a1-4b61-b434-e8816344814c,LPO,,Image,Rectangle,314.98,470.35,1033,11,8,1,1013,1.936,2.904,2,1,3,592599.5,3141.3
Image_12.vsi - 40x_02 #3,a36bc29f-82ba-4a74-bfa8-d58309a5cb6d,OVLT,,Image,Polygon,1113.4,1791.3,159,0,0,0,159,0,0,0,0,0,52614.8,961.92
Image_12.vsi - 40x_02 #3,d3fe752e-cfc3-438a-97ab-8742209be836,AVPE,,Image,Polygon,1109.2,1610,1067,13,12,5,1037,2.812,4.873,2,2,4,695924.8,4185.6
Image_12.vsi - 40x_02 #3,119dcbd0-aa55-4bf4-a4c6-cdba68ae2de2,MnPO,,Image,Polygon,1146.1,667.02,505,10,5,2,488,3.366,5.149,2,1,3,311668.2,2751.4
Image_12.vsi - 40x_02 #3,23e7c4bc-7e11-400a-a9d8-0c2b7c74730f,LPO,,Image,Rectangle,353.87,614.65,670,3,0,7,660,1.493,3.582,2,3,5,600371.3,3118.3
Image_12.vsi - 40x_03 #5,30b8b8f4-3bf8-4570-8836-0b66b9a466fe,AVPE,,Image,Polygon,806.41,1889.6,1248,22,20,7,1199,3.926,6.651,2,2,4,697136,3822.3
Image_12.vsi - 40x_03 #5,9117169b-3a35-4d54-9cc0-0c09852c499a,MnPO,,Image,Polygon,921.11,966.23,671,9,7,1,654,2.534,3.875,2,1,3,296418,2800.1
Image_12.vsi - 40x_03 #5,bd7afb56-b288-4113-814e-ee661cdc7936,LPO,,Image,Rectangle,335.86,946.38,936,7,15,3,911,2.671,4.915,2,2,4,572678,3048.5
Image_13.vsi - 40x_01 #1,5d5aba36-7e6a-4e1d-b927-409aedc20c0c,AVPE_x05,,Image,Polygon,995.32,2087,643,0,0,0,643,0,0,0,0,0,358182.4,2749.2
Image_13.vsi - 40x_01 #1,9d5216a3-3f43-49f4-87e6-b7429393ce95,MnPO,,Image,Polygon,847.19,648.5,555,8,2,4,541,2.523,4.324,2,2,4,322442,2720.7
Image_13.vsi - 40x_01 #1,e6336c18-56c7-4451-bda7-5bf34d7668e6,LPO,,Image,Rectangle,1890.1,1412,837,8,7,4,818,2.27,4.062,2,2,4,600006.6,3103.2
Image_13.vsi - 40x_01 #1,686f653e-02fe-4d7a-801b-f0c77842e59a,OVLT,,Image,Polygon,678.93,2222.5,318,0,0,0,318,0,0,0,0,0,104345.2,1236.6
Image_13.vsi - 40x_02 #3,9465a9f0-3264-42b0-b15a-25294d1c927b,OVLT,,Image,Polygon,659.97,2269.5,315,0,0,0,315,0,0,0,0,0,93701.8,1186.8
Image_13.vsi - 40x_02 #3,12d80226-8a7d-4864-a5e2-476e558f432f,AVPE_x05,,Image,Polygon,921.48,1999.6,716,1,4,1,710,0.838,1.676,1,2,3,367385.3,2524.3
Image_13.vsi - 40x_02 #3,d70c9367-3ba8-4ea5-8800-c892ada0d985,MnPO,,Image,Polygon,636.71,1095.1,621,0,0,0,621,0,0,0,0,0,353158.5,2776.9
Image_13.vsi - 40x_02 #3,328f005b-8dbb-4f2e-b84a-fee73803e19f,LPO,,Image,Rectangle,1788.5,1345.2,789,5,6,7,771,2.281,4.816,2,2,4,632442.3,3181.1
Image_14.vsi - 40x_01 #1,2bc12a86-7133-4d2a-8b3b-ea3b89332076,MnPO,,Image,Polygon,1466.4,1050.9,615,9,45,17,544,11.54,24.39,3,2,5,287300.9,2436.1
Image_14.vsi - 40x_01 #1,63028e1f-3445-401d-b103-9e243218f9c2,LPO,,Image,Rectangle,616.3,810.18,1030,22,17,10,981,4.757,8.35,2,2,4,609654.2,3134
Image_14.vsi - 40x_01 #1,3bd86c98-3c66-4f89-a89f-0530d02c1990,AVPE,,Image,Polygon,1425.4,1997.9,1392,31,78,37,1246,10.49,21.41,3,2,5,723086.5,5426.8
Image_14.vsi - 40x_02 #3,98a8e974-9869-44db-992a-28cdd26303f2,MnPO,,Image,Polygon,1842.7,811.44,653,10,36,26,581,11.03,24.5,3,2,5,311745.7,2603
Image_14.vsi - 40x_02 #3,090dd5b0-92a3-400b-b954-b0a4ab9a4785,AVPE,,Image,Geometry,1645.6,1646.1,1163,8,46,30,1079,7.223,16.34,2,2,4,854979.8,5576.2
Image_14.vsi - 40x_02 #3,fd843739-d31c-40ed-89dc-1b06b2aa3ddd,LPO,,Image,Rectangle,572.64,845.35,703,11,12,8,672,4.41,8.393,2,2,4,577417.3,3044.1
Image_14.vsi - 40x_03 #5,66f978b9-e699-40a9-a3a4-656b7c7dc613,MnPO,,Image,Polygon,1694.6,1151.5,801,11,60,19,711,11.24,23.47,3,2,5,332773.6,2709.2
Image_14.vsi - 40x_03 #5,bdea2c73-5ffc-4cd6-bdf2-7da7442d623c,AVPE,,Image,Geometry,1492.5,2070.7,1276,10,42,35,1189,6.818,15.6,2,2,4,833087.2,5915.1
Image_16.vsi - 40x_01 #1,1234bbfe-10da-48dd-b00a-041f42487641,OVLT,,Image,Polygon,1263.3,1925.2,151,0,0,0,151,0,0,0,0,0,38218.1,696.92
Image_16.vsi - 40x_01 #1,f4f7c97b-3d54-4839-a10d-9a78b920d18e,AVPE,,Image,Polygon,1309.2,1679.8,1792,3,4,3,1782,0.558,1.116,1,2,3,706822.2,3855
Image_16.vsi - 40x_01 #1,128efac2-0cf0-4366-a14a-cd0ddf53003d,MnPO,,Image,Polygon,1257.4,777.38,783,110,12,3,658,15.96,18.26,3,1,4,292977.8,2540.9
Image_16.vsi - 40x_01 #1,1f1a578d-54b2-4bd4-a1fa-4890f9e21812,LPO,,Image,Rectangle,481.06,931.86,1124,40,0,0,1084,3.559,3.559,2,1,3,605354.2,3115.4
Image_16.vsi - 40x_02 #3,345492d9-78c6-495f-bb30-39b1e799d6c1,OVLT,,Image,Polygon,1243.8,1856.1,255,1,0,0,254,0.3922,0.3922,1,1,2,70057.1,1145.7
Image_16.vsi - 40x_02 #3,fd7ac7ad-5cfa-42b4-b5c3-967d01c77b3e,AVPE,,Image,Polygon,1247.5,1657.3,1430,50,20,51,1309,8.462,16.99,2,2,4,694145.4,4351.8
Image_16.vsi - 40x_02 #3,4d57ed8e-6ec7-433d-a955-8c97f1e3768f,MnPO,,Image,Polygon,1295.4,755.74,658,14,15,8,621,5.623,10.33,2,2,4,297963.5,2895.4
Image_16.vsi - 40x_02 #3,6310c3d3-9143-4035-b118-348c02dea030,LPO,,Image,Rectangle,421.42,888.12,904,5,4,2,893,1.217,2.102,2,2,4,594800.3,3089.5
Image_16.vsi - 40x_03 #5,62b45833-709f-4cc4-a64d-fbe24a2b718b,OVLT,,Image,Polygon,1666.1,2331.1,364,2,0,0,362,0.5495,0.5495,1,1,2,82111,1107.9
Image_16.vsi - 40x_03 #5,f5c85d4f-7e2b-4dcc-a34d-22d19ce1ef74,AVPE,,Image,Polygon,1640.7,1946.7,1421,37,13,50,1321,7.037,14.99,2,2,4,707028.6,4846.7
Image_16.vsi - 40x_03 #5,7859180a-bfb5-44e4-9576-e1a4e3ac1d67,MnPO,,Image,Polygon,1609.6,1008.5,742,22,6,10,704,5.121,8.625,2,2,4,307027.7,2496.6
Image_16.vsi - 40x_03 #5,7bc4e5a9-819c-4acf-8e03-1e56f24dc4e6,LPO,,Image,Rectangle,616.15,1135.9,1029,10,5,4,1010,1.846,3.11,2,2,4,602142.7,3108.7
Image_17.vsi - 40x_01 #1,e10cd648-45dc-471f-b5e8-d1270cd5228f,OVLT,,Image,Polygon,1178.5,1500.7,187,0,0,0,187,0,0,0,0,0,62034.7,947.09
Image_17.vsi - 40x_01 #1,66dbee48-a060-46d7-b3cf-6c37babb0409,MnPO,,Image,Polygon,1159.8,509.32,542,6,23,9,504,7.011,14.58,2,2,4,278508.7,2360
Image_17.vsi - 40x_01 #1,a5e9ab5f-ce6c-4482-ba5b-6853ba707e90,AVPE,,Image,Polygon,1157,1312.5,1218,9,47,13,1149,5.665,11.66,2,2,4,694822.2,4050.1
Image_17.vsi - 40x_01 #1,5e2735e9-1fee-42f8-9dc8-aa94b55c01b1,LPO,,Image,Rectangle,2053.9,495.19,814,8,7,0,799,1.843,2.703,2,1,3,606602.9,3115.7
Image_17.vsi - 40x_02 #3,a8a09cb8-7631-4f48-9dd1-fa75f6a89143,AVPE,,Image,Polygon,1325.5,1734.6,1436,14,109,60,1253,12.74,28.69,3,2,5,693721.9,4191.3
Image_17.vsi - 40x_02 #3,940ae37f-9c84-449c-baea-0c7e74e040c5,MnPO,,Image,Polygon,1317.9,907.88,659,17,37,15,590,10.47,20.64,3,2,5,297633.8,2664.9
Image_17.vsi - 40x_02 #3,ba336b67-4c63-4129-ab3a-ae440ba08320,OVLT,,Image,Polygon,1340.6,1810.5,171,2,1,0,168,1.754,2.339,2,1,3,45377.1,844.54
Image_17.vsi - 40x_02 #3,a3975b21-4128-49b8-bb40-4de883ae8a3b,LPO,,Image,Rectangle,396.42,881.65,983,8,9,4,962,2.136,3.866,2,2,4,606309.3,3116.8
Image_17.vsi - 40x_03 #5,158356e3-540b-4eea-bc8e-80f96950411d,OVLT,,Image,Polygon,1808.4,1659.4,371,7,6,0,358,3.504,5.121,2,1,3,87139.6,1530.7
Image_17.vsi - 40x_03 #5,4a6cf2b3-cd45-443c-bfd8-838175f959d3,AVPE,,Image,Polygon,1791.1,1530.5,1557,22,97,50,1388,10.85,23.51,3,2,5,709353.4,4714.4
Image_17.vsi - 40x_03 #5,a0472e48-8798-4b21-817e-e5daf85694a5,MnPO,,Image,Polygon,1783.6,681.51,690,10,42,38,600,13.04,30.14,3,2,5,287789.6,2841.8
Image_17.vsi - 40x_03 #5,9224f990-1f42-4ab6-913f-bb6f1b9f1138,LPO,,Image,Rectangle,752.57,636.58,963,10,6,2,945,1.869,2.908,2,1,3,605326.4,3123.6
Image_18.vsi - 40x_01 #1,871b08b8-ad0a-49b3-ba20-71ec0330bf68,AVPE_x05,,Image,Polygon,1116.8,1186.4,600,21,13,20,546,9,17.83,2,2,4,350353.9,2551
Image_18.vsi - 40x_01 #1,3b21e6c6-d13c-41dc-8daf-17bb8646a824,OVLT,,Image,Geometry,783.69,1443.4,262,0,0,0,262,0,0,0,0,0,52419.5,3012.9
Image_18.vsi - 40x_01 #1,8badef19-4f4d-4068-941d-f6553aaa64d4,LPO,,Image,Rectangle,1723.1,433.42,680,1,8,11,660,2.941,7.353,2,3,5,603855.7,3116.7
Image_18.vsi - 40x_02 #3,ecc2bb50-d3b5-46bf-8308-b287554da516,AVPE_x05,,Image,Polygon,1004.2,1288.1,477,9,9,17,442,7.338,16.35,2,2,4,351670.5,2592.9
Image_18.vsi - 40x_02 #3,9aee4a89-2875-49eb-9819-977c6e276344,LPO,,Image,Rectangle,1615.9,638.68,713,10,12,10,681,4.488,8.976,2,2,4,605725.6,3120.6
Image_18.vsi - 40x_03 #5,4adc820c-74a0-4285-a9f8-d8b1d8bcdf71,AVPE_x05,,Image,Polygon,1073.1,1482.3,569,7,7,16,539,5.272,12.13,2,2,4,356494.9,2973.9
Image_18.vsi - 40x_03 #5,adb405bd-eb2c-4bf8-b7ec-139888048ac4,LPO,,Image,Rectangle,1581.6,643.17,874,11,12,14,837,4.233,8.81,2,2,4,605349.2,3156.4
Image_19.vsi - 40x_01 #1,9d197b1e-9b9d-4b0b-b350-06bf766853bd,OVLT,,Image,Polygon,1217,706.53,197,1,1,0,195,1.015,1.523,2,1,3,76899.3,1061.1
Image_19.vsi - 40x_01 #1,9f26b2f2-44f8-481d-a72a-cddd12fbccd1,AVPE,,Image,Polygon,1356.6,873.91,1095,40,24,13,1018,7.032,11.6,2,1,3,700321.3,4149.5
Image_19.vsi - 40x_01 #1,700b5dc6-58f9-46c4-9da7-ac63912b3a5a,MnPO,,Image,Polygon,1684.6,1607.1,456,10,9,6,431,5.482,10.09,2,2,4,300826.8,2559.4
Image_19.vsi - 40x_01 #1,89276f04-bc7e-4f2f-b6c1-e5e197ad8335,LPO,,Image,Rectangle,795.11,1947.6,670,9,8,4,649,3.134,5.522,2,2,4,602895.1,3122.3
Image_19.vsi - 40x_02 #3,9099c6f5-1e72-4f61-a14c-ea00c3f2d35f,OVLT,,Image,Geometry,2156.5,1901,259,0,0,0,259,0,0,0,0,0,44493.6,1690.7
Image_19.vsi - 40x_02 #3,c0841735-0669-4cce-a363-09d6032e9d6c,AVPE,,Image,Polygon,1968.9,1585,1304,53,32,18,1201,7.899,13.11,2,1,3,704697.1,3969
Image_19.vsi - 40x_02 #3,287c0a1d-c72d-48a5-9569-b34a5da664c4,MnPO,,Image,Polygon,1789.6,614.73,545,8,18,4,515,5.505,10.28,2,2,4,300353.3,2857.9
Image_19.vsi - 40x_02 #3,cfb7a437-0a31-42c2-afeb-034221238185,LPO,,Image,Rectangle,929.59,1077.6,720,11,7,1,701,2.639,3.889,2,1,3,607306.1,3117.8
Image_19.vsi - 40x_03 #5,19c2f6c4-ef1e-43a5-81b8-93389272bc4c,OVLT,,Image,Polygon,2037.5,2210.9,472,2,1,0,469,0.6356,0.8475,1,1,2,122795,1907.1
Image_19.vsi - 40x_03 #5,5fa35133-22a0-46cb-9ab8-46c8bec198b5,AVPE,,Image,Polygon,1836.2,1754.1,1318,54,37,24,1203,8.725,15.17,2,2,4,707973,5020.3
Image_19.vsi - 40x_03 #5,3e7cec9b-7808-4853-8be2-a9ad600093d1,MnPO,,Image,Polygon,1749.6,829.42,611,15,19,5,572,6.383,11.13,2,2,4,300048.5,2704.7
Image_19.vsi - 40x_03 #5,d0a14019-7268-4ed0-839e-300395430587,LPO,,Image,Rectangle,2704.2,912.61,908,16,16,13,863,4.956,9.581,2,2,4,605459.8,3112.5
Image_20.vsi - 40x_02 #3,fbb01968-b3fe-4cdd-b120-9585c639d598,OVLT,,Image,Polygon,1063.7,2013.8,352,20,3,0,329,6.534,7.386,2,1,3,79323.8,1212.3
Image_20.vsi - 40x_02 #3,aaaa4c46-5acb-4292-b7c4-5c610c84028e,AVPE_x05,,Image,Polygon,1296.3,1658.4,781,35,20,15,711,8.963,15.36,2,2,4,354329,2386.5
Image_20.vsi - 40x_02 #3,9037f3df-834c-42a5-a8b7-10d17e96da9d,LPO,,Image,Rectangle,1819.3,979.89,1040,6,11,4,1019,2.019,3.846,2,2,4,587745.1,3066.7
Image_20.vsi - 40x_03 #5,377c9808-3c4d-4bd2-9929-ef049cbc5037,OVLT,,Image,Polygon,736.23,1989.6,392,0,1,0,391,0.2551,0.5102,1,2,3,99597.8,1314.2
Image_20.vsi - 40x_03 #5,4aedfca2-1341-453b-8d29-2209ad208752,AVPE_x05,,Image,Polygon,973.03,1532,676,24,9,16,627,7.249,13.31,2,2,4,344158.2,2490.6
Image_22_01.vsi - 40x_01 #1,2b18b6d1-e16d-4af4-9350-7967ae045a14,AVPE_x05,,Image,Polygon,1386.8,1440.8,776,8,55,24,689,11.21,24.48,3,2,5,356705.2,2744.8
Image_22_01.vsi - 40x_01 #1,5563f79a-0e5c-449b-8ca9-b2c42e96a02b,OVLT,,Image,Polygon,1582.7,1863.9,381,7,1,0,373,2.1,2.362,2,1,3,83025.8,1296.9
Image_22_01.vsi - 40x_01 #1,9d9c6022-790d-431d-bce8-a09fc485bc8f,MnPO_x05,,Image,Polygon,1700.6,786.99,302,10,4,10,278,7.947,15.89,2,2,4,135109.2,1759.5
Image_22_01.vsi - 40x_02 #3,ae9333b3-a5c4-4020-8202-8941c2a0d408,MnPO_x05,,Image,Polygon,1453.6,299.9,390,12,17,7,354,9.231,17.18,2,2,4,167018.2,1659.3
Image_22_01.vsi - 40x_02 #3,daec21b0-b5e7-47a8-a008-8ce42e589f1f,AVPE_x05,,Image,Polygon,1098.5,1047.2,712,12,44,11,645,9.41,18.68,2,2,4,347513.6,2566.1
Image_22_01.vsi - 40x_02 #3,7b4787fb-b2e7-4707-84a5-5a923a6fc7d2,LPO,,Image,Rectangle,380.02,396.82,872,2,4,0,866,0.6881,1.147,1,1,2,603208.4,3107.4
Image_22_01.vsi - 40x_03 #5,cc2712ce-0035-4804-9aff-1c13e82f4ccb,AVPE_x05,,Image,Polygon,632.44,758.27,733,11,59,12,651,11.19,22.51,3,2,5,355016.9,3057.3
Image_23.vsi - 40x_01 #1,bde5c577-a5f2-4238-a79f-6515e189d087,OVLT,,Image,Polygon,1406.9,1956.5,147,0,0,0,147,0,0,0,0,0,45710.8,766.07
Image_23.vsi - 40x_01 #1,1cf94332-db4c-4a17-8af1-9ac91083e328,AVPE,,Image,Polygon,1422.1,1662.3,1188,17,7,10,1154,2.862,5.135,2,2,4,704442.9,3780.4
Image_23.vsi - 40x_01 #1,8d99c08c-73a1-48e4-af78-1637579f0f6d,MnPO,,Image,Polygon,1527.5,701.65,525,6,6,0,513,2.286,3.429,2,1,3,306427.1,2494.2
Image_23.vsi - 40x_01 #1,5b7d35d9-c120-4770-b38b-171bf1caedf1,LPO,,Image,Rectangle,2432.2,703.86,828,10,6,3,809,2.295,3.744,2,1,3,606440.5,3124.5
Image_23.vsi - 40x_02 #3,aa4acee0-572b-4b94-86e7-a58fcc5bba05,OVLT,,Image,Polygon,1483,2322.9,428,2,1,0,425,0.7009,0.9346,1,1,2,120742.9,1307.1
Image_23.vsi - 40x_02 #3,ae05511c-fc02-4824-a25f-d178f270d1f3,AVPE,,Image,Polygon,1550.2,1688,1481,30,33,12,1406,5.064,8.913,2,2,4,701854.5,3361.6
Image_23.vsi - 40x_02 #3,3ff2acf8-2911-4629-8cbf-89d470fbf109,MnPO,,Image,Polygon,1515.8,745.29,609,5,11,1,592,2.791,4.926,2,2,4,319829.6,2686.5
Image_23.vsi - 40x_03 #5,10b3751e-26b7-4fa1-86fe-b31373099374,AVPE,,Image,Polygon,1415.6,1811.6,1441,45,25,12,1359,5.69,9.091,2,1,3,698368,4348.7
Image_23.vsi - 40x_03 #5,a44517f0-1e99-4743-87e9-bbbd70db6ea8,MnPO,,Image,Polygon,1486.6,886.72,715,15,14,4,682,4.615,7.692,2,1,3,291814.3,2976.3
Image_23.vsi - 40x_03 #5,629750a4-5916-4032-a248-ca25edc76389,OVLT,,Image,Polygon,1372.2,2185.4,597,1,0,0,596,0.1675,0.1675,1,1,2,141700,1654
Image_23.vsi - 40x_03 #5,22e5b5b1-1a40-4a04-ab6a-dcbd71f34e55,LPO,,Image,Rectangle,582.04,789.5,934,10,5,5,914,2.141,3.747,2,2,4,601641.1,3103.1
Image_24.vsi - 40x_02 #3,fc373c42-10cb-47f0-81e9-fac890b9670c,OVLT,,Image,Polygon,1042.7,2037,317,0,0,,317,0,0,0,0,0,95311.8,1244.1
Image_24.vsi - 40x_02 #3,ae3ade58-fa89-4f10-b014-31acc016ec70,AVPE,,Image,Polygon,997.97,1715.1,1100,39,1,,1060,3.636,3.727,2,1,3,714904.7,3965.4
Image_24.vsi - 40x_02 #3,47fdf0e0-7fe8-43d3-85da-d4d57887afe8,MnPO,,Image,Polygon,1144.4,801.17,416,9,0,,407,2.163,2.163,2,1,3,303587.1,2767.5
Image_24.vsi - 40x_02 #3,bc0459b8-a207-40bf-9729-fbdd9fda11a3,LPO,,Image,Rectangle,352.58,840.09,691,22,5,,664,3.907,4.631,2,1,3,607157.4,3132.4
Image_24.vsi - 40x_03 #5,2730be27-97fc-4f67-999c-9b7b08e5286b,OVLT,,Image,Polygon,1380.1,2240.8,192,0,0,0,192,0,0,0,0,0,48548.7,887.43
Image_24.vsi - 40x_03 #5,75d97135-b5c2-48f0-be8f-612244f58bc7,AVPE,,Image,Geometry,1411.5,1816.1,1391,24,11,0,1356,2.516,3.307,2,1,3,709530.1,4682.2
Image_24.vsi - 40x_03 #5,40f4c691-ac0f-431d-901a-a9dbd112e47c,MnPO,,Image,Polygon,1405.1,938.44,646,5,4,1,636,1.548,2.477,2,1,3,324196.3,2582.5
Image_24.vsi - 40x_03 #5,e5673de0-d66a-4e65-897f-5714cf959e5c,LPO,,Image,Rectangle,449.75,1079.6,811,13,5,3,790,2.589,3.946,2,1,3,606784.3,3119
Image_24.vsi - 40x_04 #7,178557bb-b99a-48a6-b1d8-7b09429cf5f6,OVLT,,Image,Polygon,1604,2414.7,490,174,0,0,316,35.51,35.51,4,1,5,112351.2,1386.6
Image_24.vsi - 40x_04 #7,1f64399f-758d-446c-9ce9-8d8e9e4fb288,MnPO,,Image,Polygon,1571.2,1070.5,667,342,7,0,318,52.32,53.37,4,1,5,282521.2,2558.6
Image_24.vsi - 40x_04 #7,3e37a596-fc69-46db-b560-074fde048ac4,AVPE,,Image,Polygon,1543.6,1901.1,1458,983,40,2,433,70.3,73.32,5,1,6,705765.1,4322.8
Image_24.vsi - 40x_04 #7,80b406ac-4f15-457d-953b-588f101e8cf2,LPO,,Image,Rectangle,430.58,1295.7,911,299,6,1,605,33.59,34.47,4,1,5,651013.7,3227.4
Image_25_01.vsi - 40x_01 #1,601983af-ac13-47e8-9b98-c8b4080d257c,OVLT,,Image,Polygon,1251.4,1542.3,229,0,0,0,229,0,0,0,0,0,66565.7,959.66
Image_25_01.vsi - 40x_01 #1,6e5c37e4-b314-40ff-9a58-c6e9a79462ba,AVPE,,Image,Polygon,1340.3,1195.9,1384,52,45,16,1271,8.165,13.73,2,2,4,677536.1,3497.8
Image_25_01.vsi - 40x_01 #1,4043e341-382c-4db4-b8db-b20b580a3cc8,LPO,,Image,Rectangle,2238,539.43,954,14,11,5,924,3.145,5.346,2,2,4,620358.2,3151.2
Image_25_01.vsi - 40x_02 #3,7e7f742a-9aed-4158-9722-71ad5f3e1428,AVPE,,Image,Polygon,1350.6,936.88,1389,45,23,7,1314,5.4,8.063,2,1,3,695470.2,3840.8
Image_25_01.vsi - 40x_02 #3,d564c084-7515-4f36-9645-f743cac78746,OVLT,,Image,Polygon,1311.6,1260.2,325,0,0,1,324,0.3077,0.9231,1,3,4,95970.7,1183
Image_25_01.vsi - 40x_02 #3,1b8247df-f04d-4f16-8981-a17ff8ab66a1,LPO,,Image,Rectangle,387.74,386.51,887,5,8,4,870,1.917,3.72,2,2,4,599460,3097
Image_25_01.vsi - 40x_03 #5,bdcfd1a4-fc65-4740-8033-41e8a11d4170,AVPE,,Image,Geometry,1602.2,1378.6,1426,52,30,15,1329,6.802,11.01,2,1,3,700394.5,5079.7
Image_25_01.vsi - 40x_03 #5,7f56b992-093e-409b-9d03-043747c3ad5a,MnPO,,Image,Polygon,1687.9,582.13,538,4,6,4,524,2.602,5.204,2,2,4,316030.6,2423.1
Image_25_01.vsi - 40x_03 #5,e2730851-7656-4886-8a87-8173ca230730,LPO,,Image,Rectangle,657.6,534.38,1023,11,11,8,993,2.933,5.572,2,2,4,602298.8,3104.4
Image_26.vsi - 40x_01 #1,ab291fa6-a6f8-430f-a691-c17e24c9cd1a,OVLT,,Image,Polygon,1842.9,1099.6,248,7,1,2,238,4.032,6.048,2,1,3,63078.7,1153
Image_26.vsi - 40x_01 #1,e6bdf93d-eeac-440d-94a7-ff89a9d3b240,AVPE,,Image,Polygon,1518.3,1121,1495,54,49,12,1380,7.692,12.58,2,1,3,703858.4,4015.1
Image_26.vsi - 40x_01 #1,5afea237-7e49-4763-bc9f-111c8c10c9de,MnPO,,Image,Polygon,654.11,1114.8,452,9,4,3,436,3.54,5.752,2,1,3,290678.1,2607.5
Image_26.vsi - 40x_01 #1,d8d70601-0bba-40a5-86ce-e6c5a057101e,LPO,,Image,Rectangle,645.53,2040.3,1001,21,7,4,969,3.197,4.695,2,1,3,606026.8,3114.5
Image_26.vsi - 40x_02 #3,6fd82a07-a9a7-416b-9582-c272aea8ae6e,OVLT,,Image,Geometry,562.24,1298.1,255,1,1,1,252,1.176,2.353,2,2,4,41127.6,1164.5
Image_26.vsi - 40x_02 #3,ed9eed6e-69e0-48cc-bb2b-9a309a7a1a63,AVPE,,Image,Polygon,835.07,1268.6,1602,60,58,28,1456,9.114,16.23,2,2,4,692455.1,4106.2
Image_26.vsi - 40x_02 #3,839dd739-accf-4cf4-93ce-5bc08c774c12,MnPO,,Image,Polygon,1665.7,1281.4,448,1,3,1,443,1.116,2.232,2,2,4,286308.7,2437.6
Image_26.vsi - 40x_02 #3,d14c9f0f-0c7e-4dea-b938-4b45f0aaed88,LPO,,Image,Rectangle,1568.4,311.92,912,13,13,2,884,3.07,4.934,2,1,3,607620.2,3195.7
Image_26.vsi - 40x_03 #5,c8c204a4-7b87-49ce-878a-609f6bc57dbc,OVLT,,Image,Polygon,2133.8,1661.4,332,4,2,1,325,2.108,3.313,2,1,3,91839,1569.1
Image_26.vsi - 40x_03 #5,b28a5dcb-2cfc-4d63-9a67-1805a526ef22,AVPE,,Image,Polygon,2019.3,1680.7,1646,78,59,18,1491,9.417,15.19,2,1,3,693825.1,4675.7
Image_26.vsi - 40x_03 #5,02e404ea-b0ec-4534-9003-2f4cd74d2d2f,MnPO,,Image,Polygon,1103.6,1654.7,612,16,14,1,581,5.065,7.68,2,1,3,296615.7,2520.6
Image_26.vsi - 40x_03 #5,eb1b1922-6a10-42b4-8777-8707a588c53c,LPO,,Image,Rectangle,933.39,2605.3,1135,38,16,7,1074,5.374,8.018,2,1,3,706249.1,3364.1
Image_27.vsi - 40x_02 #3,363af4b2-2b74-4375-a031-e5c6ec9cdc8c,OVLT,,Image,Polygon,575.64,1344,323,9,5,1,308,4.644,6.811,2,1,3,87480.8,1147.4
Image_27.vsi - 40x_02 #3,a1556c87-bebd-42de-aec1-4a02d8f4ee73,AVPE,,Image,Polygon,877.92,1270.9,1566,184,184,20,1178,24.78,39.08,3,1,4,706461.2,4008.4
Image_27.vsi - 40x_02 #3,f978717d-3aef-4599-bdfd-021c352c3d94,MnPO,,Image,Polygon,1794.7,1124.2,669,66,39,1,563,15.84,21.97,3,1,4,315276.9,2838.1
Image_27.vsi - 40x_02 #3,cab69d8a-9d63-4abc-a0d1-2956464ee066,LPO,,Image,Rectangle,2104.4,2175.2,1087,33,16,3,1035,4.784,6.808,2,1,3,601600.6,3106
Image_27.vsi - 40x_03 #5,abfa8bda-3eb6-40a3-9285-e33c63a64d05,AVPE,,Image,Polygon,2433.3,1892.6,1383,92,28,6,1257,9.111,12,2,1,3,702366.1,4387.9
Image_27.vsi - 40x_03 #5,8ffc60bc-4931-4d73-9aff-03992a928a14,MnPO,,Image,Polygon,1654.6,1834.7,427,27,5,0,395,7.494,8.665,2,1,3,203940.9,2235.6
Image_27.vsi - 40x_03 #5,44e1e936-522f-4738-b80d-e5b78887ab9f,LPO,,Image,Rectangle,1603.5,2864.8,849,87,7,1,754,11.19,12.25,3,1,4,599441.5,3097
Image_27.vsi - 40x_04 #7,2770b16b-d725-4149-a5b3-462dd4f9ca1b,AVPE,,Image,Polygon,774.08,1331.1,1575,198,126,21,1230,21.9,32.57,3,1,4,702366.4,4361.1
Image_27.vsi - 40x_04 #7,53e3c3be-7f27-4fb3-92a2-180cb36041a6,MnPO,,Image,Polygon,1659.3,1336.7,593,31,18,1,543,8.432,11.8,2,1,3,293082.5,2575.4
Image_27.vsi - 40x_04 #7,a1f2de32-1482-4bc8-940a-fd0d6c1d546e,LPO,,Image,Rectangle,1341.8,409.32,1056,103,50,1,902,14.58,19.51,3,1,4,605234.3,3120.1
Image_29.vsi - 40x_02 #3,7bbe0f13-1bd9-49ee-bd31-260e507edd8c,OVLT,,Image,Polygon,1768.3,1901.3,265,0,0,0,265,0,0,0,0,0,71983.7,973.44
Image_29.vsi - 40x_02 #3,77987f50-ba27-44da-9466-cd59697818fa,AVPE,,Image,Polygon,1778.5,1583.7,1547,31,16,4,1496,3.297,4.848,2,1,3,710676.1,3849.5
Image_29.vsi - 40x_02 #3,003efafe-9889-4b05-a1d3-2710e258932f,MnPO,,Image,Polygon,1820.4,677.89,540,9,5,1,525,2.778,4.074,2,1,3,309239.9,2575.9
Image_29.vsi - 40x_02 #3,5ab833b2-c23e-4e6f-8b13-20e59ec47525,LPO,,Image,Rectangle,1075.4,668.25,476,4,9,1,462,2.941,5.252,2,2,4,305069.8,2209.7
Image_29.vsi - 40x_03 #5,a2bfd4da-6ab3-40bd-bd0d-a7a48e45d042,AVPE,,Image,Polygon,1469.3,1849,1564,36,10,2,1516,3.069,3.964,2,1,3,706406.8,4245.4
Image_29.vsi - 40x_03 #5,9d0abf03-f1a9-4686-bcc8-286b7ec41a24,MnPO,,Image,Polygon,1578.5,1063.2,666,10,7,2,647,2.853,4.505,2,1,3,308644.9,2459.7
Image_29.vsi - 40x_03 #5,b4e1d19a-fd8d-4efd-b81a-478e5f61e102,LPO,,Image,Rectangle,660.53,1056.5,955,19,8,5,923,3.351,5.236,2,1,3,617950.7,3146.7
Image_29.vsi - 40x_03 #5,5fec7fff-669f-454e-9ebf-7777f6fac1b2,OVLT,,Image,Polygon,1495.4,2298.4,189,0,0,0,189,0,0,0,0,0,55192.3,1059.1
Image_29.vsi - 40x_04 #7,0210aafe-39ac-4a89-81e7-4b1e93635617,AVPE,,Image,Polygon,1424.1,1942.2,1581,50,20,12,1499,5.187,7.97,2,1,3,702641.2,4550.2
Image_29.vsi - 40x_04 #7,a93ffa01-d172-41bd-85a7-828d510a4d41,MnPO,,Image,Polygon,1473.9,1100.6,719,14,6,3,696,3.199,4.868,2,1,3,294230.9,2687.7
Image_29.vsi - 40x_04 #7,9c47828e-5d50-48a3-8a85-0f34c9ad8681,OVLT,,Image,Polygon,1456.3,2380.4,261,18,11,1,231,11.49,16.48,3,1,4,45771.9,890.56
Image_29.vsi - 40x_04 #7,bdba1ca2-ea59-4534-8929-586aba03ec09,LPO,,Image,Rectangle,571.39,1147.8,967,14,11,3,939,2.896,4.654,2,1,3,605927.7,3114.8
Image_31.vsi - 40x_01 #1,29fb4aec-de1b-418d-8bc3-8cca699f66b1,OVLT,,Image,Polygon,1493.8,2087.1,237,0,0,,237,0,0,0,0,0,56508.1,1170.8
Image_31.vsi - 40x_01 #1,5163c4b0-a6a5-4a10-9843-7ae47e2e9e2d,AVPE,,Image,Polygon,1474.2,1916.1,1498,54,10,,1434,4.272,4.94,2,1,3,708954.9,4289.1
Image_31.vsi - 40x_01 #1,578925ad-9ed3-494f-b2b0-9a1cfa545ec6,MnPO,,Image,Polygon,1405.8,1067.7,618,0,0,,618,0,0,0,0,0,295077.1,2513.4
Image_31.vsi - 40x_01 #1,6df1545b-796d-42e2-8ba8-eb42d1a6187f,LPO,,Image,Rectangle,394.55,1328.3,871,3,0,,868,0.3444,0.3444,1,1,2,597817.5,3093.4
Image_31.vsi - 40x_02 #3,cf2cae6f-bc81-4941-9c73-39f5dafa2b9c,OVLT,,Image,Polygon,1930.2,2520.5,476,3,1,0,472,0.8403,1.05,1,1,2,96505.8,1798.7
Image_31.vsi - 40x_02 #3,07d74c93-d621-48da-b11f-077286c0e9ec,AVPE,,Image,Polygon,1935,2354.7,1737,130,25,7,1575,9.326,11.57,2,1,3,700773.8,4786.5
Image_31.vsi - 40x_02 #3,e1eeac65-c5c1-4038-94fd-cd7dd865d3d0,MnPO,,Image,Geometry,1825.8,1154.3,951,42,8,1,900,5.363,6.414,2,1,3,331742,3384.6
Image_31.vsi - 40x_02 #3,62ff5c45-5d20-456e-9f74-d2c743fc288b,LPO,,Image,Rectangle,641.79,1827.5,1006,18,4,0,984,2.187,2.584,2,1,3,603379.9,3112.6
Image_32.vsi - 40x_01 #1,f3228b47-c673-4a6e-9b1d-96c3b523f01b,OVLT,,Image,Polygon,1629,1898.2,308,0,0,0,308,0,0,0,0,0,69091.8,1281.1
Image_32.vsi - 40x_01 #1,d15b91a4-ecf5-4565-acbe-20f8a7da5d92,AVPE,,Image,Polygon,1626.6,1654.7,1626,27,13,5,1581,2.768,4.182,2,1,3,707741.9,4177
Image_32.vsi - 40x_01 #1,4454d4d0-9f32-494e-bcea-9d3e105faaff,MnPO,,Image,Polygon,1610.4,795.27,498,3,1,1,493,1.004,1.606,2,1,3,293011.4,2555.8
Image_32.vsi - 40x_01 #1,ce300033-8829-4bce-8a00-d7b7f242c614,LPO,,Image,Rectangle,2682.7,756.31,866,3,4,0,859,0.8083,1.27,1,1,2,602392.1,3107.4
Image_32.vsi - 40x_02 #3,ca03ad49-b3be-4164-a22f-263897bca27f,AVPE,,Image,Polygon,1449.2,1365.4,1573,23,27,5,1518,3.497,5.849,2,2,4,702712.3,4753.8
Image_32.vsi - 40x_02 #3,2a17ddcd-d0c6-46ef-8add-67db858e15d0,MnPO,,Image,Polygon,1418.1,555.43,560,9,5,4,542,3.214,5.536,2,2,4,293580,2600.4
Image_32.vsi - 40x_02 #3,0aa90152-d102-40fb-be1f-9c76dc571e67,LPO,,Image,Rectangle,417.19,621.01,867,2,2,2,861,0.692,1.384,1,2,3,602319.3,3106.1
Image_32.vsi - 40x_03 #5,34cfbb14-b7af-452a-9de1-15e6d028bf0a,AVPE,,Image,Polygon,1866,1736.2,1428,38,29,19,1342,6.022,10.71,2,2,4,709478.6,5339.2
Image_32.vsi - 40x_03 #5,74af7bbb-8301-4337-bdad-26bf35e8cbf0,MnPO,,Image,Polygon,1839.1,873.17,734,12,6,3,713,2.861,4.496,2,1,3,319546.7,2419
Image_32.vsi - 40x_03 #5,ac999a3a-3542-43d5-bc4d-6ddeaddf254f,LPO,,Image,Rectangle,775.3,753.3,1100,10,4,0,1086,1.273,1.636,2,1,3,699091.3,3361.9
Image_34.vsi - 40x_01 #1,320edd4d-ae9c-40da-99c3-2c5cefcf134c,OVLT,,Image,Polygon,1860.7,2405.7,473,4,0,3,466,1.48,2.748,2,2,4,119073.2,1542.9
Image_34.vsi - 40x_01 #1,4f54efd2-869f-45e7-9604-29c4083409fe,AVPE,,Image,Polygon,1782.5,1972.7,1718,101,21,48,1548,9.895,16.71,2,2,4,700846.3,4038.4
Image_34.vsi - 40x_01 #1,0b1ce47b-74ed-4650-833f-94bed35b0753,MnPO,,Image,Polygon,1596.2,963.99,674,15,1,3,655,2.819,3.858,2,1,3,326740.4,2708.4
Image_34.vsi - 40x_01 #1,ce98259d-6022-4165-9516-8206af8bf8b2,LPO,,Image,Rectangle,644.54,1245.2,971,16,4,8,943,2.884,4.943,2,2,4,595586.1,3088.8
Image_34.vsi - 40x_02 #3,b8e1830d-5ad0-4842-90b9-61d921e4bfb3,OVLT,,Image,Polygon,2342.1,2857.2,428,0,1,0,427,0.2336,0.4673,1,2,3,84340.4,1511.1
Image_34.vsi - 40x_02 #3,ddb1ffe7-263a-40d3-bc01-97e828b7b6d7,LPO,,Image,Rectangle,1371.1,1503.5,1158,2,12,6,1138,1.727,3.8,2,2,4,602591.1,3108.4
Image_34.vsi - 40x_02 #3,80113ba3-be7b-4c5f-b0e5-418d4df7c5f5,AVPE,,Image,Polygon,2342.1,2665.5,1658,247,28,25,1358,18.09,22.8,3,1,4,669019.7,5737.6
Image_34.vsi - 40x_02 #3,c8d6afa1-5821-4c9c-9293-c98cc70f7e81,MnPO,,Image,Polygon,2206.5,1741.4,773,1,13,5,754,2.458,5.433,2,2,4,328001.4,2602
Image_34.vsi - 40x_03 #5,a9857723-0cf3-4fdc-9774-8f066e566dfd,AVPE,,Image,Polygon,2079.7,2714,1695,144,15,29,1507,11.09,15.4,3,1,4,699699.6,4747.6
Image_34.vsi - 40x_03 #5,4569fa7a-c923-4a7f-a34f-73dd6450ed01,MnPO,,Image,Polygon,1954.7,1749,790,69,16,13,692,12.41,17.72,3,1,4,299399.7,2996
Image_34.vsi - 40x_03 #5,b395a6b4-e429-43b4-b366-13b43616008c,LPO,,Image,Rectangle,1094.5,2009.2,1209,29,12,1,1167,3.474,4.632,2,1,3,600188.3,3119.1
Image_35.vsi - 40x_01 #1,525d520d-35c5-48a7-b5e6-ded192cc04fb,OVLT,,Image,Polygon,1719.3,1454.7,427,1,5,0,421,1.405,2.576,2,2,4,112204,1374.9
Image_35.vsi - 40x_01 #1,660b208f-4184-4d88-84db-e23516ab728e,AVPE,,Image,Polygon,1573.6,1532.2,1387,6,37,9,1335,3.749,7.714,2,2,4,700395.5,4709.9
Image_35.vsi - 40x_01 #1,4cc08a95-93d5-4e67-9436-1b262bd7b2d2,MnPO,,Image,Polygon,781.16,1395.2,670,3,7,1,659,1.642,2.985,2,2,4,306664.2,2225.6
Image_35.vsi - 40x_01 #1,98a9ffba-8a11-42f8-88cb-b613a258f963,LPO,,Image,Rectangle,741.1,2177.4,949,0,2,0,947,0.2107,0.4215,1,2,3,599070.4,3097.2
Image_35.vsi - 40x_02 #3,73b8e927-0608-4069-9c6d-305ef7c71a80,OVLT,,Image,Geometry,458.47,843.3,282,1,0,0,281,0.3546,0.3546,1,1,2,53591.9,2516
Image_35.vsi - 40x_02 #3,7aaf2e5b-14c6-46a8-99f6-4996ad2f7534,AVPE,,Image,Polygon,555.97,818.35,1846,145,53,2,1646,10.83,13.92,3,1,4,706843.5,4446.2
Image_35.vsi - 40x_02 #3,68b19116-1704-4013-85be-c0e6df79ed55,MnPO,,Image,Polygon,1346.5,911.5,765,112,32,4,617,19.35,24.58,3,1,4,294667.5,2291.1
Image_35.vsi - 40x_02 #3,ac3c320e-b49d-4a36-ad98-acae543a639b,LPO,,Image,Rectangle,1101.2,1652.1,973,72,9,4,888,8.736,10.48,2,1,3,469206.3,2740.1
Image_35.vsi - 40x_03 #5,a49031fa-3c2d-4066-8b93-9297b622a870,MnPO,,Image,Polygon,680.68,1263.6,701,4,9,1,687,1.997,3.566,2,2,4,297764.5,2048.7
Image_35.vsi - 40x_03 #5,b6dc6a89-780c-42d9-b7bc-dbdb568e59b9,AVPE,,Image,Geometry,1459.2,1359.1,1671,15,70,6,1580,5.446,10.35,2,2,4,707251.8,4820.9
Image_35.vsi - 40x_03 #5,65028248-f9de-427b-a0f8-1b00c315bb23,LPO,,Image,Rectangle,754.75,2155.9,1176,6,28,3,1139,3.146,6.037,2,2,4,604650.6,3111.2
Image_36.vsi - 40x_01 #1,efecdd02-403f-4254-b4f6-dd3ff7183491,OVLT,,Image,Polygon,594.02,2066.4,111,0,0,,111,0,0,0,0,0,24471.3,590.69
Image_36.vsi - 40x_01 #1,87a4e204-5821-41b6-99b6-f8c2f5fcdcb0,AVPE_x05,,Image,Polygon,742.14,1624.2,795,2,2,,791,0.5031,0.7547,1,1,2,346047.7,2491.6
Image_36.vsi - 40x_02 #3,1aefec60-225d-4996-962d-ff98fdcb4f54,OVLT,,Image,Polygon,727.47,1819.9,233,0,0,0,233,0,0,0,0,0,70038.8,983.54
Image_36.vsi - 40x_02 #3,02ad54dc-0151-49ef-9f13-bf9a80f15d75,AVPE,,Image,Polygon,726.54,1536.9,1672,5,15,1,1651,1.256,2.273,2,2,4,702194,4194.7
Image_36.vsi - 40x_02 #3,bf69adac-67ad-4822-8e15-893d98d962cd,LPO,,Image,Rectangle,1920.1,707.93,880,2,4,1,873,0.7955,1.477,1,2,3,604853.7,3124.9
Image_36.vsi - 40x_03 #5,b81abda4-59d7-4fd4-8b2a-152d7c51f1d9,AVPE,,Image,Polygon,919.23,1828.4,1983,13,46,14,1910,3.681,7.413,2,2,4,706433.8,4309.4
Image_36.vsi - 40x_03 #5,de9aa413-d4f7-4667-986e-79d1a15839ab,LPO,,Image,Rectangle,1792,823.65,953,0,16,8,929,2.518,5.876,2,2,4,587654.4,3070.6
Image_37.vsi - 40x_01 #1,4de5e8bb-7ebb-409f-b83f-d8588e917256,AVPE,,Image,Polygon,1489.6,2246.2,1232,2,3,,1227,0.4058,0.6494,1,1,2,706485.1,4071.6
Image_37.vsi - 40x_01 #1,1da158ab-5543-41a9-a22b-64043a890b63,MnPO,,Image,Geometry,1443,1130.8,707,2,3,,702,0.7072,1.132,1,1,2,284113.6,3193.8
Image_37.vsi - 40x_01 #1,b285bffb-a5cd-4ad8-b785-33350c3ebaba,LPO,,Image,Rectangle,471.74,1744.2,872,1,0,,871,0.1147,0.1147,1,1,2,590352.8,3094.7
Image_37.vsi - 40x_04 #7,0b0108a0-9ed3-41e1-9f47-ca9b57582b7c,OVLT,,Image,Polygon,2001,2217,143,0,0,0,143,0,0,0,0,0,35242.4,787.8
Image_37.vsi - 40x_04 #7,e032c616-aabc-476f-8e55-a326d5cbac1e,AVPE,,Image,Geometry,1962.2,2056.7,1569,56,52,4,1457,7.138,10.96,2,1,3,731768.7,6248.2
Image_37.vsi - 40x_04 #7,2a802e7b-5f9f-4f5c-ac25-990c0385cba4,MnPO,,Image,Polygon,1933.4,1200.4,689,2,6,2,679,1.451,2.903,2,2,4,313981,2202
Image_37.vsi - 40x_04 #7,0f3ea32c-800c-443b-aa62-43c616fffdf5,LPO,,Image,Rectangle,847.21,1335.1,1192,0,3,0,1189,0.2517,0.5034,1,2,3,610384.2,3129.1
Image_05.vsi - 40x_01 #1,e65d0f78-2762-4437-b8b6-d88583e7f16e,OVLT,,Image,Polygon,1756.5,2412.9,332,0,0,0,332,0,0,0,0,0,89031.3,1389.7
Image_05.vsi - 40x_01 #1,f01b327b-b1aa-40cb-aba3-5cb79b2df815,AVPE,,Image,Polygon,1723.2,2107.2,1498,9,24,5,1460,2.537,4.806,2,2,4,709700.2,3999.4
Image_05.vsi - 40x_01 #1,25c6b61b-bbd0-45e4-9c30-b0a7879f4e56,MnPO,,Image,Polygon,1711.4,1203.8,741,4,2,0,735,0.8097,1.08,1,1,2,355543.6,3063.8
Image_05.vsi - 40x_01 #1,b0373cd3-a5fe-4574-a50e-59dfc5fcc728,LPO,,Image,Rectangle,818.14,1434.8,870,2,4,0,864,0.6897,1.149,1,1,2,610051.3,3134
Image_05.vsi - 40x_02 #3,734fe4d7-1eea-4340-91fc-bb43be622ec4,OVLT,,Image,Polygon,1649.5,2161,339,0,0,0,339,0,0,0,0,0,78512.4,1625.7
Image_05.vsi - 40x_02 #3,ab74caab-bdda-4a2d-94bb-8665b984b75e,AVPE,,Image,Polygon,1645.9,1835.3,1505,5,22,6,1472,2.193,4.452,2,2,4,707282.3,4412.2
Image_05.vsi - 40x_02 #3,0aea7a42-2fa0-46de-8322-23d61857aefd,MnPO,,Image,Polygon,1446.3,898.98,703,28,4,1,670,4.694,5.548,2,1,3,316084.3,2874.9
Image_05.vsi - 40x_02 #3,d2566e62-1042-4331-a240-d350706173e9,LPO,,Image,Rectangle,2351.1,991.99,883,8,8,3,864,2.152,3.737,2,2,4,617409.9,3147.6
Image_05.vsi - 40x_03 #5,2a21ca6a-8daa-410f-a9ca-591fcd7900dd,AVPE,,Image,Geometry,1490.9,1563.3,1511,13,30,24,1444,4.434,9.596,2,2,4,720863.5,4941.8
Image_05.vsi - 40x_03 #5,a9f34b1e-1dd3-4710-ae63-4f6e04ca491d,OVLT,,Image,Polygon,1581.7,1791.5,179,0,0,0,179,0,0,0,0,0,54305.2,1223.9
Image_05.vsi - 40x_03 #5,72a747fa-a500-40af-866d-98a6d4fe870d,MnPO,,Image,Polygon,1487.6,724.08,632,9,6,2,615,2.69,4.272,2,1,3,276866.9,2526.1
Image_05.vsi - 40x_03 #5,ad28d4f0-61fa-47f9-96f9-3e2689e4a24a,LPO,,Image,Rectangle,2597.7,798.26,955,13,9,4,929,2.723,4.503,2,1,3,613515.6,3255.7
Image_09_01.vsi - 40x_01 #1,94beef05-7815-45f0-9774-bb1e300cd520,OVLT,,Image,Polygon,1247.8,1473.9,350,1,0,0,349,0.2857,0.2857,1,1,2,107576,1330.5
Image_09_01.vsi - 40x_01 #1,53d7ae40-e3b6-49cb-99d5-699a9cd2a948,AVPE,,Image,Polygon,1195.7,1178.7,1318,29,18,14,1257,4.628,8.118,2,2,4,703808,4113.5
Image_09_01.vsi - 40x_01 #1,10f5e1c0-dd0b-4f52-ac95-c88c05fe1c4d,MnPO,,Image,Geometry,1203.1,403.45,695,82,12,1,600,13.67,15.68,3,1,4,329727.4,3172.3
Image_09_01.vsi - 40x_01 #1,c33b163b-35ca-4149-8138-67449ab2c09a,LPO,,Image,Rectangle,2083.1,476.58,863,4,3,2,854,1.043,1.854,2,2,4,606790.8,3116.6
Image_09_01.vsi - 40x_02 #3,c97b55e4-7dbc-45f6-838c-6302f1e73989,AVPE,,Image,Polygon,1584.8,1685.1,1380,31,29,10,1310,5.072,8.623,2,2,4,702395.5,4196.5
Image_09_01.vsi - 40x_02 #3,401aaa5b-c54a-4841-84fb-f02c9a381ee9,MnPO,,Image,Polygon,1604.9,821.53,627,4,3,1,619,1.276,2.073,2,1,3,322561.7,2606.6
Image_09_01.vsi - 40x_02 #3,250307cf-323e-4053-a3df-39470031e433,OVLT,,Image,Polygon,1614.8,1963.1,363,0,0,0,363,0,0,0,0,0,102208,1430.9
Image_09_01.vsi - 40x_02 #3,81b0415d-8567-4986-a405-fc65ce88e0c3,LPO,,Image,Rectangle,761.97,894.21,881,6,2,0,873,0.9081,1.135,1,1,2,617257.4,3152.8
Image_09_01.vsi - 40x_03 #5,1387a192-0e20-40e2-9cfd-0536178d7332,LPO,,Image,Rectangle,650.06,1093.1,995,3,7,9,976,1.91,4.422,2,2,4,605168.5,3111.9
Image_09_01.vsi - 40x_03 #5,e2b57ad6-2c28-48e7-aa06-8b1e33b05135,AVPE,,Image,Geometry,1508.1,1711.3,1747,10,24,58,1655,5.266,13.28,2,3,5,706922.5,5701.8
Image_09_01.vsi - 40x_03 #5,d79e7bb0-3e99-4d48-8e1f-64eebe37befb,MnPO,,Image,Polygon,1478.1,762.15,792,10,10,7,765,3.409,6.439,2,2,4,320191.2,2729.2
Image_06.vsi - 40x_01 #1,f3c68af2-084f-40a9-a741-aa1415576d7c,OVLT,,Image,Geometry,1387,1799.8,396,0,1,0,395,0.2525,0.5051,1,2,3,95228.6,2574.4
Image_06.vsi - 40x_01 #1,386d7c06-25cd-4c26-8d73-a5f8dee5ea87,AVPE,,Image,Geometry,1397.3,1537.1,1447,33,21,9,1384,4.354,7.049,2,1,3,705496.8,5030.8
Image_06.vsi - 40x_01 #1,36c6f2c0-ca66-4287-b8d5-61366358b024,MnPO,,Image,Geometry,1399.8,667.66,724,11,9,2,702,3.039,4.834,2,1,3,441526.6,5437.5
Image_06.vsi - 40x_01 #1,eb7c39e1-93ad-4b54-ab1a-2f6932793d1c,LPO,,Image,Rectangle,478.54,592.2,821,3,12,4,802,2.314,4.75,2,2,4,598234.8,3116.1
Image_06.vsi - 40x_02 #3,9270396a-c04c-44ac-9f2f-591f69d2917e,AVPE,,Image,Geometry,1019.3,1198.7,1705,45,31,8,1621,4.927,7.683,2,1,3,708833.9,5140.7
Image_06.vsi - 40x_02 #3,eab1029f-4a40-457a-bd8a-c4c9e3583a3d,OVLT,,Image,Geometry,1028.3,1498,120,0,0,0,120,0,0,0,0,0,21193.9,1957.6
Image_06.vsi - 40x_02 #3,fd7e8697-d441-4c42-a90e-25dadcc1b010,MnPO,,Image,Geometry,1141.1,424.71,630,10,11,6,603,4.286,7.937,2,2,4,302544.9,3937.5
Image_06.vsi - 40x_02 #3,048ee74b-0fb1-4c25-90e2-412b432e0a5d,LPO,,Image,Rectangle,1999.1,534.47,1047,8,6,6,1027,1.91,3.629,2,2,4,618644.6,3147.6
Image_06.vsi - 40x_03 #5,0e76c717-a835-42f9-905f-c6eecb246e94,cAVPE,,Image,Polygon,1620.6,1600.2,1409,18,21,14,1356,3.762,7.239,2,2,4,751985.1,5351.3
Image_06.vsi - 40x_03 #5,27b328a3-a77c-453d-96cf-c15e803988c4,MnPO,,Image,Geometry,1649.9,719.69,799,5,12,4,778,2.628,5.131,2,2,4,372327.6,4430.2
Image_06.vsi - 40x_03 #5,0813a384-8208-452e-aeab-773321bca01c,LPO,,Image,Rectangle,700.69,658.02,1019,7,7,8,997,2.159,4.416,2,2,4,628451.2,3183
Image_07.vsi - 40x_01 #1,756b4565-ce4e-4cae-a913-ef027535f28e,OVLT,,Image,Geometry,724.97,1528.2,488,0,0,0,488,0,0,0,0,0,148032.8,3763.1
Image_07.vsi - 40x_01 #1,8d289d7e-2b14-4794-8b68-6a98d54ee796,AVPE_x05,,Image,Polygon,973.85,1080.9,444,5,5,5,429,3.378,6.757,2,2,4,353157.3,2577
Image_07.vsi - 40x_01 #1,d0a87b8b-64c3-4700-acf8-2c40eb0dbc11,MnPO_x05,,Image,Polygon,744.22,294.31,164,0,4,0,160,2.439,4.878,2,2,4,144206.4,1583.9
Image_07.vsi - 40x_01 #1,ac3d1447-8beb-4c71-a663-c4c5eb1dfaff,LPO,,Image,Rectangle,1842.2,458.89,469,6,2,3,458,2.345,4.051,2,2,4,602099.7,3135.8
Image_07.vsi - 40x_02 #3,edf096cd-e542-4a2e-b2bc-2edaa5e513dc,OVLT,,Image,Polygon,734.02,1546.4,322,1,1,0,320,0.6211,0.9317,1,1,2,85419,1119
Image_07.vsi - 40x_02 #3,99e62ee1-2b48-4822-b67d-80a8c5c33fdd,AVPE_x05,,Image,Polygon,988.86,1280.5,634,24,15,14,581,8.36,15.14,2,2,4,372574.4,2720.7
Image_07.vsi - 40x_02 #3,332edc81-ffab-47d2-980d-e87d3e085ffd,MnPO_x05,,Image,Polygon,759.76,423.76,263,1,1,1,260,1.141,2.281,2,2,4,162690,1839.9
Image_07.vsi - 40x_02 #3,4a610cc0-9b88-49bb-842b-d564767c9c07,LPO,,Image,Rectangle,1654.2,606.16,647,8,6,5,628,2.937,5.41,2,2,4,608335.4,3171.7
Image_07.vsi - 40x_03 #5,b7d00a1e-afc1-4189-bb8d-c0560b9ad3b6,OVLT,,Image,Polygon,831.82,1853.7,156,1,1,0,154,1.282,1.923,2,1,3,39465.2,939.91
Image_07.vsi - 40x_03 #5,516db5cf-69be-4b85-a82a-2b0505dabf09,MnPO_x05,,Image,Polygon,1041,1584.6,663,15,14,15,619,6.637,13.27,2,2,4,347642.2,2395.4
Image_07.vsi - 40x_03 #5,e9e063e0-a622-4ae4-8e86-a2f2e0d0a559,MnPO_x05,,Image,Polygon,779.66,851.61,289,8,5,5,271,6.228,11.42,2,2,4,182423.5,2127
Image_07.vsi - 40x_03 #5,c1c4eb69-931f-4233-b33f-efce3f070547,LPO,,Image,Rectangle,1579.8,889.09,711,5,9,7,690,2.954,6.188,2,2,4,605086.3,3111.6
Image_07.vsi - 40x_04 #7,a9e37155-720f-4c09-b0b8-bf40803005b8,AVPE_x05,,Image,Polygon,823.73,2135.7,707,14,27,25,641,9.335,20.23,2,2,4,337880.3,2353
Image_07.vsi - 40x_04 #7,65712bf4-8883-464b-be1f-34419fcec913,OVLT,,Image,Geometry,594.74,2538.7,244,0,0,0,244,0,0,0,0,0,40497.1,1450
Image_07.vsi - 40x_04 #7,00b6b79f-2ca6-43c1-9f77-462f58df6e35,MnPO_x05,,Image,Polygon,549.88,1286.5,412,9,11,12,380,7.767,16.26,2,2,4,217868,2613.9
Image_07.vsi - 40x_04 #7,334936f6-a836-42ec-9b4a-e9eefd9bb915,LPO,,Image,Rectangle,1404.7,1363.6,800,3,14,3,780,2.5,5,2,2,4,606384.3,3114.8
Image_08.vsi - 40x_02 #3,00b2ede6-9faa-48c6-aa5a-1e3aa4d39b90,OVLT,,Image,Geometry,537.38,1188.1,243,1,0,0,242,0.4115,0.4115,1,1,2,43480.4,2745.4
Image_08.vsi - 40x_02 #3,e220e085-0631-478d-8a34-fdd88291da76,AVPE,,Image,Polygon,730.11,1127.1,1559,23,69,12,1455,6.671,12.64,2,2,4,701913.1,4243.6
Image_08.vsi - 40x_02 #3,bdfcaa18-317d-4b5b-8e01-cc3b5b3deb4c,MnPO,,Image,Polygon,1588.8,1142.6,592,11,5,1,575,2.872,4.054,2,1,3,310622.2,2698.8
Image_08.vsi - 40x_02 #3,3431c460-2676-4735-855d-fcd7bdb4cfb2,LPO,,Image,Rectangle,1461.6,393.81,863,14,9,3,837,3.013,4.751,2,1,3,623247.3,3165.8
Image_08.vsi - 40x_03 #5,2657328f-5bad-4d65-9644-2189fb3d7fa4,AVPE,,Image,Polygon,2403.2,1529.6,1412,17,85,33,1277,9.561,20.25,2,2,4,701313.3,4704.4
Image_08.vsi - 40x_03 #5,50e3952a-8c4b-4a2f-a092-0eca49bfa77e,MnPO,,Image,Polygon,1598.8,1523.4,683,11,5,4,663,2.928,4.832,2,1,3,311928.6,2705.8
Image_08.vsi - 40x_03 #5,35269af6-df3b-48e3-b225-456462d5ca6f,LPO,,Image,Rectangle,1444.1,2368.4,996,20,10,11,955,4.116,7.329,2,2,4,605125,3129.1
Image_08.vsi - 40x_04 #7,aa733241-e4fb-4343-ac20-adb2c7ca64ff,MnPO,,Image,Polygon,1898.3,1391,673,11,13,9,640,4.903,9.51,2,2,4,304732,2466.9
Image_08.vsi - 40x_04 #7,dec81ead-deed-40dd-a518-d7f190a4bd19,LPO,,Image,Rectangle,1668.9,454.77,965,5,15,23,922,4.456,10.78,2,3,5,583440.8,3055.4
Image_08.vsi - 40x_04 #7,a2ebb051-65f7-4659-8753-e1b300d5a437,AVPE,,Image,Geometry,962.45,1433,2386,39,92,70,2185,8.424,18.15,2,2,4,666627.2,5735.2
Image_01.vsi - 40x_01 #1,3cd7dc49-0e96-495d-813e-58f01c246db9,AVPE,,Image,Polygon,907.25,1314.5,1408,13,53,31,1311,6.889,15.06,2,2,4,700707.2,4361.9
Image_01.vsi - 40x_01 #1,a9db874b-eaa4-4896-9c9f-5a0e2cb49bf7,MnPO,,Image,Polygon,1850.4,1284.5,503,8,10,0,485,3.579,5.567,2,1,3,331877.4,2721.8
Image_01.vsi - 40x_01 #1,6e8361f3-3afb-4b71-ab4b-4e7a552dc0b7,LPO,,Image,Rectangle,1522.3,465.65,962,16,13,15,918,4.574,9.044,2,2,4,705042.2,3378.4
Image_01.vsi - 40x_01 #1,838dbddb-9c7e-4f66-94f3-dbc6fab5b40b,OVLT,,Image,Polygon,708.05,1315.2,168,1,0,0,167,0.5952,0.5952,1,1,2,31841.7,898.93
Image_01.vsi - 40x_02 #3,0693acfe-c12a-4bb7-aeb6-deded5fcbbd1,OVLT,,Image,Polygon,1792.9,1294.3,218,1,1,0,216,0.9174,1.376,1,1,2,58569.6,1630.5
Image_01.vsi - 40x_02 #3,200797ca-cf5f-43ca-bb66-a9af92b48477,MnPO,,Image,Polygon,754.71,1282,464,8,16,8,432,6.897,13.79,2,2,4,237572.1,2435.6
Image_01.vsi - 40x_02 #3,86111bd8-03e9-4873-950a-1dffcd3ef4dd,AVPE,,Image,Polygon,1589.6,1308.9,1801,31,113,48,1609,10.66,22.27,3,2,5,807992.7,4423.5
Image_01.vsi - 40x_02 #3,7483041d-9cbc-4a3f-b646-e4a2d4118233,LPO,,Image,Rectangle,1113.9,2299,968,17,16,12,923,4.649,8.781,2,2,4,691150.5,3372.4
Image_01.vsi - 40x_03 #5,6f1cb438-a166-4262-9049-630d44d56b0f,OVLT,,Image,Polygon,694.36,1490.6,177,0,0,0,177,0,0,0,0,0,63707.4,1679.6
Image_01.vsi - 40x_03 #5,ab07588f-48f5-4cce-9df1-4e7927bc6613,AVPE,,Image,Geometry,767.97,1466.8,1515,23,92,45,1355,10.56,22.57,3,2,5,680600,4669.6
Image_01.vsi - 40x_03 #5,b0abf499-5315-482a-b363-cf6f20353df9,MnPO,,Image,Polygon,1677.3,1537.3,546,51,29,7,459,15.93,23.81,3,1,4,301747.7,2509.4
Image_01.vsi - 40x_03 #5,5de920e8-7d2c-4e29-a289-51299c5703f9,LPO,,Image,Rectangle,1526.2,758.35,893,11,16,16,850,4.815,10.19,2,2,4,620243.9,3164.5
Image_02.vsi - 40x_01 #1,c5c77f51-e8dd-4563-8cb0-dfaa43225260,AVPE,,Image,Geometry,821.92,1361.5,1118,109,105,18,886,20.75,33.36,3,1,4,681331.9,5357.4
Image_02.vsi - 40x_02 #3,f6cacc6b-b0bf-4a83-825a-a7e7be5b001f,MnPO,,Image,Geometry,1677.6,617.8,486,27,8,0,451,7.202,8.848,2,1,3,214748.7,3347.4
Image_02.vsi - 40x_02 #3,f5d528f4-9d42-4f24-a135-4118e398ac2b,LPO,,Image,Rectangle,2744.9,1112.5,975,42,19,2,912,6.462,8.821,2,1,3,615362.1,3137.9
Image_02.vsi - 40x_02 #3,6070fb07-142b-4029-88c2-6d5bf10b1f67,OVLT,,Image,Polygon,1647,1921.7,219,0,0,0,219,0,0,0,0,0,53627.2,2533.8
Image_02.vsi - 40x_02 #3,a71aa5ad-9858-415b-b5fb-781bf40769da,AVPE,,Image,Geometry,1717.7,1679.2,1173,63,70,5,1035,11.76,18.58,3,1,4,694801.9,6171.5
Image_02.vsi - 40x_03 #5,fd4aafd7-b09e-43aa-a8cb-2dfbd5627cc0,AVPE,,Image,Geometry,1965.7,1472.3,1303,246,128,6,923,29.16,39.91,3,1,4,709010.7,5740.8
Image_03.vsi - 40x_02 #3,346cad1e-967c-44c8-9abc-67adf5ab2ab1,OVLT,,Image,Polygon,390.43,1096.4,203,2,3,0,198,2.463,3.941,2,1,3,67577.3,1047.9
Image_03.vsi - 40x_02 #3,41e0b118-aa1a-4f31-aa77-730d202a4890,AVPE,,Image,Geometry,508.61,1126.1,1027,33,47,53,894,12.95,27.85,3,2,5,471692.2,3649.6
Image_03.vsi - 40x_02 #3,ea3f7948-d57c-4fdc-8433-776a5d7430db,MnPO,,Image,Polygon,1116.5,1122.2,348,11,11,1,325,6.609,10.34,2,1,3,145072.7,1676.3
Image_03.vsi - 40x_02 #3,09c3cf4b-25af-4cfe-a715-7edadd532063,LPO,,Image,Rectangle,1018.3,408.76,792,17,10,15,750,5.303,10.35,2,2,4,487437.2,2809.6
Image_03.vsi - 40x_03 #5,4ce62467-dd8d-48f5-ad23-373403c1f547,OVLT,,Image,Polygon,2319.5,1454.1,443,5,4,2,432,2.483,4.289,2,2,4,104967.9,2002.5
Image_03.vsi - 40x_03 #5,6d5bb981-e324-4a5c-9724-413ca08b9339,MnPO,,Image,Polygon,1355.2,1344.8,506,15,17,23,451,10.87,23.32,3,2,5,202268.1,2224.4
Image_03.vsi - 40x_03 #5,8da0969d-b348-476f-9921-5db8f7d835ea,AVPE,,Image,Geometry,2144,1470.7,1586,68,70,90,1358,14.38,30.14,3,2,5,691514.5,4757.9
Image_03.vsi - 40x_03 #5,c2ad7481-18d4-414a-a2aa-8cb8af811829,LPO,,Image,Rectangle,1502.8,629.94,1062,12,19,29,1002,5.65,12.9,2,2,4,626621.9,3220.7
Image_04.vsi - 40x_01 #1,cf7e7158-b759-40a0-905b-53237091eded,OVLT,,Image,Polygon,2029.7,1438.7,440,9,2,0,429,2.5,2.955,2,1,3,108765,1596.8
Image_04.vsi - 40x_01 #1,ae8dc0d1-c637-4a0e-aabc-e6c733b1e529,AVPE,,Image,Polygon,1765.6,1339.6,1420,11,80,34,1295,8.803,19.23,2,2,4,704090.5,4621.2
Image_04.vsi - 40x_01 #1,f4efce2e-15e1-4fc3-ad84-0d206cd55396,MnPO,,Image,Polygon,1016.5,1314.3,386,5,4,2,375,2.85,4.922,2,2,4,281358.4,2398.2
Image_04.vsi - 40x_01 #1,95579a58-74d8-478a-bd70-c2e2991f47b1,LPO,,Image,Rectangle,1062.3,499.18,904,23,17,14,850,5.973,10.95,2,2,4,629081.1,3230.7
Image_04.vsi - 40x_02 #3,0fbaa4f4-2237-4b07-bbf1-7a8cfe315a43,OVLT,,Image,Polygon,709.54,1104,444,1,1,0,442,0.4505,0.6757,1,1,2,106175.1,1291.8
Image_04.vsi - 40x_02 #3,8f2b47a9-426b-4c85-b87a-8ae5050bbe56,AVPE,,Image,Polygon,963.56,1179.6,1411,12,74,47,1278,9.426,21.33,2,2,4,677537.4,4023.2
Image_04.vsi - 40x_02 #3,d9260745-b342-4c70-b876-8e6d85a9c2f9,MnPO,,Image,Polygon,1737,1180.3,393,2,6,3,382,2.799,5.852,2,2,4,289200.2,2413.6
Image_04.vsi - 40x_02 #3,49944203-482e-43bc-a5d1-789aa67d2048,LPO,,Image,Rectangle,1596.8,2085.3,732,13,11,8,700,4.372,8.06,2,2,4,621771.4,3175.5
Image_04.vsi - 40x_03 #5,80a28c83-ed3c-41d6-aac7-2d1c1cda2233,OVLT,,Image,Polygon,2129.9,1077.1,227,1,1,1,224,1.322,2.643,2,2,4,49186.8,1736.1
Image_04.vsi - 40x_03 #5,0410267b-457a-4d92-81e4-b4d48af7dcbf,AVPE,,Image,Polygon,1969.5,966.1,1498,24,75,75,1324,11.62,26.64,3,2,5,706791.7,4404.4
Image_04.vsi - 40x_03 #5,05eec87e-e89f-4de1-9ee7-843ee5569fdc,MnPO,,Image,Polygon,1106.7,1026.7,507,11,5,14,477,5.917,12.43,2,2,4,330431,2487.5
Image_04.vsi - 40x_03 #5,6098e41e-960a-4a92-9fe7-f5da98b95f08,LPO,,Image,Rectangle,1308,1922.1,941,10,25,24,882,6.27,14.03,2,2,4,639251.2,3253.5
