"","Name","Image","group","num_detections_mean","num1_mean","num2_mean","num3_mean","num_neg_mean","tot_num_pos_mean","num23_mean","fraq_pos_mean","area_mean","IBE_K","FOS_to_IBE_k_individual","trans_num_detections_mean","trans_tot_num_pos_mean","trans_num23_mean","trans_area_mean","ID","numFOSmm2"
"1","AVPE","Image_01.vsi","T40",39.6281724461635,4.65638238720224,9.16730624954687,6.40139050853497,37.7101336197795,12.1181249676735,11.1861429470269,3.04642378775235,853.650514204617,0.000207208854648656,1.59583470013172,NA,NA,NA,NA,NA,13103.8905979569
"2","AVPE","Image_02.vsi","IBE1",34.5942286230828,11.3539825278208,9.9757531767617,2.97606613580075,30.7726943594973,15.4908250086055,10.4422091490147,4.46150080982287,833.667941089539,0.000207208854648656,1.74737985774335,NA,NA,NA,NA,NA,12525.6215746614
"3","AVPE","Image_04.vsi","T40",37.9833907551822,3.89323529701984,8.73561707162872,7.11562017769691,36.0406816972175,11.9679361468142,11.3081756553157,3.14865875310886,834.312217747125,0.000207208854648656,1.7221140143473,NA,NA,NA,NA,NA,13553.8895568987
"4","AVPE","Image_05.vsi","IBE2",38.7899726314742,2.94720641765459,5.02220694014715,3.19484573528311,38.1921995118624,6.69810980712649,6.00837888587107,1.72646031113483,844.158213354718,0.000207208854648656,0.885534891148947,NA,NA,NA,NA,NA,7117.59808862552
"5","AVPE","Image_06.vsi","ENT",39.6655494236728,6.2263832895187,5.07517002889293,2.91421356237309,38.7318973769357,8.55120266155273,5.86111178672503,2.15315436500578,840.93065455281,0.000207208854648656,0.848004264003814,NA,NA,NA,NA,NA,6969.792045269
"6","AVPE","Image_07.vsi","A2",34.3371692783196,5.12732783752436,5.32932415452319,5.17494936472101,33.0615952366029,9.08732700303824,7.42864936268302,3.66970661851713,841.897286719588,0.000207208854648656,1.24016065895387,NA,NA,NA,NA,NA,8823.70032528361
"7","AVPE","Image_08.vsi","T40",41.9691538227301,5.05464504910959,9.0392771222788,5.85842150900551,40.2078608620045,11.9981453148552,10.8635675175194,2.85910912367001,830.573153421452,0.000207208854648656,1.50402846346892,NA,NA,NA,NA,NA,13079.6034915987
"8","AVPE","Image_09_01.vsi","IBE2",38.4165833504563,4.70506894337763,4.84226165994005,4.83990271760208,37.4432697192651,8.58950432929095,6.98574579534273,2.23272182958435,839.269959335937,0.000207208854648656,1.04564448703252,NA,NA,NA,NA,NA,8323.59804808232
"9","AVPE","Image_12.vsi","A2",34.7746045522011,4.09865567842914,4.09837883789267,2.29393976285479,34.2067080329725,6.24074119115002,4.70502985721234,1.792442295281,835.04037556113,0.000207208854648656,0.781959749323822,NA,NA,NA,NA,NA,5634.49384594207
"10","AVPE","Image_13.vsi","ENT",36.8513090054656,0.707106781186548,1.4142135623731,0.707106781186548,36.7718647584579,1.73205080756888,1.58113883008419,0.64730209330729,851.785487706128,0.000207208854648656,0.2430964061873,NA,NA,NA,NA,NA,1856.264109808
"11","AVPE","Image_14.vsi","IBE1",35.7111480737662,3.8528230492482,7.36494384928699,5.8253559628165,34.2095799666309,10.1918588055317,9.40552252307903,2.84584030814665,895.910737975305,0.000207208854648656,1.41875061636614,NA,NA,NA,NA,NA,10498.2808268766
"12","AVPE","Image_16.vsi","IBE2",39.2811718097844,4.96196038324419,3.35922907682119,5.3148490159924,38.2464701864781,8.05409255338946,6.33638500581157,2.10289337178904,838.243666580751,0.000207208854648656,0.92870659965848,NA,NA,NA,NA,NA,7559.12064526307
"13","AVPE","Image_17.vsi","IBE1",37.4177622300403,3.81069104886579,9.04827297036923,6.14086192658143,35.5168381915355,11.6114577071289,10.9567741151323,3.08112450833248,836.230284368086,0.000207208854648656,1.68993770413506,NA,NA,NA,NA,NA,13102.5798992822
"14","AVPE","Image_18.vsi","A1",33.0873873870682,4.82167959076703,4.36110586249534,5.93745382155815,31.8701570323725,8.83495726772295,7.3724903128964,3.77357335558505,840.041474565551,0.000207208854648656,1.28009645722158,NA,NA,NA,NA,NA,8776.34085472896
"15","AVPE","Image_19.vsi","A1",35.1686647024756,6.98437814598894,5.54619875511899,4.24905714938321,33.7486165204879,9.88255374908265,6.98802667269012,2.80537297048253,839.241906621758,0.000207208854648656,1.14262363439729,NA,NA,NA,NA,NA,8326.59405774834
"16","AVPE","Image_20.vsi","A1",38.1458491562197,7.64740174780813,5.28359800372802,5.56703991227202,36.5606388445906,10.8658272514054,7.71883403860312,4.02076732639478,835.733314710499,0.000207208854648656,1.16849912461731,NA,NA,NA,NA,NA,9236.00136878227
"17","AVPE","Image_22_01.vsi","IBE1",38.4732450578547,4.52979841512993,10.2439001641829,5.5058661585551,36.3737431613382,12.5243304453096,11.6580896198303,4.60130970080113,840.318066700615,0.000207208854648656,1.74026970406476,NA,NA,NA,NA,NA,13873.4249349227
"18","AVPE","Image_23.vsi","A2",36.9705481604068,5.4361783777229,4.46343798586754,3.36349363014796,36.1106197345883,7.8488636902757,5.63802402947175,2.10915001953518,837.587562486706,0.000207208854648656,0.878683563592823,NA,NA,NA,NA,NA,6731.26522167195
"19","AVPE","Image_25_01.vsi","A2",37.4112853198811,7.04346967811844,5.66042034362125,3.50624488575734,36.1185590426173,9.71308588412505,6.6652263944859,2.59643361218425,831.323374096151,0.000207208854648656,1.03427011115731,NA,NA,NA,NA,NA,8017.60975592993
"20","AVPE","Image_26.vsi","st64",39.753715866981,7.97539892903074,7.43230628457751,4.33274830812874,37.973129483769,11.7522502887823,8.61961085293149,2.95369960242273,834.687735750086,0.000207208854648656,1.25365370188872,NA,NA,NA,NA,NA,10326.7491347355
"21","AVPE","Image_27.vsi","T40",38.8158985014539,12.4091900974488,10.0270449162338,3.83473379757953,34.9491854131444,16.4989544616402,10.7460548016377,4.2253794253275,838.886113144594,0.000207208854648656,1.59267840708727,NA,NA,NA,NA,NA,12809.9090368247
"22","AVPE","Image_29.vsi","A1",39.5470504831022,6.21294405823183,3.87813787172265,2.29277172583695,38.7769750815676,7.70833893231859,4.53103060654324,1.94837302941494,840.577711208738,0.000207208854648656,0.65780431393701,NA,NA,NA,NA,NA,5390.3768159968
"23","AVPE","Image_31.vsi","A1",40.1906684645383,9.37511173967046,4.08113883008419,2.64575131106459,38.7772310617459,12.7279220613579,5.65685424949238,2.56036586915194,839.558464469437,0.000207208854648656,0.80907820980071,NA,NA,NA,NA,NA,6737.89198595867
"24","AVPE","Image_32.vsi","ENT",39.2578805309327,5.38546598299611,4.72895616843504,2.94367829951342,38.4522094499089,7.79934030503025,5.60923272229573,1.99591128340932,840.619623207276,0.000207208854648656,0.820292566223013,NA,NA,NA,NA,NA,6672.73588129483
"25","AVPE","Image_34.vsi","ENT",41.1125624652026,12.5887030888742,4.58235388776415,5.77112267913667,38.3385935262506,14.6900740289654,7.4066611109698,3.57634370556729,830.527454379304,0.000207208854648656,1.04685281284413,NA,NA,NA,NA,NA,8918.02079740419
"26","AVPE","Image_36.vsi","ENT",41.7652629439,2.61387308432126,4.21843777644423,2.37082869338697,41.3701365591157,6.56328972013669,5.87298334620742,1.34746750085537,836.796347426423,0.000207208854648656,0.81098993319764,NA,NA,NA,NA,NA,7018.41417481069
"27","AVPE","Image_37.vsi","IBE2",37.3552310951226,4.44876416796049,4.47157667924843,2,36.5996145721293,10.5830052442584,7.48331477354788,1.65436395435876,847.980740923749,0.000207208854648656,1.14011402216006,NA,NA,NA,NA,NA,8824.86407108246
"28","LPO","Image_01.vsi","T40",30.6706429352392,3.81324347199102,3.86851709182133,3.77902832044839,29.9447297837465,6.63296401250406,5.41328649791691,2.16305199922433,819.526058949942,9.44537492441217e-05,2.28011191261887,NA,NA,NA,NA,NA,6605.38666074017
"29","LPO","Image_02.vsi","IBE1",31.224989991992,6.48074069840786,4.35889894354067,1.4142135623731,30.199337741083,7.93725393319377,4.58257569495584,2.54204641971778,784.45018962328,9.44537492441217e-05,1.98071853554821,NA,NA,NA,NA,NA,5841.76759158736
"30","LPO","Image_04.vsi","T40",29.2659381913464,3.85455348631503,4.14657680532435,3.82302133236216,28.4369191315691,6.89548974190351,5.64222110212356,2.34630059596681,793.734339252583,9.44537492441217e-05,2.57153996863019,NA,NA,NA,NA,NA,7108.45030018046
"31","LPO","Image_05.vsi","IBE2",30.0380508681458,2.61606398752776,2.60947570824873,1.24401693585629,29.7557517116842,3.96913606663888,2.97405868860646,1.31586765391557,783.361508569421,9.44537492441217e-05,1.33812398862751,NA,NA,NA,NA,NA,3796.53411109987
"32","LPO","Image_06.vsi","ENT",30.9774187791801,2.40207641445989,2.85311422299517,2.42597228917646,30.6472506808769,4.50715021945456,3.77902832044839,1.4575216150231,784.248391846488,9.44537492441217e-05,1.6468804774085,NA,NA,NA,NA,NA,4818.66250506525
"33","LPO","Image_07.vsi","A2",25.5103642527675,2.31150891314951,2.65134017298255,2.08648022592553,25.1642984729953,4.18255884596287,3.41894959836821,1.63624158659707,778.12229259763,9.44537492441217e-05,1.82351348626207,NA,NA,NA,NA,NA,4393.84609706352
"34","LPO","Image_08.vsi","T40",30.6669261510913,3.48328710642444,3.34508700212527,3.28150237374567,30.0661598216939,6.01986075844254,4.73703043768752,1.9585054134584,777.063635407076,9.44537492441217e-05,2.10455432587346,NA,NA,NA,NA,NA,6096.06500914942
"35","LPO","Image_09_01.vsi","IBE2",30.2007087978745,2.06051351678402,1.93067189366885,1.47140452079103,30.0036168338066,3.39577535609562,2.5500938466243,1.11874800703319,780.850283543953,9.44537492441217e-05,1.14485913479959,NA,NA,NA,NA,NA,3265.79102340911
"36","LPO","Image_12.vsi","A2",29.5395975508742,2.56480896966296,2.23380349031787,1.79260070621116,29.2336342095275,4.21147120505599,3.29613066606129,1.41586846407474,767.132021594165,9.44537492441217e-05,1.53996387354706,NA,NA,NA,NA,NA,4296.69284201128
"37","LPO","Image_13.vsi","ENT",28.5100480466776,2.53224755112299,2.54762052692388,2.3228756555323,28.1837930229899,4.30076981532998,3.46108803290969,1.50847495058743,784.931669517121,9.44537492441217e-05,1.63743339403862,NA,NA,NA,NA,NA,4409.41315954153
"38","LPO","Image_14.vsi","IBE1",29.3038801194441,4.00352027508941,3.79360362037771,2.99535239245728,28.6219411601815,6.28388218141501,4.83414418885311,2.14052739534594,770.341676783952,9.44537492441217e-05,2.26721066075321,NA,NA,NA,NA,NA,6275.32474814923
"39","LPO","Image_16.vsi","IBE2",31.8902439499724,3.90763365266831,1.4120226591666,1.1380711874577,31.5292526751393,4.66669301807761,1.81649658092773,1.44946142130441,775.08554392371,9.44537492441217e-05,0.77805071267868,NA,NA,NA,NA,NA,2343.60787034176
"40","LPO","Image_17.vsi","IBE1",30.3052524489739,2.93971063655359,2.69841368461592,1.1380711874577,30.0078550622085,4.23273324276085,3.02657657042492,1.39539706048333,778.511021368979,9.44537492441217e-05,1.35815642635854,NA,NA,NA,NA,NA,3887.64768558165
"41","LPO","Image_18.vsi","A1",27.4474534882123,2.49296748350793,3.25221011834057,3.40685327909924,26.9057980472363,5.40391757826339,4.7161114056523,1.96361666839565,777.802393773866,9.44537492441217e-05,2.33880234665617,NA,NA,NA,NA,NA,6063.37990652087
"42","LPO","Image_19.vsi","A1",27.6167374292419,3.43887493011847,3.15805947860359,2.20185042515466,27.1095815461994,5.21655952366529,3.89256451567282,1.87367272258024,777.958213253075,9.44537492441217e-05,1.91817389752683,NA,NA,NA,NA,NA,5003.5650364765
"43","LPO","Image_20.vsi","A1",32.2490309931942,2.44948974278318,3.3166247903554,2,31.9217793990247,4.58257569495584,3.87298334620742,1.42091519803259,766.645354776248,9.44537492441217e-05,1.65849913690738,NA,NA,NA,NA,NA,5051.85784023667
"44","LPO","Image_22_01.vsi","IBE1",29.5296461204668,1.4142135623731,2,0,29.4278779391243,2.44948974278318,2,0.82951793229562,776.664921314205,9.44537492441217e-05,0.923249032860528,NA,NA,NA,NA,NA,2575.11308302141
"45","LPO","Image_23.vsi","A2",29.6682013598743,3.16227766016838,2.34277886014148,1.98405939253433,29.3376791111589,4.41551744927013,3.08113883008419,1.48907068881542,777.199084303127,9.44537492441217e-05,1.41471372716883,NA,NA,NA,NA,NA,3964.41387067109
"46","LPO","Image_25_01.vsi","A2",30.8846022766903,3.09811671820971,3.15389223515233,2.35483170074866,30.4683444092747,5.02585225857366,3.94100018622614,1.62352427940839,779.318451246738,9.44537492441217e-05,1.733525690336,NA,NA,NA,NA,NA,5056.98303424153
"47","LPO","Image_26.vsi","st64",31.8425609453473,4.78418032446293,3.41710086217619,2.0199882911459,31.2109471811772,6.25286884917607,3.99514655329185,1.95278205165861,799.454493227349,9.44537492441217e-05,1.66154373477064,NA,NA,NA,NA,NA,4997.34079567642
"48","LPO","Image_27.vsi","T40",31.5344804102933,8.40694442157302,4.57227304097669,1.24401693585629,29.8879303850484,9.78919018057593,4.77625149894324,3.11691935115389,775.94443251621,9.44537492441217e-05,2.06657744248396,NA,NA,NA,NA,NA,6155.40404543525
"49","LPO","Image_29.vsi","A1",27.9390407069762,3.36685211010487,3.0483506383672,1.65603959502289,27.5060690714068,4.89667141946517,3.50316210746877,1.7490906241812,705.614407907541,9.44537492441217e-05,1.88131753166938,NA,NA,NA,NA,NA,4964.69752914654
"50","LPO","Image_31.vsi","A1",30.6151060905274,2.98734574734408,1,0,30.4153070040144,4.69041575982343,2,1.0328534676544,774.980954764845,9.44537492441217e-05,0.892450209134008,NA,NA,NA,NA,NA,2580.70858090553
"51","LPO","Image_32.vsi","ENT",30.6796631904497,2.10284734337012,1.80473785412437,0.471404520791032,30.5353391294388,2.94563281354057,2,0.953064483273968,796.116117414603,9.44537492441217e-05,0.866929517825015,NA,NA,NA,NA,NA,2512.19634454208
"52","LPO","Image_34.vsi","ENT",33.3203164191801,3.59979278983587,2.97606774342517,2.09263895584312,32.8679807858372,5.41479309184554,3.77076452590701,1.62541834844978,774.242623938551,9.44537492441217e-05,1.5474763402752,NA,NA,NA,NA,NA,4870.2621236806
"53","LPO","Image_36.vsi","ENT",30.2677460146245,0.707106781186548,3,1.9142135623731,30.0130373568223,3.77236539831547,3.56752373153307,1.23936439391196,772.154803546409,9.44537492441217e-05,1.61608132146796,NA,NA,NA,NA,NA,4620.21827119107
"54","LPO","Image_37.vsi","IBE2",32.0274995618655,0.5,0.866025403784439,0,31.9972942129404,1.73205080756888,1.73205080756888,0.42018550211098,774.807540712824,9.44537492441217e-05,0.73896616389422,NA,NA,NA,NA,NA,2235.45940966887
"55","MnPO","Image_01.vsi","T40",22.4449878705466,4.26609422601174,4.18248082243429,1.82472614527026,21.4105368406668,6.40895799656683,4.68708571524491,2.83642630995292,537.605787981407,0.000210815299077395,1.8425422709584,NA,NA,NA,NA,NA,8718.44355107094
"56","MnPO","Image_02.vsi","IBE1",22.0454076850486,5.19615242270663,2.82842712474619,0,21.2367605815953,5.91607978309962,2.82842712474619,2.68365422511918,463.409861785439,0.000210815299077395,1.31328644655659,NA,NA,NA,NA,NA,6103.51086152708
"57","MnPO","Image_04.vsi","T40",20.6625902681276,2.32230211007609,2.22851924009432,2.2959739189053,20.2500222281902,4.03682505192082,3.26946289544128,1.93123465287965,547.678976160177,0.000210815299077395,1.3704508176975,NA,NA,NA,NA,NA,5969.67025896039
"58","MnPO","Image_05.vsi","IBE2",26.2916908415704,3.43050087404306,1.95456776838542,0.804737854124365,25.9314783899387,4.10571933831296,2.15956955487303,1.56883978824016,561.556650284139,0.000210815299077395,0.693829849336901,NA,NA,NA,NA,NA,3845.68423111064
"59","MnPO","Image_06.vsi","ENT",26.7578789801249,2.90499014267452,3.26024213516438,1.95456776838542,26.3146640921879,4.82304795916197,3.81324347199102,1.81154973264257,608.234008417912,0.000210815299077395,1.1113990623082,NA,NA,NA,NA,NA,6269.36905732994
"60","MnPO","Image_07.vsi","A2",26.0413547639716,3.02681596490881,3.47736734584806,2.9905392566319,25.3452534902651,5.73174967743525,4.73973323374699,2.96664480996495,641.085503228318,0.000210815299077395,1.34670429040621,NA,NA,NA,NA,NA,7393.29342167166
"61","MnPO","Image_08.vsi","T40",25.4691874513608,3.3166247903554,2.69256241015452,2,25.008721759026,4.77993474238509,3.37996850086887,1.87336982446652,555.955318289569,0.000210815299077395,1.13228446605505,NA,NA,NA,NA,NA,6079.56860862048
"62","MnPO","Image_09_01.vsi","IBE2",26.5151050876555,4.7392209327686,2.78614336095834,1.54858377035486,25.67774713632,5.9237912974206,3.24288563369388,2.22441525180345,569.339500608442,0.000210815299077395,1.01897807395807,NA,NA,NA,NA,NA,5695.87325353023
"63","MnPO","Image_12.vsi","A2",24.7791275732386,3.05409255338946,2.78197363456738,1.38208812331399,24.3864144358091,4.38173024560056,3.11572059400607,1.7711938847104,555.614419864145,0.000210815299077395,1.07348717415459,NA,NA,NA,NA,NA,5607.70290081367
"64","MnPO","Image_13.vsi","ENT",24.2391547837669,1.4142135623731,0.707106781186548,1,24.0896391439901,1.87082869338697,1.22474487139159,0.794197708382491,581.055584387432,0.000210815299077395,0.412485183476052,NA,NA,NA,NA,NA,2107.79296215311
"65","MnPO","Image_14.vsi","IBE1",26.2183338699352,3.15963415017459,6.8180568749714,4.52700802758371,24.6974441392386,8.79942137597336,8.21207005511307,3.35693761807459,557.070604481786,0.000210815299077395,2.6670747569047,NA,NA,NA,NA,NA,14741.524663202
"66","MnPO","Image_16.vsi","IBE2",26.9577749265934,6.3067205427663,3.26219156804278,2.57425186416115,25.7014601961196,7.80917214025538,4.22293828984005,2.87641536719486,547.078456852446,0.000210815299077395,1.35824762392349,NA,NA,NA,NA,NA,7719.07253328205
"67","MnPO","Image_17.vsi","IBE1",25.07324661092,3.24495767618974,5.7864449173396,4.34579911639213,23.7449191171526,7.9859569487974,7.27074290347317,3.16488708472006,536.585910403747,0.000210815299077395,2.56346165852177,NA,NA,NA,NA,NA,13550.0071144291
"68","MnPO","Image_19.vsi","A1",23.1392685841789,3.28789604370733,3.86717987688665,2.22851924009432,22.4568908046833,5.57407452448335,4.4874595305324,2.40470024576313,548.096203245261,0.000210815299077395,1.67838658397506,NA,NA,NA,NA,NA,8187.35744557668
"69","MnPO","Image_22_01.vsi","IBE1",26.2524457712134,4.68555772028297,4.32968950979575,4.10689667088676,25.0939608182017,7.70674230225704,6.10985292620235,4.14173546710386,548.892088675163,0.000210815299077395,2.01127701308006,NA,NA,NA,NA,NA,11131.2461087742
"70","MnPO","Image_23.vsi","A2",24.7767625825091,2.85284702216346,3.16925730663751,1,24.3652277138021,4.44392329576448,3.38541068168007,1.77694537009922,553.097253094909,0.000210815299077395,1.17182612045727,NA,NA,NA,NA,NA,6120.82353100956
"71","MnPO","Image_25_01.vsi","A2",23.1948270094864,2,2.44948974278318,2,22.8910462845192,3.74165738677394,3.16227766016838,1.61307160411434,562.165989721897,0.000210815299077395,1.15038224305925,NA,NA,NA,NA,NA,5625.16715344654
"72","MnPO","Image_26.vsi","st64",22.3883119558973,2.66666666666667,2.49123606478094,1.24401693585629,22.0107065946861,3.93461078010994,2.83957821909067,1.72948442363587,539.616099228727,0.000210815299077395,1.11492451160806,NA,NA,NA,NA,NA,5262.21923910216
"73","MnPO","Image_27.vsi","T40",23.6268679854329,6.29598506339087,4.24123555433916,0.666666666666667,22.3015294484077,7.67451740078162,4.30650741379241,3.20708583257388,518.154780986054,0.000210815299077395,1.66861986633344,NA,NA,NA,NA,NA,8311.23743680813
"74","MnPO","Image_29.vsi","A1",25.2863504113187,3.30131168231411,2.44376967711585,1.38208812331399,24.9102950250929,4.34257127102027,2.81649658092773,1.7147969249646,551.360721241192,0.000210815299077395,0.958263900119101,NA,NA,NA,NA,NA,5108.2648299418
"75","MnPO","Image_31.vsi","A1",27.8489468397653,3.24037034920393,1.4142135623731,1,27.4298028946561,7.14142842854285,3,1.15790759562238,559.590240790536,0.000210815299077395,0.913146001728239,NA,NA,NA,NA,NA,5361.06561787404
"76","MnPO","Image_32.vsi","ENT",24.3575557017027,2.73205080756888,1.89518590676099,1.57735026918963,24.0621855368192,3.68709478652497,2.47140452079103,1.49540343906692,549.473374868593,0.000210815299077395,0.875913770971608,NA,NA,NA,NA,NA,4497.76938033089
"77","MnPO","Image_34.vsi","ENT",27.2904420551735,4.39320240304183,2.86851709182133,2.52455668684422,26.4526403651877,6.20576427456434,3.87593516475126,2.25652392961666,563.833485899738,0.000210815299077395,1.19484877711706,NA,NA,NA,NA,NA,6874.25500911184
"78","MnPO","Image_37.vsi","IBE2",26.419140548715,1.4142135623731,2.09077027517603,1.4142135623731,26.2764555202872,3.16227766016838,2.82842712474619,1.02276322768869,546.68157586747,0.000210815299077395,0.928944452781542,NA,NA,NA,NA,NA,5173.81095248741
"79","OVLT","Image_01.vsi","T40",13.6768130508997,0.666666666666667,0.333333333333333,0,13.6413070452231,0.804737854124365,0.333333333333333,0.576434020971777,224.285748817378,0,Inf,NA,NA,NA,NA,NA,1486.19934655209
"80","OVLT","Image_02.vsi","IBE1",14.7986485869487,0,0,0,14.7986485869487,0,0,0,231.575473658158,0,NA,NA,NA,NA,NA,NA,0
"81","OVLT","Image_04.vsi","T40",19.0380012141426,1.66666666666667,1.1380711874577,0.333333333333333,18.9009135886441,2.15429638676579,1.2761423749154,1.13403812867019,292.473857599301,0,Inf,NA,NA,NA,NA,NA,4363.26988466693
"82","OVLT","Image_05.vsi","IBE2",16.6706359860234,0,0,0,16.6706359860234,0,0,0,270.538845288094,0,NA,NA,NA,NA,NA,NA,0
"83","OVLT","Image_06.vsi","ENT",15.4270999461179,0,0.5,0,15.4145290322276,0.5,0.5,0.251246890528022,227.086282144641,0,Inf,NA,NA,NA,NA,NA,2201.80627062945
"84","OVLT","Image_07.vsi","A2",17.0363939569777,0.5,0.5,0,17.0023597130442,0.707106781186548,0.5,0.480088341733203,269.228253194388,0,Inf,NA,NA,NA,NA,NA,1857.16021282131
"85","OVLT","Image_08.vsi","T40",15.5884572681199,1,0,0,15.556349186104,1,0,0.641482657598785,208.51954344857,0,NA,NA,NA,NA,NA,NA,0
"86","OVLT","Image_09_01.vsi","IBE2",18.8804229085637,0.5,0,0,18.8670502877635,0.5,0,0.267254560297855,323.84383194717,0,NA,NA,NA,NA,NA,NA,0
"87","OVLT","Image_12.vsi","A2",14.3359493085638,0,0,0,14.3359493085638,0,0,0,264.071055798861,0,NA,NA,NA,NA,NA,NA,0
"88","OVLT","Image_13.vsi","ENT",17.7903969247129,0,0,0,17.7903969247129,0,0,0,314.566286941983,0,NA,NA,NA,NA,NA,NA,0
"89","OVLT","Image_16.vsi","IBE2",15.7785697261516,0.804737854124365,0,0,15.7506269227981,0.804737854124365,0,0.455847134867972,248.909229765181,0,NA,NA,NA,NA,NA,NA,0
"90","OVLT","Image_17.vsi","IBE1",15.3376171486859,1.35332162447923,1.14982991426106,0,15.1857212188059,1.77920069434429,1.14982991426106,1.06542802785969,252.426949369982,0,Inf,NA,NA,NA,NA,NA,4555.09967192828
"91","OVLT","Image_18.vsi","A1",16.1864140562386,0,0,0,16.1864140562386,0,0,0,228.953051956072,0,NA,NA,NA,NA,NA,NA,0
"92","OVLT","Image_19.vsi","A1",17.2849022564832,0.804737854124365,0.666666666666667,0,17.2380416036359,1.04875478998066,0.666666666666667,0.601572447033428,279.554488866121,0,Inf,NA,NA,NA,NA,NA,2384.74677824234
"93","OVLT","Image_20.vsi","A1",19.2803264562585,2.23606797749979,1.36602540378444,0,18.9560385402511,2.89791576165636,1.36602540378444,1.53062163023194,298.618001516982,0,Inf,NA,NA,NA,NA,NA,4574.49114535968
"94","OVLT","Image_22_01.vsi","IBE1",19.5192212959431,2.64575131106459,1,0,19.313207915828,2.82842712474619,1,1.44913767461894,288.141978892351,0,Inf,NA,NA,NA,NA,NA,3470.51132168977
"95","OVLT","Image_23.vsi","A2",19.0820333214335,0.804737854124365,0.333333333333333,0,19.0509983375126,0.910683602522959,0.333333333333333,0.415488448410555,312.570745745675,0,Inf,NA,NA,NA,NA,NA,1066.42524250991
"96","OVLT","Image_25_01.vsi","A2",16.5802511638708,0,0,0.5,16.5663729752108,0.5,0.5,0.277353564967173,283.8973379846,0,Inf,NA,NA,NA,NA,NA,1761.20002938218
"97","OVLT","Image_26.vsi","st64",16.6458674429945,1.8819171036882,1.1380711874577,1.1380711874577,16.4431709547497,2.51335992626728,1.62610505917028,1.51477157121679,252.334547457582,0,Inf,NA,NA,NA,NA,NA,6444.2426752668
"98","OVLT","Image_27.vsi","T40",17.9722007556114,3,2.23606797749979,1,17.5499287747842,3.87298334620742,2.44948974278318,2.15499419952816,295.771533451074,0,Inf,NA,NA,NA,NA,NA,8281.6953822514
"99","OVLT","Image_29.vsi","A1",15.3940140341236,1.41421356237309,1.10554159678513,0.333333333333333,15.0750772781793,1.82574185835055,1.15470053837925,1.12989675044522,239.05729391085,0,Inf,NA,NA,NA,NA,NA,4830.22508742137
"100","OVLT","Image_31.vsi","A1",18.606114273806,0.866025403784439,0.5,0,18.5601826503705,2,1,0.458339393899324,274.184075488873,0,Inf,NA,NA,NA,NA,NA,3647.18482726245
"101","OVLT","Image_32.vsi","ENT",17.5499287747842,0,0,0,17.5499287747842,0,0,0,262.853190964082,0,NA,NA,NA,NA,NA,NA,0
"102","OVLT","Image_34.vsi","ENT",21.2183620182544,1,0.5,0.866025403784439,21.1255057323474,1.8228756555323,1.36602540378444,0.849937172501713,317.742017491552,0,Inf,NA,NA,NA,NA,NA,4299.16513581889
"103","OVLT","Image_36.vsi","ENT",12.8999956376632,0,0,0,12.8999956376632,0,0,0,210.540749414828,0,NA,NA,NA,NA,NA,NA,0
"104","OVLT","Image_37.vsi","IBE2",11.9582607431014,0,0,0,11.9582607431014,0,0,0,187.729592765765,0,NA,NA,NA,NA,NA,NA,0
"105","ARC","Image_01.vsi","T40",246,25.75,1.25,2.25,216.75,29.25,3.5,10.7405,105276.8,0.000219929911469625,1.67153637310977,15.6843871413581,5.40832691319598,1.87082869338697,324.463865476574,NA,33.2456913584
"106","ARC","Image_02.vsi","IBE1",280,1,0.5,0,278.5,1.5,0.5,0.542,95227.45,0.000219929911469625,0.622645150056855,16.7332005306815,1.22474487139159,0.707106781186548,308.589452185262,NA,5.250586884349
"107","ARC","Image_04.vsi","ENT",211.2,3,1.4,0.6,206.2,5,2,2.2772,109080.9,0.000219929911469625,1.33970563852442,14.532721699668,2.23606797749979,1.4142135623731,330.273977176525,NA,18.335015571012
"108","ARC","Image_06.vsi","IBE2",238.666666666667,1,0.666666666666667,0,237,1.66666666666667,0.666666666666667,0.681266666666667,106214.1,0.000219929911469625,0.737365986669826,15.4488403016753,1.29099444873581,0.816496580927726,325.905047521514,NA,6.27663056662596
"109","ARC","Image_07.vsi","IBE2",174.666666666667,1,1.66666666666667,0,172,2.66666666666667,1.66666666666667,1.59213333333333,105711.2,0.000219929911469625,1.36607504498243,13.2161517343993,1.63299316185545,1.29099444873581,325.132588338973,NA,15.7662259691184
"110","ARC","Image_11.vsi","ENT",224.333333333333,0.333333333333333,1.33333333333333,0,222.666666666667,1.66666666666667,1.33333333333333,0.7863,104561.866666667,0.000219929911469625,1.08405545772694,14.9777612924406,1.29099444873581,1.15470053837925,323.360273791736,NA,12.751621368657
"111","ARC","Image_12.vsi","T40",330,14.6666666666667,2.66666666666667,0,312.666666666667,17.3333333333333,2.66666666666667,5.62366666666667,104631.566666667,0.000219929911469625,1.2636061551354,18.1659021245849,4.16333199893227,1.63299316185545,323.46803036261,NA,25.4862538297079
"112","ARC","Image_13.vsi","A1",335,5,5,0.666666666666667,324.333333333333,10.6666666666667,5.66666666666667,3.17933333333333,104450.9,0.000219929911469625,1.82978910423688,18.3030052177231,3.2659863237109,2.38047614284762,323.188644602498,NA,54.2519659157237
"113","ARC","Image_14.vsi","IBE2",246,0,1,0,245,1,1,0.4065,104553.5,0.000219929911469625,0.896558968347746,15.6843871413581,1,1,323.347336466531,NA,9.56448134208802
"114","ARC","Image_15.vsi","IBE1",189.333333333333,0.333333333333333,0,0,189,0.333333333333333,0,0.133866666666667,104654.266666667,0.000219929911469625,0,13.7598449603669,0.577350269189626,0,323.50311693501,NA,0
"115","ARC","Image_17.vsi","ENT",182.333333333333,1.66666666666667,0,0,180.666666666667,1.66666666666667,0,0.892466666666667,101490.766666667,0.000219929911469625,0,13.5030860670194,1.29099444873581,0,318.576155207301,NA,0
"116","ARC","Image_18.vsi","A2",196,0.666666666666667,1,0,194.333333333333,1.66666666666667,1,0.895666666666667,112434,0.000219929911469625,0.96858744227492,14,1.29099444873581,1,335.311795199632,NA,8.89410676485761
"117","ARC","Image_19.vsi","A1",210,3.33333333333333,2.33333333333333,0,204.333333333333,5.66666666666667,2.33333333333333,2.66866666666667,105078.233333333,0.000219929911469625,1.4785569759656,14.4913767461894,2.38047614284762,1.52752523165195,324.157729097014,NA,22.2056772303303
"118","ARC","Image_20.vsi","A1",246.666666666667,1,2.33333333333333,0,243.333333333333,3.33333333333333,2.33333333333333,1.3532,102041.033333333,0.000219929911469625,1.38439950960829,15.7056253191863,1.82574185835055,1.52752523165195,319.438622169163,NA,22.8666180369923
"119","ARC","Image_21.vsi","ENT",254,7.66666666666667,2,0,244.333333333333,9.66666666666667,2,3.848,105390.1,0.000219929911469625,1.24283630699541,15.9373774505092,3.1091263510296,1.4142135623731,324.638414239597,NA,18.97711454871
"120","ARC","Image_22.vsi","IBE1",287.666666666667,8.33333333333333,0.333333333333333,0,279,8.66666666666667,0.333333333333333,3.0149,102864.833333333,0.000219929911469625,0.482588356459387,16.9607389776114,2.94392028877595,0.577350269189626,320.725479707075,NA,3.24049845347211
"121","ARC","Image_23.vsi","IBE1",258,0,0,0,258,0,0,0,101941.433333333,0.000219929911469625,0,16.062378404209,0,0,319.282685614697,NA,0
"122","ARC","Image_24.vsi","T40",255,3.33333333333333,3.66666666666667,0,248,7,3.66666666666667,2.62366666666667,101709.233333333,0.000219929911469625,1.70962608382693,15.9687194226713,2.64575131106459,1.91485421551268,318.91885070239,NA,36.0504798482734
"123","ARC","Image_25.vsi","A2",173.333333333333,2,0.333333333333333,0,171,2.33333333333333,0.333333333333333,1.135,102798.3,0.000219929911469625,0.621900724037197,13.1656117720877,1.52752523165195,0.577350269189626,320.621739749506,NA,3.24259577574078
"124","ARC","Image_26.vsi","A1",283.333333333333,3.33333333333333,1,0,279,4.33333333333333,1,1.42073333333333,105715.566666667,0.000219929911469625,0.830801733538542,16.8325082306035,2.08166599946613,1,325.139303478781,NA,9.45934483947019
"125","ARC","Image_27.vsi","A2",242,17.75,1.25,1,222,20,2.25,8.51025,104262.45,0.000219929911469625,1.35779846602437,15.556349186104,4.47213595499958,1.5,322.896964990382,NA,21.5801566143899
"126","ARC","Image_28.vsi","T40",329.333333333333,43.6666666666667,3,0.333333333333333,282.333333333333,47,3.33333333333333,13.5333333333333,99204.8666666667,0.000219929911469625,1.45234816195141,18.1475434517549,6.85565460040104,1.82574185835055,314.968040706778,NA,33.6005021259038
"127","ARC","Image_29.vsi","A1",277.333333333333,5,3,0.666666666666667,268.666666666667,8.66666666666667,3.66666666666667,2.984,106792.9,0.000219929911469625,1.59984972128769,16.6533279957291,2.94392028877595,1.91485421551268,326.79182976323,NA,34.334367422054
"128","ARC","Image_30.vsi","A1",200.333333333333,6,4,0.333333333333333,190,10.3333333333333,4.33333333333333,5.128,104567.166666667,0.000219929911469625,2.06800921884967,14.1539158303748,3.21455025366432,2.08166599946613,323.368468881347,NA,41.4406689161512
"129","ARC","Image_31.vsi","IBE1",290,6.33333333333333,1.66666666666667,0,282,8,1.66666666666667,2.74506666666667,102427.6,0.000219929911469625,1.07704184824881,17.0293863659264,2.82842712474619,1.29099444873581,320.043122094508,NA,16.2716559468997
"130","ARC","Image_32.vsi","ENT",279.666666666667,5.66666666666667,1.66666666666667,0,272.333333333333,7.33333333333333,1.66666666666667,2.65733333333333,102463.7,0.000219929911469625,1.09656582098888,16.7232373261479,2.70801280154532,1.29099444873581,320.099515775954,NA,16.2659231187891
"131","ARC","Image_33.vsi","IBE1",214.666666666667,0,0,0,214.666666666667,0,0,0,106952.966666667,0.000219929911469625,0,14.6515073172239,0,0,327.036644226097,NA,0
"132","ARC","Image_34.vsi","ENT",217.5,0.5,0.5,0,216.5,1,0.5,0.44055,106008.3,0.000219929911469625,0.669577940327349,14.7478812037526,1,0.707106781186548,325.589158296157,NA,4.71661181247129
"133","ATAN","Image_01.vsi","T40",146.333333333333,0,0,0,146.333333333333,0,0,0,20199.8666666667,0,NA,12.0968315410827,0,0,142.126234969715,NA,0
"134","ATAN","Image_02.vsi","IBE1",130,40,16,3,71,59,19,47.3,20364.05,0,Inf,11.4017542509914,7.68114574786861,4.35889894354067,142.702662904376,NA,933.016762382728
"135","ATAN","Image_04.vsi","ENT",220.333333333333,0,0,0,220.333333333333,0,0,0,27924.7333333333,0,NA,14.8436293854749,0,0,167.106951780389,NA,0
"136","ATAN","Image_06.vsi","IBE2",159.666666666667,0,0,0,159.666666666667,0,0,0,21072.0666666667,0,NA,12.6359276140166,0,0,145.162208121352,NA,0
"137","ATAN","Image_07.vsi","IBE2",147.666666666667,0,0,0,147.666666666667,0,0,0,20569.2666666667,0,NA,12.1518174223721,0,0,143.419896341709,NA,0
"138","ATAN","Image_11.vsi","ENT",122.666666666667,0,0,0,122.666666666667,0,0,0,19060.4,0,NA,11.0754984838908,0,0,138.059407502712,NA,0
"139","ATAN","Image_12.vsi","T40",181,2.33333333333333,0,0,178.666666666667,2.33333333333333,0,1.3284,23647,0,NA,13.4536240470737,1.52752523165195,0,153.775810841628,NA,0
"140","ATAN","Image_13.vsi","A1",170.333333333333,0,0,0,170.333333333333,0,0,0,24673.3333333333,0,NA,13.0511813003013,0,0,157.077475576014,NA,0
"141","ATAN","Image_14.vsi","IBE2",153,0,0,0,153,0,0,0,24058.2,0,NA,12.369316876853,0,0,155.107059800642,NA,0
"142","ATAN","Image_15.vsi","IBE1",174.666666666667,4.66666666666667,0.333333333333333,0,169.666666666667,5,0.333333333333333,3.31133333333333,24176.0666666667,0,Inf,13.2161517343993,2.23606797749979,0.577350269189626,155.48654818558,NA,13.7877404926635
"143","ATAN","Image_17.vsi","ENT",214.333333333333,0,0,0,214.333333333333,0,0,0,33083.4,0,NA,14.6401275039985,0,0,181.888427339399,NA,0
"144","ATAN","Image_18.vsi","A2",187,0,0,0,187,0,0,0,27561.8666666667,0,NA,13.6747943311773,0,0,166.01766974231,NA,0
"145","ATAN","Image_19.vsi","A1",225.333333333333,0,0,0,225.333333333333,0,0,0,35786.7666666667,0,NA,15.0111069989303,0,0,189.173905882039,NA,0
"146","ATAN","Image_20.vsi","A1",86.6666666666667,0,0.666666666666667,0,86,0.666666666666667,0.666666666666667,0.7867,12975.3,0,Inf,9.30949336251263,0.816496580927726,0.816496580927726,113.909174345177,NA,51.3796726601055
"147","ATAN","Image_21.vsi","ENT",175.333333333333,0.333333333333333,0,0,175,0.333333333333333,0,0.209633333333333,25891.5333333333,0,NA,13.2413493773608,0.577350269189626,0,160.908462590795,NA,0
"148","ATAN","Image_22.vsi","IBE1",184.666666666667,134.333333333333,28.6666666666667,15,6.66666666666667,178,43.6666666666667,96.28,24103.4666666667,0,Inf,13.589211407093,13.3416640641263,6.60807586719967,155.252911942632,NA,1811.63428773731
"149","ATAN","Image_23.vsi","IBE1",159,16.6666666666667,17.6666666666667,2,122.666666666667,36.3333333333333,19.6666666666667,23.9333333333333,25685.6666666667,0,Inf,12.6095202129185,6.02771377334171,4.43471156521669,160.267484745555,NA,765.666973798617
"150","ATAN","Image_24.vsi","T40",151.666666666667,0,0,0,151.666666666667,0,0,0,20081,0,NA,12.3153021346074,0,0,141.707445111398,NA,0
"151","ATAN","Image_25.vsi","A2",184,0,0.333333333333333,0,183.666666666667,0.333333333333333,0.333333333333333,0.178266666666667,25883.6,0,Inf,13.5646599662505,0.577350269189626,0.577350269189626,160.883809005133,NA,12.8781673852684
"152","ATAN","Image_26.vsi","A1",145.666666666667,0,0,0,145.666666666667,0,0,0,19164.4333333333,0,NA,12.0692446601544,0,0,138.435664961502,NA,0
"153","ATAN","Image_27.vsi","A2",176,1,0,0,175,1,0,0.6078,22132.75,0,NA,13.2664991614216,1,0,148.770796865514,NA,0
"154","ATAN","Image_28.vsi","T40",131,1.33333333333333,0,0,129.666666666667,1.33333333333333,0,0.907,16221.1333333333,0,NA,11.4455231422596,1.15470053837925,0,127.36221312985,NA,0
"155","ATAN","Image_29.vsi","A1",195.666666666667,0,0,0,195.666666666667,0,0,0,24679.8333333333,0,NA,13.9880901722382,0,0,157.098164640244,NA,0
"156","ATAN","Image_30.vsi","A1",221.333333333333,0.666666666666667,0,0,220.666666666667,0.666666666666667,0,0.299066666666667,31510.6666666667,0,NA,14.8772757362809,0.816496580927726,0,177.512440878567,NA,0
"157","ATAN","Image_31.vsi","IBE1",121,18,12.3333333333333,1,89.6666666666667,31.3333333333333,13.3333333333333,26.3733333333333,17764.8333333333,0,Inf,11,5.59761854124889,3.65148371670111,133.284782827348,NA,750.546491664243
"158","ATAN","Image_32.vsi","ENT",147.5,1,0,0,146.5,1,0,0.7465,20594.35,0,NA,12.1449578014911,1,0,143.507316886631,NA,0
"159","ATAN","Image_33.vsi","IBE1",160.666666666667,1.33333333333333,1,0,158.333333333333,2.33333333333333,1,1.44933333333333,23290.1333333333,0,Inf,12.675435561221,1.52752523165195,1,152.61105246126,NA,42.9366369735968
"160","ATAN","Image_34.vsi","ENT",233,0,0,0,233,0,0,0,39984.5,0,NA,15.2643375224737,0,0,199.961246245366,NA,0
"161","DMH","Image_01.vsi","T40",479,21,26.25,23.5,408.25,70.75,49.75,14.8275,204280.225,6.20125637325318e-05,11.4983608980043,21.8860686282393,8.41130192063036,7.05336798983294,451.973699456064,NA,243.538012551141
"162","DMH","Image_02.vsi","IBE1",515.5,10,9.5,5,491,24.5,14.5,4.7245,206921.5,6.20125637325318e-05,5.94548340051559,22.7046250794855,4.94974746830583,3.80788655293195,454.886249517393,NA,70.0748834703015
"163","DMH","Image_04.vsi","ENT",563.6,18.2,34,21,490.4,73.2,55,13.252,203458.72,6.20125637325318e-05,11.1680670372626,23.7402611611583,8.55569985448298,7.41619848709566,451.063986591703,NA,270.325105751181
"164","DMH","Image_06.vsi","IBE2",569.666666666667,6.33333333333333,0.666666666666667,0,562.666666666667,7,0.666666666666667,1.258,203872.066666667,6.20125637325318e-05,1.22175863559833,23.8676908532574,2.64575131106459,0.816496580927726,451.521944833988,NA,3.27002456769458
"165","DMH","Image_07.vsi","IBE2",534.666666666667,3,1.33333333333333,0,530.333333333333,4.33333333333333,1.33333333333333,0.7897,205076,6.20125637325318e-05,1.77824136440167,23.1228602613662,2.08166599946613,1.15470053837925,452.85317708944,NA,6.5016546711138
"166","DMH","Image_11.vsi","ENT",495.5,6.5,44.25,0,444.75,50.75,44.25,10.28575,201278.475,6.20125637325318e-05,10.7412903207931,22.2598292895521,7.1239034243875,6.65206734782504,448.640696994822,NA,219.844670424893
"167","DMH","Image_12.vsi","T40",521.5,16.25,30.5,0.75,474,47.5,31.25,9.55475,201094.35,6.20125637325318e-05,8.80274727871634,22.8363744933385,6.89202437604511,5.59016994374947,448.435446859411,NA,155.399691736739
"168","DMH","Image_13.vsi","A1",541.333333333333,5.33333333333333,8.33333333333333,2.33333333333333,525.333333333333,16,10.6666666666667,2.94433333333333,207625.233333333,6.20125637325318e-05,4.96777849990485,23.2665711554869,4,3.2659863237109,455.659119664397,NA,51.3746161553581
"169","DMH","Image_14.vsi","IBE2",543,3,0,0,540,3,0,0.5525,207250.3,6.20125637325318e-05,0,23.3023603954621,1.73205080756888,0,455.247515094811,NA,0
"170","DMH","Image_15.vsi","IBE1",503,3.33333333333333,4,0,495.666666666667,7.33333333333333,4,1.5126,204062.6,6.20125637325318e-05,3.1833515994701,22.4276614920058,2.70801280154532,2,451.732885674709,NA,19.6018280664855
"171","DMH","Image_17.vsi","ENT",452.333333333333,3.33333333333333,49.6666666666667,0.333333333333333,399,53.3333333333333,50,12.0423333333333,205071.066666667,6.20125637325318e-05,11.8392399901606,21.2681295212657,7.30296743340222,7.07106781186548,452.84773011098,NA,243.817915480357
"172","DMH","Image_18.vsi","A2",444.5,12,26.25,1.75,404.5,40,28,9.08875,208688.925,6.20125637325318e-05,8.85959247654784,21.083168642308,6.32455532033676,5.29150262212918,456.82482966669,NA,134.170991584724
"173","DMH","Image_19.vsi","A1",411.333333333333,18.6666666666667,27,3.66666666666667,362,49.3333333333333,30.6666666666667,11.984,203849.233333333,6.20125637325318e-05,9.75218892792251,20.2813543269017,7.02376916856849,5.53774924194538,451.496659271509,NA,150.437978918079
"174","DMH","Image_20.vsi","A1",522,11.6666666666667,21.3333333333333,3,486,36,24.3333333333333,6.864,202598.033333333,6.20125637325318e-05,7.73514131254744,22.8473193175917,6,4.93288286231625,450.108912745941,NA,120.106463685646
"175","DMH","Image_21.vsi","ENT",494.666666666667,8,67.6666666666667,0.333333333333333,418.666666666667,76,68,15.38,201491.766666667,6.20125637325318e-05,13.3195574222139,22.2411030901497,8.71779788708135,8.24621125123532,448.878342835413,NA,337.482772248924
"176","DMH","Image_22.vsi","IBE1",697,24.3333333333333,26.6666666666667,8.66666666666667,637.333333333333,59.6666666666667,35.3333333333333,7.67133333333333,216566.033333333,6.20125637325318e-05,7.80191220437922,26.4007575648882,7.72442015083764,5.94418483337567,465.366558030692,NA,163.152701231541
"177","DMH","Image_23.vsi","IBE1",548.333333333333,19.6666666666667,5.33333333333333,2.33333333333333,521,27.3333333333333,7.66666666666667,4.68866666666667,204058.366666667,6.20125637325318e-05,4.22108480351724,23.4165183862446,5.22812904711937,2.76887462097269,451.728199990511,NA,37.5709498801895
"178","DMH","Image_24.vsi","T40",515,15.6666666666667,31.6666666666667,0,467.666666666667,47.3333333333333,31.6666666666667,9.65766666666667,204966.8,6.20125637325318e-05,8.83234681567018,22.6936114358204,6.87992248018343,5.62731433871138,452.732592155679,NA,154.49656562266
"179","DMH","Image_25.vsi","A2",303,8.33333333333333,14.6666666666667,6,274,29,20.6666666666667,9.61833333333333,203992.7,6.20125637325318e-05,9.32452899279726,17.4068951855292,5.3851648071345,4.54606056566195,451.655510317321,NA,101.310814880467
"180","DMH","Image_26.vsi","A1",483.666666666667,14.3333333333333,9.33333333333333,0.666666666666667,459.333333333333,24.3333333333333,10,5.16933333333333,202152.166666667,6.20125637325318e-05,5.15712946995843,21.9924229376089,4.93288286231625,3.16227766016838,449.613352411454,NA,49.4676864705053
"181","DMH","Image_27.vsi","A2",507.25,35.25,23,10.75,438.25,69,33.75,13.79325,202348,6.20125637325318e-05,9.24691182210383,22.5222112591104,8.30662386291807,5.80947501931113,449.831079406481,NA,166.791863522249
"182","DMH","Image_28.vsi","T40",479,52.3333333333333,18,3.33333333333333,405.333333333333,73.6666666666667,21.3333333333333,14.5003333333333,201154.5,6.20125637325318e-05,7.58782035563589,21.8860686282393,8.58292879305582,4.61880215351701,448.50250835419,NA,106.05446725444
"183","DMH","Image_29.vsi","A1",499,6,8.66666666666667,0,484.333333333333,14.6666666666667,8.66666666666667,2.945,203626.833333333,6.20125637325318e-05,4.70954101733224,22.3383079036887,3.82970843102535,2.94392028877595,451.250300092236,NA,42.5615157137935
"184","DMH","Image_30.vsi","A1",433.666666666667,13,16,3.33333333333333,401.333333333333,32.3333333333333,19.3333333333333,7.649,206326.233333333,6.20125637325318e-05,7.4958077124354,20.8246648632497,5.68624070307733,4.39696865275764,454.231475498268,NA,93.7027396903965
"185","DMH","Image_31.vsi","IBE1",583,17,14,4,548,35,18,5.83666666666667,206247.5,6.20125637325318e-05,6.23918613578796,24.1453929352993,5.91607978309962,4.24264068711928,454.14480069687,NA,87.2737851367895
"186","DMH","Image_32.vsi","ENT",532,29.3333333333333,17,2.66666666666667,483,49,19.6666666666667,9.31733333333333,207851.7,6.20125637325318e-05,6.80069167375188,23.0651251893416,7,4.43471156521669,455.907556419062,NA,94.618743395732
"187","DMH","Image_33.vsi","IBE1",407,2.66666666666667,0.333333333333333,0.333333333333333,403.666666666667,3.33333333333333,0.666666666666667,0.808533333333333,206727.733333333,6.20125637325318e-05,1.4354170749351,20.174241001832,1.82574185835055,0.816496580927726,454.67321598411,NA,3.22485355939987
"188","DMH","Image_34.vsi","ENT",496,2.5,10,0,483.5,12.5,10,2.4005,205172.55,6.20125637325318e-05,5.05498472160189,22.2710574513201,3.53553390593274,3.16227766016838,452.959766425231,NA,48.7394634418688
"189","PT","Image_01.vsi","T40",79,24.5,0,0,54.5,24.5,0,30.795,10023.95,0,NA,8.88819441731559,4.94974746830583,0,100.11967838542,NA,0
"190","PT","Image_02.vsi","IBE1",290,15,7,0,268,22,7,7.3605,46927.05,0,Inf,17.0293863659264,4.69041575982343,2.64575131106459,216.626521921948,NA,149.167697522005
"191","PT","Image_04.vsi","ENT",172.333333333333,0,0,0,172.333333333333,0,0,0,24933.8333333333,0,NA,13.1275791116768,0,0,157.904507007664,NA,0
"192","PT","Image_06.vsi","IBE2",146.666666666667,0.333333333333333,0,0,146.333333333333,0.333333333333333,0,0.254466666666667,17822,0,NA,12.11060141639,0.577350269189626,0,133.499063667128,NA,0
"193","PT","Image_07.vsi","IBE2",154.666666666667,7.66666666666667,0,0,147,7.66666666666667,0,4.63333333333333,26073,0,NA,12.4365054041184,2.76887462097269,0,161.471359689575,NA,0
"194","PT","Image_11.vsi","ENT",137.333333333333,2,0,0,135.333333333333,2,0,1.70013333333333,21804.6,0,NA,11.7189305541646,1.4142135623731,0,147.663807346282,NA,0
"195","PT","Image_12.vsi","T40",151.333333333333,42.6666666666667,0,0,108.666666666667,42.6666666666667,0,31.6193333333333,24921.2,0,NA,12.3017613914973,6.53197264742181,0,157.86449885899,NA,0
"196","PT","Image_13.vsi","A1",204.333333333333,25.3333333333333,0.333333333333333,0,178.666666666667,25.6666666666667,0.333333333333333,12.775,32125.6666666667,0,Inf,14.2945210949277,5.06622805119022,0.577350269189626,179.236343040876,NA,10.3759195658715
"197","PT","Image_14.vsi","IBE2",159,0,0,0,159,0,0,0,29427.1,0,NA,12.6095202129185,0,0,171.543288997267,NA,0
"198","PT","Image_15.vsi","IBE1",238.333333333333,0.333333333333333,1.66666666666667,0,236.333333333333,2,1.66666666666667,0.995,40605.3,0,Inf,15.4380482358792,1.4142135623731,1.29099444873581,201.507568096089,NA,41.0455449575958
"199","PT","Image_17.vsi","ENT",137,0,0,0,137,0,0,0,22770.2,0,NA,11.7046999107196,0,0,150.897978780367,NA,0
"200","PT","Image_18.vsi","A2",241.333333333333,3.33333333333333,2.66666666666667,0,235.333333333333,6,2.66666666666667,2.28,39632.9333333333,0,Inf,15.5349069303081,2.44948974278318,1.63299316185545,199.080218337567,NA,67.2841105208799
"201","PT","Image_19.vsi","A1",317.333333333333,0.333333333333333,0.333333333333333,0.333333333333333,316.333333333333,1,0.666666666666667,0.3338,51688.8,0,Inf,17.8138522878498,1,0.816496580927726,227.351709912197,NA,12.8977005979374
"202","PT","Image_20.vsi","A1",123,14.5,6.25,0.25,102,21,6.5,16.9045,18380.4,0,Inf,11.0905365064094,4.58257569495584,2.54950975679639,135.574333854163,NA,353.637570455485
"203","PT","Image_21.vsi","ENT",201,0.666666666666667,0,0,200.333333333333,0.666666666666667,0,0.333333333333333,32477.2,0,NA,14.1774468787578,0.816496580927726,0,180.214316856347,NA,0
"204","PT","Image_22.vsi","IBE1",293.333333333333,28.3333333333333,15,0.333333333333333,249.666666666667,43.6666666666667,15.3333333333333,14.64,42076.9333333333,0,Inf,17.1269767715535,6.60807586719967,3.91578004149024,205.126627558036,NA,364.411855109846
"205","PT","Image_23.vsi","IBE1",41.5,0.5,0.5,0,40.5,1,0.5,1.4705,5472.15,0,Inf,6.44204936336256,1,0.707106781186548,73.9739819125617,NA,91.3717642973968
"206","PT","Image_24.vsi","T40",95.3333333333333,0.333333333333333,0,0,95,0.333333333333333,0,0.266666666666667,14824.1333333333,0,NA,9.76387901058454,0.577350269189626,0,121.754397593407,NA,0
"207","PT","Image_25.vsi","A2",114,0,0,0,114,0,0,0,20866.2666666667,0,NA,10.6770782520313,0,0,144.451606660039,NA,0
"208","PT","Image_26.vsi","A1",186.333333333333,0,0,0,186.333333333333,0,0,0,30246.8333333333,0,NA,13.6503968196288,0,0,173.916167544404,NA,0
"209","PT","Image_27.vsi","A2",106,26,0.333333333333333,0,79.6666666666667,26.3333333333333,0.333333333333333,34.927,16831.8666666667,0,Inf,10.295630140987,5.13160143944688,0.577350269189626,129.737684065451,NA,19.8037056694049
"210","PT","Image_28.vsi","T40",93,13,7.5,0,72.5,20.5,7.5,22.945,9063.35,0,Inf,9.64365076099295,4.52769256906871,2.73861278752583,95.2016281373381,NA,827.50859229755
"211","PT","Image_29.vsi","A1",148.5,0.5,0,0,148,0.5,0,0.33115,19442.85,0,NA,12.1860576069539,0.707106781186548,0,139.437620461624,NA,0
"212","PT","Image_30.vsi","A1",84.6666666666667,4.66666666666667,0,0,80,4.66666666666667,0,7.65,12871.6,0,NA,9.20144916122817,2.16024689946929,0,113.453073999782,NA,0
"213","PT","Image_31.vsi","IBE1",144.333333333333,2,0.666666666666667,0,141.666666666667,2.66666666666667,0.666666666666667,1.7511,21093.9666666667,0,Inf,12.0138808606267,1.63299316185545,0.816496580927726,145.237621388766,NA,31.6046136414994
"214","PT","Image_32.vsi","ENT",208.5,29,0,0,179.5,29,0,13.92,27928.1,0,NA,14.4395290781937,5.3851648071345,0,167.117024865811,NA,0
"215","PT","Image_33.vsi","IBE1",148.666666666667,1,0.333333333333333,0,147.333333333333,1.33333333333333,0.333333333333333,0.782066666666667,24336.0666666667,0,Inf,12.1928941054479,1.15470053837925,0.577350269189626,156.000213675067,NA,13.6970915595782
"216","PT","Image_34.vsi","ENT",171,18,0,0,153,18,0,12.16,25586.45,0,NA,13.076696830622,4.24264068711928,0,159.957650645413,NA,0
"217","VMH","Image_01.vsi","T40",538.5,2.5,1.25,1,533.75,4.75,2.25,0.88875,306124.025,7.36000818889847e-05,1.58734526279674,23.2056027717446,2.17944947177034,1.5,553.284759414174,NA,7.34996215994481
"218","VMH","Image_02.vsi","IBE1",534.5,2,3,0,529.5,5,3,0.9047,273914.8,7.36000818889847e-05,1.94491544798845,23.1192560433938,2.23606797749979,1.73205080756888,523.368703687945,NA,10.9523107185154
"219","VMH","Image_04.vsi","ENT",586.2,0.8,0.8,0,584.6,1.6,0.8,0.2823,303658.24,7.36000818889847e-05,0.910859209273902,24.2115674833333,1.26491106406735,0.894427190999916,551.051939475763,NA,2.63454072578436
"220","VMH","Image_06.vsi","IBE2",607.333333333333,2,2.33333333333333,0.333333333333333,602.666666666667,4.66666666666667,2.66666666666667,0.768333333333333,302606.333333333,7.36000818889847e-05,1.63664128786043,24.644133852366,2.16024689946929,1.63299316185545,550.09665817321,NA,8.81232932996556
"221","VMH","Image_07.vsi","IBE2",544,2.33333333333333,1.66666666666667,0,540,4,1.66666666666667,0.7316,304279.7,7.36000818889847e-05,1.36335871213957,23.3238075793812,2,1.29099444873581,551.61553640194,NA,5.4774165567623
"222","VMH","Image_11.vsi","ENT",541.333333333333,3,3.66666666666667,0,534.666666666667,6.66666666666667,3.66666666666667,1.244,305375.433333333,7.36000818889847e-05,2.02352225158642,23.2665711554869,2.58198889747161,1.91485421551268,552.607847694306,NA,12.0070780633631
"223","VMH","Image_12.vsi","T40",623.333333333333,3,3,0,617.333333333333,6,3,0.969333333333333,306184.066666667,7.36000818889847e-05,1.70345576521106,24.9666444147653,2.44948974278318,1.73205080756888,553.339016035076,NA,9.79802780941573
"224","VMH","Image_13.vsi","A1",536.666666666667,1.33333333333333,2,0.666666666666667,532.666666666667,4,2.66666666666667,0.741166666666667,302386.3,7.36000818889847e-05,1.74169739561848,23.1660671385254,2,1.63299316185545,549.896626649046,NA,8.8187416780015
"225","VMH","Image_14.vsi","IBE2",473,0,0,0,473,0,0,0,304939.5,7.36000818889847e-05,0,21.7485631709315,0,0,552.21327401648,NA,0
"226","VMH","Image_15.vsi","IBE1",586.333333333333,2,2,0,582.333333333333,4,2,0.6546,306296.6,7.36000818889847e-05,1.43381566169979,24.214320831552,2,1.4142135623731,553.440692396213,NA,6.52961867679889
"227","VMH","Image_17.vsi","ENT",590.666666666667,0.666666666666667,1.66666666666667,0,588.333333333333,2.33333333333333,1.66666666666667,0.388766666666667,302659.866666667,7.36000818889847e-05,1.31189001816659,24.3036348447442,1.52752523165195,1.29099444873581,550.145314136789,NA,5.50673164903705
"228","VMH","Image_18.vsi","A2",429,2,2.33333333333333,0,424.666666666667,4.33333333333333,2.33333333333333,1.24433333333333,270050.966666667,7.36000818889847e-05,1.92822886978591,20.712315177208,2.08166599946613,1.52752523165195,519.664282654356,NA,8.64034431031476
"229","VMH","Image_19.vsi","A1",595.333333333333,1,0.666666666666667,0.333333333333333,593.333333333333,2,1,0.3557,305516.766666667,7.36000818889847e-05,1.00745133790589,24.3994535457935,1.4142135623731,1,552.735711408867,NA,3.27314278332569
"230","VMH","Image_20.vsi","A1",517.666666666667,1.66666666666667,1.66666666666667,0,514.333333333333,3.33333333333333,1.66666666666667,0.690633333333333,305608.233333333,7.36000818889847e-05,1.39456400545115,22.7522892621087,1.82574185835055,1.29099444873581,552.8184451819,NA,5.45360525299984
"231","VMH","Image_21.vsi","ENT",688,13.6666666666667,1.66666666666667,0.333333333333333,672.333333333333,15.6666666666667,2,2.28866666666667,304876.8,7.36000818889847e-05,1.32672310494788,26.229754097208,3.95811402901264,1.4142135623731,552.156499554248,NA,6.56002686987006
"232","VMH","Image_22.vsi","IBE1",596.333333333333,4.33333333333333,1.33333333333333,1,589.666666666667,6.66666666666667,2.33333333333333,1.1173,304150.533333333,7.36000818889847e-05,1.54106607858639,24.4199372098565,2.58198889747161,1.52752523165195,551.498443636365,NA,7.67163978889401
"233","VMH","Image_23.vsi","IBE1",569.666666666667,0.666666666666667,0.333333333333333,0,568.666666666667,1,0.333333333333333,0.1657,306627.566666667,7.36000818889847e-05,0.593533276619279,23.8676908532574,1,0.577350269189626,553.739619917761,NA,1.08709512636774
"234","VMH","Image_24.vsi","T40",669,24.6666666666667,2.33333333333333,0.666666666666667,641.333333333333,27.6666666666667,3,4.00766666666667,292384.233333333,7.36000818889847e-05,1.68264421228517,25.8650343127551,5.25991127935317,1.73205080756888,540.725654406496,NA,10.2604711813576
"235","VMH","Image_25.vsi","A2",531.666666666667,0,0,0,531.666666666667,0,0,0,306226.1,7.36000818889847e-05,0,23.057898140695,0,0,553.37699626927,NA,0
"236","VMH","Image_26.vsi","A1",536,26.3333333333333,1,0,508.666666666667,27.3333333333333,1,4.85033333333333,300852.633333333,7.36000818889847e-05,1.06994732926758,23.1516738055805,5.22812904711937,1,548.500349437749,NA,3.32388647864032
"237","VMH","Image_27.vsi","A2",695.75,47.75,0.75,0.25,647,48.75,1,6.691,300021.1,7.36000818889847e-05,0.940414237267252,26.37707337822,6.98212002188447,1,547.741818743101,NA,3.33309890537699
"238","VMH","Image_28.vsi","T40",696,74.6666666666667,2.33333333333333,1.33333333333333,617.666666666667,78.3333333333333,3.66666666666667,9.593,304394.166666667,7.36000818889847e-05,1.78745301656897,26.3818119165458,8.85061203156784,1.91485421551268,551.719282485819,NA,12.0457849334607
"239","VMH","Image_29.vsi","A1",504,4,2.66666666666667,0.666666666666667,496.666666666667,7.33333333333333,3.33333333333333,1.296,282473.133333333,7.36000818889847e-05,2.07901313507784,22.4499443206436,2.70801280154532,1.82574185835055,531.482016001796,NA,11.8005322984109
"240","VMH","Image_30.vsi","A1",574.333333333333,3,1.66666666666667,0,569.666666666667,4.66666666666667,1.66666666666667,0.8302,308288.333333333,7.36000818889847e-05,1.31821278964697,23.9652526240249,2.16024689946929,1.29099444873581,555.237186554839,NA,5.40619441756364
"241","VMH","Image_31.vsi","IBE1",582,5,1,0.666666666666667,575.333333333333,6.66666666666667,1.66666666666667,1.04133333333333,297626.6,7.36000818889847e-05,1.33275006806479,24.1246761636296,2.58198889747161,1.29099444873581,545.551647417547,NA,5.59985789800598
"242","VMH","Image_32.vsi","ENT",587,41,3.33333333333333,0,542.666666666667,44.3333333333333,3.33333333333333,7.57466666666667,308333.933333333,7.36000818889847e-05,1.84387451976942,24.2280828791714,6.65832811847939,1.82574185835055,555.278248568529,NA,10.8107897735983
"243","VMH","Image_33.vsi","IBE1",535.666666666667,0.666666666666667,0,0,535,0.666666666666667,0,0.1277,296642.266666667,7.36000818889847e-05,0,23.1444737824533,0.816496580927726,0,544.648755315448,NA,0
"244","VMH","Image_34.vsi","ENT",595,4,0,0,591,4,0,0.6653,305653.3,7.36000818889847e-05,0,24.3926218353009,2,0,552.859204499663,NA,0
"245","CP",NA,"T40",606,126.5,38,0,441.5,164.5,38,30.097,146279.925,NA,NA,NA,NA,NA,NA,"H028",259.775905682205
"246","CP",NA,"T40",1140,322.857142857143,97.6428571428571,0,719.5,420.5,97.6428571428571,32.636,299039.178571429,NA,NA,NA,NA,NA,NA,"H038",326.521954779695
"247","CP",NA,"T40",759.7,356.1,160.8,0.6,242.2,517.5,161.4,57.592,143041.27,NA,NA,NA,NA,NA,NA,"H069",1128.34568652809
"248","CP",NA,"T40",1113.2,515.8,158.6,0,438.8,674.4,158.6,62.17,223838.42,NA,NA,NA,NA,NA,NA,"H074",708.546816940541
"249","CP",NA,"IBE2",501,9.66666666666667,0,0,491.333333333333,9.66666666666667,0,1.40316666666667,107332.833333333,NA,NA,NA,NA,NA,NA,"H211",0
"250","CP",NA,"A1",1903.66666666667,1181,90,0,632.666666666667,1271,90,65.1333333333333,404810.2,NA,NA,NA,NA,NA,NA,"H216",222.326413711907
"251","CP",NA,"ENT",865.666666666667,508.333333333333,35,0,322.333333333333,543.333333333333,35,64.0433333333333,198978.933333333,NA,NA,NA,NA,NA,NA,"H241",175.898018014637
"252","CP",NA,"ENT",877.166666666667,19.1666666666667,0,0,858,19.1666666666667,0,1.50088333333333,210573.75,NA,NA,NA,NA,NA,NA,"H243",0
"253","CP",NA,"IBE1",688.666666666667,223.5,6.33333333333333,0,458.833333333333,229.833333333333,6.33333333333333,33.5233333333333,156591.4,NA,NA,NA,NA,NA,NA,"H245",40.4449627076157
"254","CP",NA,"A2",622.222222222222,284.777777777778,103,0.222222222222222,234.222222222222,388,103.222222222222,50.0666666666667,112035.511111111,NA,NA,NA,NA,NA,NA,"H250",921.334862478127
"255","CP",NA,"A1",932,471.8,141,0,319.2,612.8,141,65.414,177643.86,NA,NA,NA,NA,NA,NA,"H263",793.722901540194
"256","CP",NA,"IBE1",1592,865,106,0,621,971,106,65.04,367806.1,NA,NA,NA,NA,NA,NA,"H264",288.195329006235
"257","CP",NA,"IBE1",861,182.666666666667,11.6666666666667,0,666.666666666667,194.333333333333,11.6666666666667,17.6526666666667,194391.833333333,NA,NA,NA,NA,NA,NA,"H268",60.016238679437
"258","CP",NA,"A1",674.666666666667,351.333333333333,97.3333333333333,0,226,448.666666666667,97.3333333333333,70.4233333333333,126642.966666667,NA,NA,NA,NA,NA,NA,"H273",768.564855161058
"259","CP",NA,"IBE2",779.333333333333,445,1.66666666666667,0,332.666666666667,446.666666666667,1.66666666666667,61.5233333333333,150919.833333333,NA,NA,NA,NA,NA,NA,"H274",11.0433905859513
"260","CP",NA,"IBE2",810.666666666667,2.22222222222222,0,0,808.444444444444,2.22222222222222,0,0.305455555555556,340739.633333333,NA,NA,NA,NA,NA,NA,"H275",0
"261","CP",NA,"A1",939.5,383,321,0,235.5,704,321,58.8325,186537.05,NA,NA,NA,NA,NA,NA,"H276",1720.83776386514
"262","CP",NA,"IBE1",881.25,98,0,0,783.25,98,0,11.69175,216710.675,NA,NA,NA,NA,NA,NA,"H278",0
"263","CP",NA,"A1",700.25,278.5,281.25,0,140.5,559.75,281.25,66.5225,156249.6,NA,NA,NA,NA,NA,NA,"H298",1800.0046080118
"264","CP",NA,"IBE2",618.333333333333,62.6666666666667,0.666666666666667,0,555,63.3333333333333,0.666666666666667,13.7306666666667,221208.2,NA,NA,NA,NA,NA,NA,"H301",3.01375205198843
"265","CP",NA,"ENT",677,2,0,0,675,2,0,0.2954,187497.4,NA,NA,NA,NA,NA,NA,"H307",0
"266","CP",NA,"SHT40",470.666666666667,197.333333333333,145,0,128.333333333333,342.333333333333,145,71.7033333333333,102271.1,NA,NA,NA,NA,NA,NA,"SH19",1417.80033655647
"267","CP",NA,"SHT40",766.5,365,133,0,268.5,498,133,65.86,192223.2,NA,NA,NA,NA,NA,NA,"SH6",691.903994939216
