"","Name","ID","group","num_det_mean","num_neg_mean","num_pos_mean","fraq_pos_mean","area_mean","pos_th_mean","neg_th_mean"
"1","ARC","H028","T40",334.375,331.5,2.875,0.823625,88066.025,172.9361625,87893.4121
"2","ARC","H038","T40",245.25,244.75,0.5,0.24125,96918.225,125.44585,96791.019525
"3","ARC","H069","T40",374.9,372.3,2.6,0.67887,102904.19,561.65908,102342.31405
"4","ARC","H074","T40",382.5,380.833333333333,1.66666666666667,0.473066666666667,93814.4833333333,262.95245,93550.7656166667
"5","ARC","H211","IBE2",393,393,0,0,100153.5,13.7291,100138.8594
"6","ARC","H216","A1",397.666666666667,396.666666666667,1,0.2446,108383.833333333,91.0968,108286.2422
"7","ARC","H222","A1",421.333333333333,420.333333333333,1,0.229366666666667,105355.033333333,209.924066666667,105145.6719
"8","ARC","H224","IBE1",330,330,0,0,106532.666666667,78.3251333333333,106455.283866667
"9","ARC","H236","A2",306,305.571428571429,0.428571428571429,0.156271428571429,98300.2714285714,181.8021,98118.4933
"10","ARC","H241","ENT",245.333333333333,245.333333333333,0,0,111515.266666667,102.6047,111408.098966667
"11","ARC","H243","ENT",323.5,323,0.5,0.19085,98904.65,190.6029,98713.01955
"12","ARC","H245","IBE1",397.333333333333,397.333333333333,0,0,110599.933333333,26.4391666666667,110571.7031
"13","ARC","H248","A2",326.666666666667,325.166666666667,1.5,0.434633333333333,102908.95,547.9661,102357.447933333
"14","ARC","H254","ENT",367,367,0,0,104278.666666667,53.5548333333333,104224.585933333
"15","ARC","H263","A1",392.666666666667,392.333333333333,0.333333333333333,0.0966333333333333,97301.9333333333,218.426766666667,97081.388
"16","ARC","H264","IBE1",541,541,0,0,101539.85,18.40645,101523.165975
"17","ARC","H268","IBE1",504.666666666667,504.333333333333,0.333333333333333,0.0570666666666667,104613.3,211.109,104398.708333333
"18","ARC","H273","A2",366.333333333333,366,0.333333333333333,0.0854666666666667,97836.5666666667,105.203566666667,97729.5807333333
"19","ARC","H274","IBE2",271.333333333333,271.333333333333,0,0,109742.6,55.0217333333333,109690.3854
"20","ARC","H275","IBE2",535.6,535.6,0,0,153631.18,112.34656,153510.96562
"21","ARC","H276","A1",301,297.25,3.75,1.085525,102431.9,592.761625,101838
"22","ARC","H278","IBE1",404,403,1,0.2558,105989.45,115.4389,105873.81055
"23","ARC","H298","A1",341.75,340.25,1.5,0.512475,91617.275,51.451125,91566.046875
"24","ARC","H300","A2",524,524,0,0,101546.8,2.5561,101547.5781
"25","ARC","H301","IBE2",399.615384615385,399.384615384615,0.272727272727273,0.0703,95608.4307692308,51.6163153846154,95556.1562384615
"26","ARC","H319","ENT",330.75,329.75,1,0.31125,102336.175,73.44135,102263.046875
"27","ARC","H327","IBE2",260.6,260.6,0,0,105116.06,62.11552,105052.0117
"28","ATAN","H028","T40",330,322.125,7.875,2.3566125,26008.425,876.8492125,25129.0790875
"29","ATAN","H038","T40",181,179.25,1.75,0.96645,22745.525,184.585,22560.371075
"30","ATAN","H069","T40",224.6,215.9,8.7,3.7847,20543.77,834.17007,19709.15323
"31","ATAN","H074","T40",326.833333333333,315.5,11.3333333333333,3.28488333333333,28764.15,1557.7743,27206.2338833333
"32","ATAN","H211","IBE2",277,274,3,1.083,21821.7,161.5605,21658.2188
"33","ATAN","H216","A1",401.333333333333,399,2.33333333333333,0.582266666666667,44644.9,135.135866666667,44509.7422
"34","ATAN","H222","A1",523.666666666667,484,39.6666666666667,7.49633333333333,42585.9,5868.66733333333,36713.8307
"35","ATAN","H224","IBE1",294.666666666667,294.666666666667,0,0,27013.1,140.048933333333,26869.8053333333
"36","ATAN","H236","A2",266,261.571428571429,4.42857142857143,1.08974285714286,23635.5857142857,414.443557142857,23212.6872285714
"37","ATAN","H241","ENT",175.666666666667,175.666666666667,0,0,24393.1666666667,88.2442333333333,24305.8951666667
"38","ATAN","H243","ENT",350.5,348.25,2.25,0.593125,29684.275,113.12385,29569.520525
"39","ATAN","H245","IBE1",237.666666666667,237,0.666666666666667,0.2656,19847.2,72.4836,19775.7672333333
"40","ATAN","H248","A2",299,296.333333333333,2.66666666666667,0.804566666666667,33772.9,389.673783333333,33381.2972166667
"41","ATAN","H254","ENT",297.333333333333,293.666666666667,3.66666666666667,1.17533333333333,26769.9333333333,84.3224666666667,26697.0957
"42","ATAN","H263","A1",179,177.333333333333,1.66666666666667,0.9731,15772.3333333333,157.598933333333,15606.8994
"43","ATAN","H264","IBE1",312,310.75,1.25,0.403875,22463.875,261.491575,22203.783675
"44","ATAN","H268","IBE1",537,522,15,2.6453,37880.0666666667,339.415466666667,37535.9394333333
"45","ATAN","H273","A2",723,702,21,3.02466666666667,61266.4,1859.0124,59394.9544333333
"46","ATAN","H274","IBE2",349,348.333333333333,2,0.1178,35764.7,38.5696666666667,35725.1061333333
"47","ATAN","H275","IBE2",407.25,407.25,0,0,37121.775,138.358025,36969.4497
"48","ATAN","H276","A1",198.75,169,29.75,12.69525,22987.475,2667.40095,20316.358425
"49","ATAN","H278","IBE1",360.25,355.75,4.5,1.11875,33431.7,665.794525,32748.824725
"50","ATAN","H298","A1",592,518.5,73.5,13.13225,48063.4,6695.11705,41378.270525
"51","ATAN","H300","A2",267.5,265.75,1.75,0.653925,27521.75,367.6943,27158.354975
"52","ATAN","H301","IBE2",219.083333333333,218.333333333333,0.818181818181818,0.371566666666667,16665.1166666667,169.31215,16497.8053
"53","ATAN","H319","ENT",265.5,265.5,0,0,30435.675,25.3698,30413.307125
"54","ATAN","H327","IBE2",243.2,243.2,0,0,24770.4,107.91426,24648.84922
"55","AVPE","H028","T40",2209.33333333333,2188.66666666667,20.6666666666667,0.9585,726382.166666667,4421.01863333333,721952.5
"56","AVPE","H038","T40",2170,2145,25,1.57815,696727.325,4756.43475,691967.59375
"57","AVPE","H069","T40",2200.5,2180.5,20,0.918975,715798.55,5163.2082,710641.375
"58","AVPE","H074","T40",2106.8,2090.2,16.6,0.88944,706883.64,5340.23818,701543.4625
"59","AVPE","H211","IBE2",2221.33333333333,2210.66666666667,10.6666666666667,0.478233333333333,692737.133333333,2232.73143333333,690490.166666667
"60","AVPE","H216","A1",2718.66666666667,2715.33333333333,2.66666666666667,0.190733333333333,692901,3931.7874,688987.791666667
"61","AVPE","H222","A1",1873.75,1870.5,3.25,0.199175,707067,1647.471325,705411.921875
"62","AVPE","H224","IBE1",1962,1954.75,7.25,0.734575,642852.6,4977.795125,637857.101575
"63","AVPE","H230","ENT",2185.5,2169,16.5,0.77325,662078.85,2077.05355,659985.0625
"64","AVPE","H236","A2",2010.44444444444,1998.44444444444,11.7777777777778,1.08902222222222,688839.111111111,2420.52675555556,686421.104177778
"65","AVPE","H241","ENT",2299.75,2294.5,5.25,0.2321,699477.7,1528.420875,697951.125
"66","AVPE","H243","ENT",2037.33333333333,2033.66666666667,3.66666666666667,0.160433333333333,695482.533333333,2317.2106,693162.8125
"67","AVPE","H245","IBE1",1096,1084,12,2.1991,686723.4,2698.2016,684030.395866667
"68","AVPE","H250","A2",2193,2172.33333333333,20.6666666666667,0.962166666666667,704004.366666667,2268.12776666667,701743.395833333
"69","AVPE","H254","ENT",3246.66666666667,3244.66666666667,2,0.144066666666667,715225.4,1026.924,714172.791666667
"70","AVPE","H263","A1",1663,1658.66666666667,4.33333333333333,0.2706,698041.266666667,2100.57696666667,695921.020833333
"71","AVPE","H264","IBE1",2760,2754,6,0.4348,738251,3474.331,734759.8124
"72","AVPE","H268","IBE1",1992.33333333333,1989.66666666667,2.66666666666667,0.1312,716023.133333333,3148.14936666667,712873.604166667
"73","AVPE","H273","A2",1560,1550,10,0.746666666666667,703726.733333333,866.867533333333,702858.895833333
"74","AVPE","H275","IBE2",2358,2350.5,7.5,0.35605,692669,2919.64905,689747.71875
"75","AVPE","H276","A1",2224.5,2214.5,10,0.456,688254.6,3189.70555,685059.28125
"76","AVPE","H278","IBE1",2041.5,2037.5,4,0.1933,693116.35,3700.63315,689386.3125
"77","AVPE","H298","A1",2070.5,2062.5,8,0.4629,701742.6,1621.931025,700113.75
"78","AVPE","H300","A2",2235.75,2228,7.75,0.433475,696433.475,2041.6819,694384.40625
"79","AVPE","H301","IBE2",2570.33333333333,2562.66666666667,7.66666666666667,0.315733333333333,708578.433333333,2737.02303333333,705826.333333333
"80","AVPE","H307","ENT",2807.33333333333,2794.66666666667,12.6666666666667,0.4519,690027.566666667,3069.56073333333,686955.395833333
"81","AVPE","H319","ENT",2394.75,2382.25,12.5,0.759275,701710.25,2758.155225,698950.67185
"82","AVPE","Unknown","IBE2",2101,2100,1,0.0476,732007.75,1916.8028,730049.62505
"83","BTAN","H028","T40",236.5,234.625,1.875,0.7206375,20891.025,778.0087,20112.2633
"84","BTAN","H038","T40",207.75,207,0.75,0.306,30051.95,478.27795,29568.3823
"85","BTAN","H069","T40",273.444444444444,265.111111111111,8.33333333333333,3.13444444444444,27059.5777777778,1139.70402222222,25920.3787888889
"86","BTAN","H074","T40",189.666666666667,184.833333333333,4.83333333333333,2.99295,19210.85,675.930533333333,18534.4928333333
"87","BTAN","H216","A1",366,362,4,1.1639,34494.4333333333,837.939466666667,33656.1783666667
"88","BTAN","H222","A1",245.333333333333,237,8.33333333333333,3.15156666666667,23382.9666666667,802.1191,22585.445
"89","BTAN","H224","IBE1",174,173.5,0.5,0.33335,18100.75,116.76305,17997.3359
"90","BTAN","H236","A2",258.142857142857,245.857142857143,12.2857142857143,5.66471428571429,22555.2142857143,1211.69021428571,21344.8017428571
"91","BTAN","H241","ENT",202.333333333333,202.333333333333,0,0,35701.6333333333,136.4813,35567.6269333333
"92","BTAN","H243","ENT",345.666666666667,344.666666666667,1,0.36,32186.0333333333,380.3176,31806.3535
"93","BTAN","H248","A2",362,346.166666666667,15.8333333333333,4.75,37104.5166666667,2137.21635,34967.0514333333
"94","BTAN","H254","ENT",279.5,279.5,0,0,30072.1,224.07915,29845.96775
"95","BTAN","H263","A1",165.666666666667,164,1.66666666666667,1.09653333333333,13844.2,253.535633333333,13589.3124666667
"96","BTAN","H264","IBE1",314.75,311.25,3.5,1.030625,25664.275,448.0397,25218.845675
"97","BTAN","H268","IBE1",287.666666666667,287.333333333333,0.333333333333333,0.113766666666667,22779.2666666667,56.8838,22724.8951666667
"98","BTAN","H273","A2",297,297,0,0,24845,127.8307,24735.2715
"99","BTAN","H274","IBE2",284,283.666666666667,1,0.0839666666666667,31400.4666666667,37.7615666666667,31350.1764333333
"100","BTAN","H275","IBE2",285.333333333333,285,0.5,0.0936333333333333,31166.9,148.314466666667,31011.9570666667
"101","BTAN","H276","A1",292.5,280.5,12,3.5855,26970.825,1151.53,25815.7776
"102","BTAN","H278","IBE1",236.5,234.75,1.75,0.595125,21097.725,206.384175,20888.0979
"103","BTAN","H298","A1",297.25,278.75,18.5,7.62125,27527.975,841.156525,26689.438
"104","BTAN","H300","A2",311.333333333333,292.333333333333,19,8.5013,37388.8333333333,1593.39023333333,35793.9873
"105","BTAN","H301","IBE2",180.818181818182,180.454545454545,0.444444444444444,0.183936363636364,15035.1909090909,85.9582818181818,14950.4708272727
"106","BTAN","H319","ENT",235,233.25,1.75,0.687125,25738.125,126.440625,25599.07005
"107","BTAN","H327","IBE2",177.4,177,0.666666666666667,0.19118,20921.62,107.45048,20811.41562
"108","CP","H028","T40",1172.16666666667,1005.66666666667,166.5,13.6533833333333,173364.083333333,28771.1673,144579.58595
"109","CP","H038","T40",1066.75,314.5,752.25,73.9875,238732.9,192544.396475,46144.593125
"110","CP","H069","T40",1246.5,163,1083.5,82.425,165069.55,146528.07715,18481.9345166667
"111","CP","H074","T40",998.166666666667,109.833333333333,888.333333333333,86.0833333333333,155464.733333333,142912.45475,12525.15545
"112","CP","H211","IBE2",925.666666666667,925.666666666667,NA,0,114645.566666667,38.8595333333333,114608.994133333
"113","CP","H224","IBE1",447.75,436.75,11,2.6098,57195.3,1449.47165,55733.962875
"114","CP","H230","ENT",1421,788.5,632.5,34.37,199408,32368.3823,167045.0332
"115","CP","H241","ENT",623.6,616,9.5,0.95114,120059.12,1540.41956,118500.1
"116","CP","H243","ENT",805.428571428571,546.8,414.857142857143,56.78,105459.057142857,29777.1299571429,75662.3175142857
"117","CP","H245","IBE1",1984.33333333333,1972.66666666667,11.6666666666667,0.596,231884.8,1282.23293333333,230591.5156
"118","CP","H248","A2",654,12.5,646.857142857143,99.1142857142857,118474.228571429,110727.255028571,7722.466
"119","CP","H250","A2",571,536.333333333333,34.6666666666667,4.84983333333333,73003.9,22228.0320666667,50770.5859333333
"120","CP","H254","ENT",276,230,46,16.715,34358.9,4755.1018,29584.6491
"121","CP","H263","A1",795.166666666667,297.666666666667,646.333333333333,73.3033333333333,116035.283333333,101002.1679,15020.3171666667
"122","CP","H264","IBE1",1080,1004.33333333333,75.6666666666667,5.43233333333333,104157.3,1218.94263333333,102928.441433333
"123","CP","H268","IBE1",927,860,89.3333333333333,7.30325,142247.7,151.325875,142084.37305
"124","CP","H275","IBE2",632.333333333333,631,2,0.7332,93567.0333333333,265.007266666667,93277.6569
"125","CP","H276","A1",1123.5,19,1118.75,99.66,172734.25,169482.6875,3250.847275
"126","CP","H278","IBE1",1060.33333333333,1058,3.5,0.179933333333333,144030.6,381.700066666667,143637.2604
"127","CP","H298","A1",743.5,22.5,732.25,98.82,128867.875,126575.669925,2275.93765
"128","CP","H300","A2",956,373.666666666667,582.333333333333,59.05,113974.166666667,76875.7382666667,37059.9186
"129","CP","H301","IBE2",409.125,405.5,4.14285714285714,0.8817375,51483.425,383.159175,51071.0617625
"130","CP","H327","IBE2",1098,1098,NA,0,148896.466666667,296.620166666667,148564.6302
"131","DMH","H028","T40",751.5,741.875,9.625,1.3590125,205204.875,2133.0703,203070.9785125
"132","DMH","H038","T40",554.5,550.5,3.75,0.748575,200490.6,1166.95433333333,200504.906266667
"133","DMH","H069","T40",640.3,633.8,6.5,1.09706,204771.88,1774.96196,202992.88595
"134","DMH","H074","T40",867.166666666667,861.333333333333,5.83333333333333,0.7634,203267.616666667,2283.39298333333,200982.205716667
"135","DMH","H211","IBE2",927,927,0,0,204319.2,448.659,203857.6875
"136","DMH","H216","A1",837.333333333333,821.333333333333,16,1.86256666666667,205094.133333333,1505.987,203578.2448
"137","DMH","H222","A1",902.333333333333,898,4.33333333333333,0.475633333333333,220794.3,674.525633333333,220119.901033333
"138","DMH","H224","IBE1",809.666666666667,807.666666666667,2,0.2191,205132.5,468.1239,204651.776033333
"139","DMH","H236","A2",623.142857142857,610.571428571429,12.5714285714286,2.25292857142857,197092.442857143,1787.82974285714,195296.622785714
"140","DMH","H241","ENT",584.666666666667,574.666666666667,10,1.826,210008.066666667,3053.79413333333,206942.874966667
"141","DMH","H243","ENT",773,746.25,26.75,3.5594,205363.425,3465.699575,201895.726575
"142","DMH","H245","IBE1",861,855.666666666667,5.33333333333333,0.6456,209806.366666667,373.553233333333,209433.0625
"143","DMH","H248","A2",814.5,782.666666666667,31.8333333333333,4.03131666666667,206943.183333333,7388.99711666667,199547.630216667
"144","DMH","H254","ENT",883.333333333333,867,16.3333333333333,1.86016666666667,206473.566666667,3049.0849,203424.223966667
"145","DMH","H263","A1",814,809.333333333333,4.66666666666667,0.5993,201066.3,834.873933333333,200224.9948
"146","DMH","H264","IBE1",1007.25,993.5,13.75,1.384775,205124.4,1092.30955,204036.667975
"147","DMH","H268","IBE1",929,925,4,0.437566666666667,207257.7,393.307766666667,206863.817666667
"148","DMH","H273","A2",834.666666666667,832.333333333333,2.33333333333333,0.288233333333333,201494.566666667,328.1101,201154.25
"149","DMH","H274","IBE2",694.666666666667,694.666666666667,0,0,203946.7,45.7109,203907.223966667
"150","DMH","H275","IBE2",816,816,0,0,201078.15,344.84765,200730.261725
"151","DMH","H276","A1",619.75,605.5,14.25,2.05,207375.975,1444.140825,205923.812525
"152","DMH","H278","IBE1",791.25,790.25,1,0.146925,201733.975,130.070525,201591.6797
"153","DMH","H298","A1",827.25,808.5,18.75,2.255975,206771.025,939.5395,205838.945325
"154","DMH","H300","A2",731.75,731,0.75,0.107425,191179.75,181.2515,190999.16015
"155","DMH","H301","IBE2",858.615384615385,856.384615384615,2.63636363636364,0.248869230769231,200193.553846154,729.627769230769,199464.722353846
"156","DMH","H319","ENT",799.5,783.5,16,1.99225,212062.45,2532.139275,209529.937475
"157","DMH","H327","IBE2",721.4,721.4,0,0,202544.94,346.5104,202196.41876
"158","LPO","H028","T40",1681.5,1632.75,48.75,2.8256,604663.275,7940.42205,596730.390625
"159","LPO","H038","T40",1166,1161,5,0.415666666666667,599216.2,896.790933333333,598295.0625
"160","LPO","H069","T40",1317.75,1311.75,6,0.4402,602243.975,934.86875,601322.96875
"161","LPO","H074","T40",1295.8,1287.2,8.6,0.63246,604154.82,1686.33164,602480.6
"162","LPO","H211","IBE2",1660,1638.66666666667,21.3333333333333,1.28833333333333,608059.233333333,5190.02296666667,602861.916666667
"163","LPO","H216","A1",1792,1789,3,0.1674,602563.1,859.1254,533816.4375
"164","LPO","H222","A1",1018.5,1009.25,9.25,0.913425,522319.925,869.45535,521439.1328
"165","LPO","H224","IBE1",1606,1595.5,10.5,0.64,552751.7,226.37615,552481.65625
"166","LPO","H230","ENT",1494,1435,59,3.9105,622774.85,7014.1759,615747.59375
"167","LPO","H236","A2",1222.33333333333,1209.66666666667,12.6666666666667,0.934211111111111,607076.533333333,1244.17082222222,605806.881944444
"168","LPO","H241","ENT",1491.5,1472.75,18.75,1.348425,595565.35,7481.367625,588092.640625
"169","LPO","H243","ENT",1342.33333333333,1336.33333333333,6,0.413766666666667,605858.133333333,2024.99993333333,603833.854166667
"170","LPO","H245","IBE1",1027,993,34,3.311,615048.8,958.7394,614108.6875
"171","LPO","H250","A2",1471.66666666667,1453.33333333333,18.3333333333333,1.25466666666667,599585.333333333,4770.087,594819.4375
"172","LPO","H254","ENT",1369.66666666667,1366.33333333333,3.33333333333333,0.236866666666667,607407.133333333,576.4984,606841.1875
"173","LPO","H263","A1",1279,1255.66666666667,23.3333333333333,2.73163333333333,600838.466666667,274.859333333333,600568.270833333
"174","LPO","H264","IBE1",1965,1893,72,3.664,596628.1,613.3146,596039.1875
"175","LPO","H268","IBE1",1569,1558.5,10.5,0.6556,610534.85,402.9868,610155.3125
"176","LPO","H273","A2",855.666666666667,842.333333333333,13.3333333333333,1.6226,604518.766666667,1451.01286666667,603000.854166667
"177","LPO","H275","IBE2",1492,1475.5,16.5,1.41515,602257.8,4910.8951,597370.59375
"178","LPO","H276","A1",1414,1392.5,21.5,1.4955,589281.2,6121.2466,583157.84375
"179","LPO","H278","IBE1",1520,1518.5,1.5,0.09715,588143.15,485.3665,587666.03125
"180","LPO","H298","A1",1240.75,1217.75,23,1.823,598912.525,4650.581075,594269.40625
"181","LPO","H300","A2",1463.66666666667,1428,35.6666666666667,2.26853333333333,605756.533333333,6308.49833333333,599459.208333333
"182","LPO","H301","IBE2",1631.33333333333,1589.33333333333,42,2.46166666666667,603843.9,11274.1491,592581.479166667
"183","LPO","H307","ENT",1961.66666666667,1929,32.6666666666667,1.67503333333333,597312.066666667,8542.01783333333,588778.208333333
"184","LPO","H319","ENT",1241.6,1217.4,24.2,1.62024,508907.42,8735.05252,500177.51876
"185","LPO","Unknown","IBE2",1617,1614,3,0.1855,608018.7,782.3359,607235.375
"186","ME","H028","T40",118.4,113.2,5.2,4.76086,27480.04,958.79578,26522.0703
"187","ME","H038","T40",111.25,110.5,0.75,0.56055,26699.775,167.48295,26533.529775
"188","ME","H069","T40",140.5,135.375,5.125,3.3667,38066.725,828.51445,37238.560775
"189","ME","H074","T40",92,85.6,6.4,4.5982,20877.36,4091.60854,16784.97384
"190","ME","H211","IBE2",323,322,1,0.3096,76306.9,46.6156,76261.3828
"191","ME","H216","A1",159,158,1,0.452333333333333,42133.8,251.9282,41880.9960666667
"192","ME","H222","A1",95,93,2,2.105,18003.9,327.2844,17677.8379
"193","ME","H224","IBE1",108.666666666667,108.666666666667,0,0,37606.7666666667,77.8245,37531.0651
"194","ME","H236","A2",168.142857142857,157.285714285714,10.8571428571429,4.69885714285714,35436.4857142857,1071.1356,34366.0011142857
"195","ME","H241","ENT",90.3333333333333,90.3333333333333,0,0,36202.4333333333,29.0107,36172.9954333333
"196","ME","H243","ENT",141.5,141.25,0.25,0.132275,46314.7,99.890025,46215.8291
"197","ME","H248","A2",239,236.4,2.6,1.75508,44744.8,705.39106,44037.98828
"198","ME","H254","ENT",139.5,139,0.5,0.3788,38305,145.45975,38160.16405
"199","ME","H263","A1",75,75,0,0,25469.8,76.4981,25394.1094
"200","ME","H264","IBE1",124,123.75,0.25,0.182475,33663.175,88.718575,33575.271475
"201","ME","H268","IBE1",198.5,186,12.5,6.3245,66110.05,1293.54165,64813.4805
"202","ME","H273","A2",153,149,4,2.6555,45814.85,406.0751,45408.55275
"203","ME","H274","IBE2",97.5,97.5,NA,0,32789.45,8.7355,32780.52635
"204","ME","H275","IBE2",167.75,167.75,0,0,42861.625,70.213325,42792.378925
"205","ME","H276","A1",143.75,138.25,5.5,3.262,49209.075,1094.274975,48113.9663
"206","ME","H278","IBE1",99,99,0,0,28566.3,35.8511,28530.3867
"207","ME","H298","A1",152.25,136.25,16,10.8625,41645.6,1224.09515,40422.814475
"208","ME","H300","A2",275,264.75,10.25,3.48625,69309.375,1044.767275,68264.6875
"209","ME","H301","IBE2",149.125,149,0.142857142857143,0.186625,33078.775,168.4612125,32911.5215
"210","ME","H319","ENT",107,106.666666666667,0.333333333333333,0.209633333333333,32343.0333333333,113.3989,32230.6113333333
"211","ME","H327","IBE2",165,164.666666666667,0.333333333333333,0.2283,52158.6,61.2582333333333,52097.0299666667
"212","MnPO","H028","T40",952.25,945,7.25,0.766925,305393.15,1888.8488,303506.4414
"213","MnPO","H038","T40",658.333333333333,656,2.33333333333333,0.348233333333333,296125.233333333,834.294233333333,295288.552066667
"214","MnPO","H069","T40",765.25,759,6.25,0.7948,296581.5,1939.21945,294643.8984
"215","MnPO","H074","T40",726.6,723.4,3.2,0.5044,297064.36,1818.59472,295246.1875
"216","MnPO","H211","IBE2",835,828,7,0.8164,259793.533333333,1387.61213333333,258403.953166667
"217","MnPO","H222","A1",787.25,785.5,1.75,0.233575,313496.8,421.79545,313076.42965
"218","MnPO","H224","IBE1",705.5,704.5,1,0.1905,202073.9,601.2982,201461
"219","MnPO","H230","ENT",1082.5,1077,5.5,0.49725,296805.75,223.64025,296588.9063
"220","MnPO","H236","A2",604,604,0,0,294099.3,35.9143,294044.9687
"221","MnPO","H241","ENT",855,851.75,3.25,0.374775,277774.7,857.5471,276916.585925
"222","MnPO","H243","ENT",918.25,914.25,4,0.42125,285887.375,815.50725,285070.8242
"223","MnPO","H245","IBE1",906.666666666667,898.666666666667,8,1.8252,306484,1474.35493333333,305020.229133333
"224","MnPO","H250","A2",997.333333333333,988.333333333333,9,0.898466666666667,315663.866666667,1722.6615,313947.375033333
"225","MnPO","H254","ENT",1368,1367.33333333333,0.666666666666667,0.0771666666666667,314284.066666667,317.139133333333,313968.4271
"226","MnPO","H263","A1",744.333333333333,738.333333333333,6,0.854566666666667,305700.833333333,192.412933333333,305511.864566667
"227","MnPO","H268","IBE1",954,954,0,0,274856.4,665.4651,274191.07815
"228","MnPO","H273","A2",753,748,5,0.6828,300949.266666667,346.6258,300603.124966667
"229","MnPO","H275","IBE2",990,985.5,4.5,0.6202,248579.65,564.6393,248012.3203
"230","MnPO","H276","A1",960,953,7,0.7292,296169.7,643.8038,295528.6875
"231","MnPO","H278","IBE1",1120,1113,7,0.5999,317669,365.1683,317296.28125
"232","MnPO","H298","A1",820.5,816.5,4,0.4709,277969.625,873.46995,277094.027325
"233","MnPO","H300","A2",1140.5,1134,6.5,0.515325,326621.125,670.96755,325944.140625
"234","MnPO","H301","IBE2",1238.66666666667,1237.33333333333,1.33333333333333,0.1097,305319.3,325.536433333333,304995.156266667
"235","MnPO","H307","ENT",1003.33333333333,999,4.33333333333333,0.421833333333333,270593.933333333,468.644933333333,270110
"236","MnPO","H319","ENT",644,639.5,4.5,0.67935,269990.4,420.2513,269569.5078
"237","OVLT","H028","T40",314,311.666666666667,2.33333333333333,0.869833333333333,41221.8,611.519433333333,40610.4010333333
"238","OVLT","H038","T40",473,438.666666666667,34.3333333333333,7.731,67172.3,3296.0686,63870.3372666667
"239","OVLT","H069","T40",410,395,15,3.296625,61832.15,1751.637025,60081.159675
"240","OVLT","H074","T40",415.25,401.25,14,3.764,65164.325,2359.5375,62804.596675
"241","OVLT","H211","IBE2",523,523,0,0,89500.7,9.3372,89489.7864666667
"242","OVLT","H216","A1",385,385,0,0,62356.0666666667,83.9292,62266.4336
"243","OVLT","H222","A1",407.75,406.75,1,0.19885,77043.9,543.273675,76500.409175
"244","OVLT","H224","IBE1",545.5,545,0.5,0.14925,72179.65,409.52715,71771.2598
"245","OVLT","H230","ENT",470,469.5,0.5,0.0829,83459.95,92.32215,83369.1328
"246","OVLT","H236","A2",328.888888888889,310.888888888889,6.88888888888889,2.073,51943.1666666667,661.933875,51995.4934125
"247","OVLT","H241","ENT",362,361.5,0.5,0.171125,45148.4,18.142925,45130.505875
"248","OVLT","H243","ENT",350,350,0,0,55384.45,33.00515,55354.9414
"249","OVLT","H245","IBE1",531,531,0,0,99901.4,797.0704,99099.6406
"250","OVLT","H250","A2",434,419,15,3.05416666666667,71163.5666666667,2030.26136666667,69128.9596333333
"251","OVLT","H254","ENT",519,519,0,0,72799.4333333333,3.05676666666667,72799.1328
"252","OVLT","H263","A1",357.333333333333,351,6.33333333333333,2.1677,80275,1976.1796,78298.4844
"253","OVLT","H268","IBE1",372,372,0,0,51882.1,250.4964,51606.0859
"254","OVLT","H273","A2",382.666666666667,367,15.6666666666667,4.122,74067.8666666667,1818.68516666667,72250.5833666667
"255","OVLT","H275","IBE2",507,507,0,0,98624.6,110.38545,98511.8242
"256","OVLT","H276","A1",437,417.5,19.5,3.58875,52510.05,2907.29755,49602.3125
"257","OVLT","H278","IBE1",186,186,0,0,24906.3,67.5913,24846.2363
"258","OVLT","H298","A1",459.75,444.75,15,3.339175,78100.25,1486.41015,76614.8838
"259","OVLT","H300","A2",420.666666666667,417.666666666667,3,0.618466666666667,84880.1,508.517133333333,84373.9987
"260","OVLT","H301","IBE2",474,473.666666666667,0.333333333333333,0.0648666666666667,67433,32.5264,67401.6015666667
"261","OVLT","H307","ENT",471.5,470,1.5,0.30925,55326.7,234.85125,55090.25975
"262","OVLT","H319","ENT",526.666666666667,526.333333333333,0.333333333333333,0.0901,76718.3,31.8237,76687.4830666667
"263","OVLT","Unknown","IBE2",546,546,0,0,89571.7,43.3448,89526.4219
"264","PT","H028","T40",188.625,182.75,5.875,3.1034875,14292.4875,1504.8462625,12787.4234
"265","PT","H038","T40",153.5,133,20.5,12.38725,19812.8,2321.736425,17497.496225
"266","PT","H069","T40",96.3636363636364,87.8181818181818,8.54545454545454,7.98963636363636,8518.88181818182,814.737481818182,7704.19424545455
"267","PT","H074","T40",209.4,183.4,26,11.0624,17881.5,3416.38558,14469.13366
"268","PT","H211","IBE2",551,545,6,1.089,68632.4,269.6276,68394.3516
"269","PT","H216","A1",444.666666666667,374.666666666667,70,15.9966666666667,45410.6333333333,6783.23763333333,38627.5286333333
"270","PT","H222","A1",253.5,186.25,67.25,26.0475,24984.1,5716.49535,19271.689925
"271","PT","H224","IBE1",249.666666666667,249.333333333333,0.333333333333333,0.132266666666667,23064.7333333333,27.9149333333333,23049.6249666667
"272","PT","H236","A2",327.428571428571,233.571428571429,93.8571428571429,25.3302857142857,33489.1714285714,7112.86838571429,26377.3702571429
"273","PT","H241","ENT",234.333333333333,233.666666666667,0.666666666666667,0.2749,46990.9666666667,140.047266666667,46839.6679666667
"274","PT","H243","ENT",408,405.5,2.5,0.57935,40909.35,366.772,40552.823275
"275","PT","H248","A2",408.5,334.666666666667,73.8333333333333,16.282,40919.1,8601.60308333333,32317.8486333333
"276","PT","H254","ENT",322.333333333333,322.333333333333,0,0,31668.7666666667,95.6731666666667,31586.5664
"277","PT","H263","A1",226.5,155.75,70.75,23.76625,23817.7,4354.431025,19461.10425
"278","PT","H264","IBE1",680,678,2,0.278325,59103.375,201.80565,58928.4756
"279","PT","H268","IBE1",519.666666666667,518.333333333333,1.33333333333333,0.415366666666667,47120.3333333333,226.304466666667,46898.4075666667
"280","PT","H273","A2",472,346.666666666667,125.333333333333,27.11,41466.1333333333,8586.08626666667,32896.1152333333
"281","PT","H274","IBE2",375.666666666667,375.333333333333,1,0.0799333333333333,45438.1333333333,42.3467,45426.3496
"282","PT","H275","IBE2",464.5,464.5,0,0,42969.2,73.8564,42914.90625
"283","PT","H276","A1",395,286.75,108.25,28.02,48651.575,9569.999425,39074.156725
"284","PT","H278","IBE1",192,191.5,0.5,0.24585,20352.85,28.8416,20334.1848
"285","PT","H298","A1",426.5,375.25,51.25,12.257,38158.55,2945.83655,35210.605925
"286","PT","H300","A2",385,349.75,35.25,9.56175,43748.75,2561.079625,41224.0288
"287","PT","H301","IBE2",317.818181818182,317.181818181818,0.777777777777778,0.260690909090909,29392.9909090909,124.953563636364,29274.4200181818
"288","PT","H319","ENT",218.6,218.4,0.2,0.12346,25830.84,27.94828,25802.29178
"289","PT","H327","IBE2",293.833333333333,293.5,0.5,0.10965,38220.45,69.36565,38168.4300166667
"290","PathAnnotationObject","H028","T40",3365.8,3311.6,54.2,1.3667,3596890.96,NA,NA
"291","PathAnnotationObject","H038","T40",2854,2810,43.5,1.483,4013347.73333333,NA,NA
"292","PathAnnotationObject","H069","T40",2463,2416,47,1.9105,2857656,NA,NA
"293","PathAnnotationObject","H074","T40",4209,4190,19,0.4514,6179572.1,NA,NA
"294","PathAnnotationObject","H211","IBE2",4816,4792,24,0.4983,5156462.4,NA,NA
"295","PathAnnotationObject","H222","A1",3361,3360,1,0.0298,4583854.3,NA,NA
"296","PathAnnotationObject","H224","IBE1",3571,3567.66666666667,3.33333333333333,0.0991,3575888.96666667,NA,NA
"297","PathAnnotationObject","H236","A2",2349,2260,89,4,3561250.7,NA,NA
"298","PathAnnotationObject","H241","ENT",1635.33333333333,1625.66666666667,9.66666666666667,0.584866666666667,2373978.13333333,NA,NA
"299","PathAnnotationObject","H243","ENT",3886,3847.5,38.5,1.0963,4709340.9,NA,NA
"300","PathAnnotationObject","H250","A2",5483,5439,44,0.8025,6281686.8,NA,NA
"301","PathAnnotationObject","H254","ENT",2796,2751,45,1.609,3934316.9,NA,NA
"302","PathAnnotationObject","H275","IBE2",3665,3664,1,0.0273,5694374.6,NA,NA
"303","PathAnnotationObject","H298","A1",2157.5,2065,92.5,4.442,2016241.2,NA,NA
"304","PathAnnotationObject","H319","ENT",3013,2994.5,18.5,0.6218,4417529.05,NA,NA
"305","PathAnnotationObject","Unknown","Unknown",NA,NA,NA,NA,4113666.2,NA,NA
"306","VMH","H028","T40",742.625,735.5,7.125,0.8219,230830.7875,769.378625,230056.1035125
"307","VMH","H038","T40",568,561.75,6.25,1.11295,266835.075,723.2933,262604.510433333
"308","VMH","H069","T40",817.4,813.8,3.6,0.46315,279257.76,721.01494,278538.62343
"309","VMH","H074","T40",786.833333333333,784.5,2.33333333333333,0.327283333333333,229684.266666667,500.02415,229173.369783333
"310","VMH","H211","IBE2",801,800,1,0.1248,241280.9,412.5576,240869.0781
"311","VMH","H216","A1",912.666666666667,912.666666666667,0,0,308869.333333333,149.052333333333,308712.677066667
"312","VMH","H222","A1",922,919.5,2.5,0.26875,289879.1,482.99485,289395.0781
"313","VMH","H224","IBE1",912.666666666667,912.666666666667,0,0,303772.433333333,217.091633333333,303555.718733333
"314","VMH","H236","A2",864.428571428571,862.714285714286,1.71428571428571,0.240542857142857,290539.357142857,431.485385714286,290107.674114286
"315","VMH","H241","ENT",692.333333333333,691.333333333333,1,0.1583,302066.666666667,728.3247,301326.770833333
"316","VMH","H243","ENT",774.5,774.25,0.25,0.031975,270448.525,577.1054,269868.394525
"317","VMH","H245","IBE1",903.666666666667,903.333333333333,0.333333333333333,0.0388,286267.933333333,224.7597,286045.0833
"318","VMH","H248","A2",1074.5,1070,4.5,0.4045,296924.366666667,1479.46795,295439.53645
"319","VMH","H254","ENT",818.333333333333,818,0.333333333333333,0.0451,276123.933333333,272.824866666667,275851.260433333
"320","VMH","H263","A1",772.666666666667,770.666666666667,2,0.2649,253985,540.5112,253444.3021
"321","VMH","H264","IBE1",1130,1128.75,1.25,0.109375,291540.75,285.46475,291254.78905
"322","VMH","H268","IBE1",903,900.333333333333,2.66666666666667,0.301866666666667,285812.3,275.5203,285545.645833333
"323","VMH","H273","A2",660.333333333333,659,1.33333333333333,0.206733333333333,257481.3,191.9963,257296.6146
"324","VMH","H274","IBE2",692,692,0,0,281357.6,86.0724666666667,281267.9896
"325","VMH","H275","IBE2",1039.66666666667,1037.66666666667,2,0.1956,310707.833333333,835.023233333333,309871.0625
"326","VMH","H276","A1",674,669.25,4.75,0.72095,281800.275,1139.941925,280661.675775
"327","VMH","H278","IBE1",946.25,945.5,0.75,0.0724,290260.15,167.212825,290097.843775
"328","VMH","H298","A1",713.75,708.5,5.25,0.71965,246333.975,297.0462,246037.003925
"329","VMH","H300","A2",1027,1027,0,0,269241.9,52.2548,269188.3125
"330","VMH","H301","IBE2",763.25,761.666666666667,1.9,0.199,237262.458333333,396.055,236867.39975
"331","VMH","H319","ENT",994,993.75,0.25,0.02525,310841.225,131.8822,310709.1172
"332","VMH","H327","IBE2",761.8,761.4,0.5,0.0447,261186.86,619.4951,260567.67814
"333","POA","H216","A1",2718.66666666667,2715.33333333333,2.66666666666667,0.190733333333333,692901,3931.7874,688987.791666667
"334","POA","H222","A1",2661,2656,5,0.43275,1020563.8,2069.266775,1018488.351525
"335","POA","H263","A1",2407.33333333333,2397,10.3333333333333,1.12516666666667,1003742.1,2292.9899,1001432.8854
"336","POA","H276","A1",3184.5,3167.5,17,1.1852,984424.3,3833.50935,980587.96875
"337","POA","H298","A1",2891,2879,12,0.9338,979712.225,2495.400975,977207.777325
"338","POA","H236","A2",2614.44444444444,2602.44444444444,11.7777777777778,1.08902222222222,982938.411111111,2456.44105555556,980466.072877778
"339","POA","H250","A2",3190.33333333333,3160.66666666667,29.6666666666667,1.86063333333333,1019668.23333333,3990.78926666667,1015690.77086667
"340","POA","H273","A2",2313,2298,15,1.42946666666667,1004676,1213.49333333333,1003462.0208
"341","POA","H300","A2",3376.25,3362,14.25,0.9488,1023054.6,2712.64945,1020328.546875
"342","POA","H230","ENT",3268,3246,22,1.2705,958884.6,2300.6938,956573.9688
"343","POA","H241","ENT",3154.75,3146.25,8.5,0.606875,977252.4,2385.967975,974867.710925
"344","POA","H243","ENT",2955.58333333333,2947.91666666667,7.66666666666667,0.581683333333333,981369.908333333,3132.71785,978233.6367
"345","POA","H254","ENT",4614.66666666667,4612,2.66666666666667,0.221233333333333,1029509.46666667,1344.06313333333,1028141.21876667
"346","POA","H307","ENT",3810.66666666667,3793.66666666667,17,0.873733333333333,960621.5,3538.20566666667,957065.395833333
"347","POA","H319","ENT",3038.75,3021.75,17,1.438625,971700.65,3178.406525,968520.17965
"348","POA","H224","IBE1",2667.5,2659.25,8.25,0.925075,844926.5,5579.093325,839318.101575
"349","POA","H245","IBE1",2002.66666666667,1982.66666666667,20,4.0243,993207.4,4172.55653333333,989050.625
"350","POA","H264","IBE1",2760,2754,6,0.4348,738251,3474.331,734759.8124
"351","POA","H268","IBE1",2946.33333333333,2943.66666666667,2.66666666666667,0.1312,990879.533333333,3813.61446666667,987064.682316667
"352","POA","H278","IBE1",3161.5,3150.5,11,0.7932,1010785.35,4065.80145,1006682.59375
"353","POA","H211","IBE2",3056.33333333333,3038.66666666667,17.6666666666667,1.29463333333333,952530.666666667,3620.34356666667,948894.119833333
"354","POA","H275","IBE2",3348,3336,12,0.97625,941248.65,3484.28835,937760.03905
"355","POA","H301","IBE2",3809,3800,9,0.425433333333333,1013897.73333333,3062.55946666667,1010821.4896
"356","POA","Unknown","IBE2",2101,2100,1,0.0476,732007.75,1916.8028,730049.62505
"357","POA","H028","T40",3161.58333333333,3133.66666666667,27.9166666666667,1.725425,1031775.31666667,6309.86743333333,1025458.9414
"358","POA","H038","T40",2828.33333333333,2801,27.3333333333333,1.92638333333333,992852.558333333,5590.72898333333,987256.145816667
"359","POA","H069","T40",2965.75,2939.5,26.25,1.713775,1012380.05,7102.42765,1005285.2734
"360","POA","H074","T40",2833.4,2813.6,19.8,1.39384,1003948,7158.8329,996789.65
