Image,Object ID,Name,Class,Parent,ROI,Centroid X µm,Centroid Y µm,Num Detections,Num 1+,Num 2+,Num 3+,Num Negative,Positive %,H-score,Allred proportion,Allred intensity,Allred score,Area µm^2,Perimeter µm,sp6-thresh: pS6 area µm^2,PS6_GAT_GLUT_FULL: DAPI %,PS6_GAT_GLUT_FULL: DAPI area µm^2,PS6_GAT_GLUT_FULL: GAT %,PS6_GAT_GLUT_FULL: GAT area µm^2,PS6_GAT_GLUT_FULL: GLUT %,PS6_GAT_GLUT_FULL: GLUT area µm^2,PS6_GAT_GLUT_FULL: pS6 %,PS6_GAT_GLUT_FULL: pS6 area µm^2,Num pS6
H1_15_neg-light_4lab06.vsi - 40x_05,8368d2d8-b064-44c9-8563-c0004de73d73,PathAnnotationObject,,Image,Rectangle,555.86,488.16,1695,435,508,745,7,99.59,217.46,5,2,7,763011.7,3517.1,,,,,,,,,,
H274_4_4lab06.vsi - 40x_01 #1,e50c457e-cd55-4ea1-ba14-ba0d927ac706,NDB,,Image,Geometry,2138.4,2178.2,733,241,299,193,0,100,193.45,5,2,7,576335.9,4817,48849.9688,66.2206,46624.1016,2.2278,1568.5436,7.1819,5056.5605,24.3697,17158.0469,
H274_4_4lab06.vsi - 40x_01 #1,80c907b6-a373-43fd-a5eb-22914144d84e,AVPE,,Image,Polygon,1985.4,1847.1,906,689,184,30,3,99.67,126.6,5,1,6,610654.8,3385.7,8288.0234,64.4597,81066.4688,8.5175,10711.8145,25.9282,32608.1309,1.0946,1376.6543,
H274_4_4lab06.vsi - 40x_01 #1,b39f30c0-f30c-497f-a2d3-5e6a8a16ac02,MnPO,,Image,Polygon,1891.6,993.63,563,452,99,8,4,99.29,119.72,5,1,6,298450.4,2885.7,1679.1832,94.4707,50463.3125,2.5976,1387.5333,2.7632,1476.0184,0.1686,90.043,
H274_4_4lab06.vsi - 40x_01 #1,9a3ef093-2586-485d-ac4d-7e5d70698350,MPO,,Image,Geometry,1989.2,1236.6,2270,1695,437,112,26,98.85,127.97,5,1,6,1820251,8193.7,16762.2324,90.7382,189327.7344,2.2038,4598.1865,5.6789,11849.2344,1.3791,2877.4939,
H274_4_4lab06.vsi - 40x_02 #2,4e24135d-b514-4f95-83e6-ac743ab9bedd,MnPO,,Image,Polygon,1021.9,864.8,557,346,150,61,,100,148.83,5,1,6,295114.4,2376,4919.7017,65.4092,40209.2383,19.4284,11943.3174,14.1908,8723.5811,0.9715,597.2147,
H274_4_4lab06.vsi - 40x_03 #3,81e88a8b-4d37-4650-98c3-51053c25f8e2,NDB,,Image,Geometry,1170.5,2011.7,478,8,109,361,,100,273.85,5,3,8,339470.6,3125,101595.4141,6.1936,12317.748,0.029,57.6962,84.2385,167533.1406,9.5389,18970.8418,
H274_4_4lab06.vsi - 40x_03 #3,6ec8dc71-d915-4198-954a-ce1806cc0601,AVPE,,Image,Geometry,1183.4,1925.1,722,81,341,300,,100,230.33,5,2,7,328617.6,3550.4,93107.5312,13.0046,26336.0156,0.1035,209.6866,76.8984,155729.4531,9.9934,20238.0195,
H274_4_4lab06.vsi - 40x_03 #3,be8b36c2-bbcd-43e2-a47a-52b5f27776c7,MnPO,,Image,Polygon,1119,1241.9,557,105,239,213,,100,219.39,5,2,7,290952.8,2515.7,35712.9062,14.3789,24533.8887,0.2768,472.3428,81.3197,138751.4844,4.0246,6867.0054,
H274_4_4lab06.vsi - 40x_03 #3,b9d1cd64-c895-4f07-84f0-5c82dad22457,MPO,,Image,Geometry,1146.9,1298.3,2355,324,927,1104,,100,233.12,5,2,7,1633980.2,7274.7,189006.2344,10.4086,86239.6328,0.1454,1204.5956,85.637,709542.125,3.809,31559.4336,
H301_4_4lab06.vsi - 40x_01 #1,c9985ed2-8bc1-44a8-bb42-5d91af767fb4,NDB,,Image,Geometry,3307.1,8064.3,960,183,297,479,1,99.9,230.62,5,2,7,778791.2,4606.2,104869.7109,20.1594,41178.5312,11.6666,23830.8398,45.1338,92192.5078,23.0402,47063.0117,
H301_4_4lab06.vsi - 40x_01 #1,21bcb0d8-a5ec-4745-a800-5c3a024d5725,MnPO,,Image,Polygon,3622.4,6596.4,587,334,161,92,0,100,158.77,5,1,6,323068.1,2850.9,9609.1201,32.2635,31765.2637,32.8985,32390.416,31.1966,30714.7988,3.6415,3585.2424,
H301_4_4lab06.vsi - 40x_01 #1,bc730662-98b7-482d-8489-df285cc5b1b8,AVPE,,Image,Polygon,3549.4,7663.9,1167,523,411,233,0,100,175.15,5,2,7,701818.5,4114.5,29670.4902,26.5704,65507.4609,38.6897,95386.5469,30.5035,75204.2422,4.2364,10444.5107,
H301_4_4lab06.vsi - 40x_01 #1,fe86a776-26b9-42e9-98a4-b0182d74e8e9,MPO,,Image,Geometry,3516.5,7276.4,2072,1065,638,366,3,99.86,165.97,5,1,6,1747731.4,7746.2,45084.6641,26.7586,113415.4297,33.3055,141164.4531,37.004,156840.2812,2.932,12426.9883,
H301_4_4lab06.vsi - 40x_01 #1,cbdbe87a-c4ce-4d45-8212-2b8cd8ea9d48,Cg,,Image,Rectangle,3383.2,1804,656,389,144,105,18,97.26,151.22,5,1,6,504093,2858.3,11376.8945,82.1898,33390.9766,4.6038,1870.3591,4.5604,1852.7202,8.646,3512.6006,
H301_4_4lab06.vsi - 40x_01 #2,49226b7b-1c1b-417b-a1b8-7f16dbe0bb7b,NDB,,Image,Geometry,1799.9,2367.7,743,194,244,305,0,100,214.94,5,2,7,598046.2,4588.5,54920.3438,18.6925,33244.5586,41.267,73393.2969,26.5149,47156.7812,13.5256,24055.2344,
H301_4_4lab06.vsi - 40x_01 #2,2fc6ac75-be34-46c4-be33-3a5be898b1f9,AVPE,,Image,Geometry,1939.9,1952.9,1161,741,294,124,2,99.83,146.51,5,1,6,715097.5,4404.4,16492.6836,33.0758,70816.1406,40.5082,86728.9531,24.6956,52873.9023,1.7204,3683.3655,
H301_4_4lab06.vsi - 40x_01 #2,56c3cf34-4d37-409a-bc2f-0928bfb3e092,MnPO,,Image,Polygon,2085.4,965.69,581,362,162,57,0,100,147.5,5,1,6,327856.5,2718.7,6168.9756,46.7457,36011.3594,29.1792,22478.7168,23.0428,17751.3809,1.0323,795.2565,
H301_4_4lab06.vsi - 40x_01 #2,a482a48b-6c0a-42e7-9854-48602898c914,MPO,,Image,Geometry,1882.7,1412,2176,1415,506,208,47,97.84,140.21,5,1,6,1710224.5,7728.1,24792.4043,38.6104,134433.75,38.1997,133003.875,21.5493,75030.2578,1.6406,5712.0786,
H301_4_4lab06.vsi - 40x_02,4da6b448-ab3a-46f0-8464-ec7bee2d6ec6,NDB-x0.5,,Image,Polygon,4263.3,3154.1,504,81,139,284,0,100,240.28,5,3,8,369492.1,2223.3,68274.3828,17.7847,18180.3926,13.022,13311.707,42.21,43149.1523,26.9833,27583.6523,
H301_4_4lab06.vsi - 40x_02,4af0f669-02e8-4ea8-b4d4-8cf8d7f9a75c,MPO,,Image,Geometry,2148.1,2365.9,2288,1501,534,243,10,99.56,144.14,5,1,6,1767439.3,9568.3,29478.3906,35.6953,139509.7188,43.9195,171652.9531,18.5887,72651.2266,1.7966,7021.6367,
H301_4_4lab06.vsi - 40x_02,407498de-ba4e-4112-968c-eb6710e4f4c4,MnPO,,Image,Polygon,2244.8,1803.3,531,374,106,45,6,98.87,135.78,5,1,6,306150.4,2653.2,3836.0696,56.6003,32177.2969,23.3744,13288.3379,19.568,11124.4014,0.4574,260.042,
H301_4_4lab06.vsi - 40x_02,0dcfd84e-f12b-463b-a625-aeff0ac7c410,AVPE,,Image,Polygon,2176.1,2762.1,1133,708,304,121,0,100,148.19,5,1,6,704527.3,4557.9,15683.7754,30.666,70334.1328,42.7526,98055.5469,25.0711,57502.0039,1.5103,3463.9087,
H301_4_4lab06.vsi - 40x_05,f7d692de-3405-4aaf-accc-a6c4a9014053,Cg,,Image,Rectangle,552.73,651.7,580,358,134,80,8,98.62,149.31,5,1,6,502131.4,2835.9,14925.249,43.5814,21713.457,0.0989,49.2992,49.6968,24760.3164,6.6228,3299.6663,
H301_4_4lab06.vsi - 40x_06,e63367c3-e213-463b-9869-e9cc8b75dc84,Cg,,Image,Rectangle,514.06,756.11,734,165,221,347,1,99.86,224.52,5,2,7,498941.6,2915.5,45978.5195,27.8709,24023.0195,0.4865,419.294,52.6325,45366.0586,19.0101,16385.5527,
H301_4_4lab06.vsi - 40x_09,0ba3e8b6-428d-41c0-a961-2dc44e9a4a78,Cg,,Image,Rectangle,1089.4,908.94,604,355,122,97,30,95.03,147.35,5,1,6,508147.2,2862.9,12243.499,83.641,28626.1172,1.6251,556.2069,4.4803,1533.3977,10.2535,3509.2737,
22408.vsi - 40x_01,43ca7623-a914-49e8-b775-603005b202c2,AVPE,,Image,Geometry,1063.8,1162.3,1258,701,313,240,4,99.68,162.72,5,1,6,686989,6772.7,26213.5254,41.2018,111720.1641,2.635,7144.9243,53.9614,146318.1875,2.2018,5970.3779,
22408.vsi - 40x_01,8767350f-a468-4bcf-b451-1ab1b61ea243,MnPO,,Image,Polygon,1019.7,304.36,490,370,89,14,17,96.53,120.41,5,1,6,283432,2234.3,1996.3934,67.9472,49204.5312,2.179,1577.9175,29.7233,21524.3672,0.1505,109.0022,
22408.vsi - 40x_01,b78d278f-8164-4c75-a81b-397805cfedc1,MPO,,Image,Geometry,1045,781,2340,1503,469,225,143,93.89,133.16,5,1,6,1624417,9413.4,22167.2949,51.5399,212234.1406,1.5993,6585.8921,45.9188,189087.1875,0.942,3879.0571,
22408.vsi - 40x_02,0bd158b9-f7c2-40ab-84d5-e67d24893c60,NDB,,Image,Geometry,1332.5,1663.2,393,287,29,5,72,81.68,91.6,5,1,6,311065.6,3522.8,846.5099,95.7606,42153.2422,3.8949,1714.5135,0.1464,64.4296,0.1981,87.2176,
22408.vsi - 40x_02,d9ad2e2c-6d7f-4ee1-8bfb-9df0a4ed8d13,MPO,,Image,Geometry,1485.9,887.13,2311,1280,113,8,910,60.62,66.21,4,1,5,1755798.3,7233.1,1470.2623,98.0047,267749.3438,1.8367,5017.8501,0.139,379.6328,0.0197,53.8145,
22408.vsi - 40x_02,1e9a2002-df51-4b6a-9237-38d9ee562133,MnPO,,Image,Polygon,1437.8,469.34,539,387,25,2,125,76.81,82.19,5,1,6,315594.7,2634.3,262.7883,93.5895,56455.4492,6.1598,3715.7388,0.2408,145.2306,0.01,6.0205,
22408.vsi - 40x_02,d292337f-2fe2-40b0-966e-5839cc2dd97e,AVPE,,Image,Polygon,1362.9,1353.5,1319,951,126,26,216,83.62,97.12,5,1,6,702138.4,4079.6,1770.5729,94.3125,134672.0625,5.2555,7504.5679,0.3814,544.6149,0.0505,72.14,
22408.vsi - 40x_03,e2eb719d-1611-47f3-b0b0-e448a618fe9d,AVPE,,Image,Polygon,1092.2,1344.3,1267,961,248,43,15,98.82,125.18,5,1,6,702427.3,4689.9,5077.1582,90.9469,124987.9844,2.0717,2847.1804,6.8343,9392.3545,0.147,202.0818,
22408.vsi - 40x_03,81784928-bc45-4e81-b9c8-e311742b0496,MnPO,,Image,Polygon,1061.5,451.39,587,473,84,7,23,96.08,112.78,5,1,6,304139,2329.6,1147.9559,93.1046,55438.3828,2.9831,1776.2498,3.8331,2282.3916,0.0792,47.1603,
22408.vsi - 40x_03,4e443c7e-8015-448c-b3af-e78f278c8dca,MPO,,Image,Geometry,1278.3,864.23,2464,1964,255,34,211,91.44,104.55,5,1,6,1668664.3,7276.4,3671.7742,96.1602,259080.3906,1.6586,4468.8257,2.1352,5752.7168,0.046,123.9213,
22408.vsi - 40x_03,18d48ebb-03ce-4e74-8ea2-ec62dd8a8c86,NDB,,Image,Geometry,1198.9,1594.7,197,141,45,10,1,99.49,132.49,5,1,6,155533.3,2076.2,869.8788,95.3211,17482.4395,2.5234,462.8104,1.6142,296.0592,0.5412,99.2585,
22408.vsi - 40x_09,f6cbdc76-5a91-4499-af6e-dfc0b4716eb3,Cg,,Image,Rectangle,238.38,478.04,656,215,227,212,2,99.7,198.93,5,2,7,455819.4,2865.7,23977.0527,86.2849,49271.7344,0.9916,566.2146,3.0128,1720.4283,9.7108,5545.1958,
22408.vsi - 40x_10,dad4c6a6-6606-4826-b726-fd5bf4c1e810,Cg,,Image,Rectangle,238.2,629.73,648,253,233,161,1,99.85,185.49,5,2,7,501729.4,3115.5,31000.7773,60.3286,54163.6016,0.2003,179.8483,32.4044,29092.9414,7.0667,6344.5713,
22408.vsi - 40x_11,fc0cee47-58e8-4183-8607-3b1d676ca63f,Cg,,Image,Rectangle,260.88,499.62,642,340,159,88,55,91.43,143.61,5,1,6,521372.8,3042,9448.9971,89.8338,63489.2578,6.679,4720.312,0.6003,424.2847,2.8868,2040.2526,
26306.vsi - 40x_01,b0c7d76e-b899-495f-9650-3f3c7ed0bc9f,AVPE,,Image,Geometry,1456.5,1633.9,1101,798,227,68,8,99.27,132.24,5,1,6,701608.6,4000,9401.5195,57.7922,94611.9922,2.9666,4856.644,37.7864,61860.3516,1.4549,2381.8086,
26306.vsi - 40x_01,866dc719-6042-4263-a8fc-6d09b9a8dabb,MnPO,,Image,Polygon,1410.8,781.67,421,326,76,13,6,98.57,122.8,5,1,6,305295.1,2522.2,1453.8909,59.0026,33997.1406,1.1162,643.1604,39.6095,22822.9141,0.2717,156.5586,
26306.vsi - 40x_01,e5cc7fe8-acda-43ae-83cd-17ca9acc6fce,MPO,,Image,Geometry,1472.5,891.18,1925,1058,584,261,22,98.86,156.31,5,1,6,1787106.3,8138.2,31371.2734,44.4673,153223.1875,1.389,4786.2998,51.6173,177860.5156,2.5263,8705.1504,
26306.vsi - 40x_01,e4c2223b-8eae-44de-86cc-2a9fb1474311,NDB,,Image,Geometry,1444.8,1794.1,411,205,87,112,7,98.3,173.97,5,2,7,406522,5040.1,11979.0996,42.7198,33304.9727,9.2358,7200.376,41.9711,32721.2773,6.0734,4734.8882,
26306.vsi - 40x_02,988f08a7-42e8-425c-ab04-0474b1a4e700,MnPO,,Image,Polygon,1267.5,836.37,477,358,102,15,2,99.58,127.25,5,1,6,307889.4,2609.8,1870.4388,65.1952,36837.6172,0.8856,500.3855,33.6382,19006.8066,0.281,158.7767,0
26306.vsi - 40x_02,672a72a9-c369-4b1c-81ef-c2275a6d63e5,NDB,,Image,Geometry,1235.6,2020.6,347,162,80,102,1,99.71,182.03,5,2,7,300950.6,2959.4,12336.71,41.4072,26565.6914,6.8583,4400.0918,43.8335,28122.3789,7.901,5069.0767,2
26306.vsi - 40x_02,d0907ae1-5254-4995-946d-5e9931abe69e,AVPE,,Image,Polygon,1419.2,1716.6,1067,775,199,77,14,98.69,131.83,5,1,6,711486.5,4222.5,8413.001,48.3095,87288.3047,2.1774,3934.324,48.4563,87553.5234,1.0567,1909.3602,2
26306.vsi - 40x_02,0d6d7d51-1aae-4b79-9038-fee6cdb75f8c,MPO,,Image,Geometry,1317.6,1007.1,2498,1322,586,283,35,98.43,150.18,5,1,6,1815319.6,7410.5,31011.207,71.1749,187543.4375,0.6883,1813.6664,25.1876,66368.3906,2.9492,7770.9209,272
26306.vsi - 40x_03,3fa56653-bfe5-4928-a4df-f08b2aac78fb,AVPE,,Image,Polygon,1477.7,1554.4,1122,945,111,37,29,97.42,113.9,5,1,6,721150.4,5430.5,3328.1848,68.878,92546.9219,2.8058,3770.0286,27.8968,37483.0742,0.4193,563.442,
26306.vsi - 40x_03,619f29d3-5559-4a6d-b4ec-bd55c1fe7821,MnPO,,Image,Geometry,1328.2,559.04,544,468,42,10,24,95.59,106.99,5,1,6,326089.1,2667.5,886.1447,85.8929,43805.0938,0.4758,242.6672,13.2376,6751.1382,0.3937,200.7879,
26306.vsi - 40x_03,744dddfe-cb57-4461-bd59-da82c7fc4d63,MPO,,Image,Geometry,1460.4,947.99,2096,1541,295,132,128,93.89,120.56,5,1,6,1694697,7313.6,12917.3691,89.019,182532.375,0.7032,1441.9552,8.6417,17719.6934,1.6361,3354.7217,
26306.vsi - 40x_03,fb8c9860-75fc-4934-bfa8-01f5e9f67abc,NDB,,Image,Geometry,1275.7,1818.2,390,232,83,73,2,99.49,158.21,5,1,6,349424.7,3363.3,8733.6172,60.6475,27805.459,10.0684,4616.1421,21.2673,9750.5732,8.0167,3675.4702,
26306.vsi - 40x_08,6a02209e-dae3-4d8d-b17a-1c02457c22ca,Cg,,Image,Rectangle,517.87,591.82,698,371,199,76,52,92.55,142.84,5,1,6,509487.7,3004.2,12343.2852,83.9926,51182.5977,0.0548,33.3766,11.7105,7136.0518,4.2421,2584.9995,
26306.vsi - 40x_09,d3b71cf6-df8d-4ad9-8edb-61b4876b958e,Cg,,Image,Rectangle,545.57,868.62,753,373,213,112,55,92.7,150.73,5,1,6,508045.2,2995.9,17395.0684,86.5636,54470.7773,0.1339,84.2602,7.2109,4537.5063,6.0916,3833.1643,
26306.vsi - 40x_10,220120f9-283e-429f-8ce4-d8897cb9d5f8,Cg,,Image,Rectangle,665.15,498.08,736,400,188,60,88,88.04,129.89,5,1,6,502368.5,2874,13251.9541,86.7264,50802.4375,0.1988,116.4486,9.1452,5357.0298,3.9297,2301.9053,
26806.vsi - 40x_01,d654d723-5f80-477c-b60b-b8f3c58833d1,MnPO,,Image,Polygon,1376.5,743.72,575,375,128,71,1,99.83,146.78,5,1,6,307580,2558.2,6447.3169,79.6028,38554.9805,5.5041,2665.8796,12.9704,6282.1221,1.9226,931.1923,
26806.vsi - 40x_01,db8bcc70-cbe0-44f7-a5ab-8a6dc06860d6,AVPE,,Image,Polygon,1080.8,1655.4,1048,642,234,166,6,99.43,153.44,5,1,6,705062.2,5743.8,20240.6914,47.3475,79740.4609,16.8357,28353.8496,34.0254,57303.9648,1.7915,3017.1794,
26806.vsi - 40x_01,1c7694da-5103-4dfb-a949-3b7e0035d7b0,MPO,,Image,Geometry,1413.7,1179.5,2415,1595,570,201,49,97.97,138.22,5,1,6,1768503.4,7697.3,19509.7852,83.8348,184645.5469,6.9683,15347.6289,8.4928,18705.4141,0.7041,1550.7462,
26806.vsi - 40x_02,04ff500b-90e3-4a59-a797-f9d26344c77a,AVPE,,Image,Polygon,1289.8,2080.6,1230,843,184,131,72,94.15,130.41,5,1,6,749647.8,5349.1,11669.917,69.2943,105424.5234,14.0128,21319.0625,15.8943,24181.6641,0.7987,1215.105,
26806.vsi - 40x_02,4b924e26-1a7c-46c7-a5fa-a2bbcd82512f,MnPO,,Image,Polygon,1579.9,1172.6,607,407,142,52,6,99.01,139.54,5,1,6,304207.8,2597.5,5626.4468,89.9985,44159.1914,2.5248,1238.8173,6.8929,3382.1309,0.5838,286.4476,
26806.vsi - 40x_02,8df63760-ee65-4a79-a674-a89a2f4e16f3,MPO,,Image,Geometry,1426,1480.2,2327,1571,486,175,95,95.92,131.84,5,1,6,1704192.5,7259.8,16816.3105,91.2765,187900.5625,3.5048,7214.978,4.6597,9592.4297,0.5589,1150.5698,
26806.vsi - 40x_03,672a099e-d10d-4a82-9264-6eca0fd0462a,MnPO,,Image,Polygon,1603.5,598.8,603,367,164,71,1,99.83,150.58,5,1,6,306266.4,2473.5,6975.481,81.6691,41842.6602,2.0545,1052.6051,15.5981,7991.5659,0.6784,347.5501,
26806.vsi - 40x_03,69cbd953-e68a-4cbf-beae-6a77e68c06b7,AVPE,,Image,Geometry,1326,1696.5,1224,824,214,173,13,98.94,144.69,5,1,6,710867.7,5910.8,17572.5664,43.2152,88438.9297,17.394,35596.4766,38.1769,78128.1641,1.2138,2484.0247,
26806.vsi - 40x_03,6eebb43b-8f81-48d6-b8d7-7a6d2e308685,MPO,,Image,Geometry,1342,1247.4,2353,1430,543,355,25,98.94,152.19,5,1,6,1756935.2,7805.1,32025.1543,68.1289,165544.0625,10.2306,24858.9941,20.2642,49239.2539,1.3763,3344.1067,
26806.vsi - 40x_04,c3c698fb-8e6f-4cbe-8e6e-eb7ddbd7d14f,Cg,,Image,Rectangle,462.28,470.22,652,237,187,216,12,98.16,193.1,5,2,7,479388.5,2897.4,23432.4902,83.9008,43450.8633,0.2767,143.2766,0.4406,228.1705,15.3819,7966.0581,
26806.vsi - 40x_05,d8509d71-4bda-49d0-846a-45bf356eeb3c,Cg,,Image,Rectangle,552.26,485.49,649,201,185,256,7,98.92,206.32,5,2,7,502254.6,2861.6,34495.6094,76.3736,43785.1836,0.0584,33.4559,1.1791,675.9561,22.389,12835.6934,
26806.vsi - 40x_06,6ed19f75-f828-46ed-848c-144be437a8fc,Cg,,Image,Rectangle,471.21,494.75,644,190,215,236,3,99.53,206.21,5,2,7,503781.5,2905.2,35393.3164,74.1332,38362.3008,0.0654,33.8519,1.0829,560.379,24.7185,12791.2793,
27606.vsi - 40x_01,77efa71a-4727-4a4b-9302-547ffd3d1e3f,MnPO,,Image,Polygon,1874,841.41,525,427,65,14,19,96.38,114.1,5,1,6,303164.3,2426.6,1447.4744,45.8181,47012.4453,0.3543,363.5255,53.4493,54842.5703,0.3784,388.2147,
27606.vsi - 40x_01,71c5938b-2edd-4200-8355-597705fde2b0,AVPE,,Image,Polygon,1877.1,1669.7,1163,872,164,98,29,97.51,128.46,5,1,6,703363.1,4228.7,9118.5312,28.8521,98654.1094,7.1902,24585.6426,63.0152,215468.1719,0.9424,3222.4299,
27606.vsi - 40x_01,9f02bc6c-c0ae-4284-8f83-3e58ec80805f,MPO,,Image,Geometry,1806.6,947.24,2363,1583,500,220,60,97.46,137.24,5,1,6,1764900.4,7438.4,27972.7969,39.9878,205508.5469,0.3649,1875.4818,58.0173,298166.7188,1.63,8376.876,
27606.vsi - 40x_01,fce3abf4-db85-4298-bd20-73354046fbb2,NDB,,Image,Polygon,497.5,2285.6,435,185,108,139,3,99.31,188.05,5,2,7,330286.5,2332.4,15995.5459,13.5245,25342.7969,1.0272,1924.8867,81.1405,152044.4219,4.3077,8072.0234,
27606.vsi - 40x_02,4ec1cbea-6579-4a49-b64c-d9cc43c3f71b,AVPE,,Image,Polygon,1601.7,1620.5,1317,877,315,118,7,99.47,141.31,5,1,6,700412.5,4672.6,11384.5518,38.7375,107061.1641,24.5427,67830.0156,35.7637,98842.1953,0.9561,2642.4844,
27606.vsi - 40x_02,86dfb0e1-6e46-458f-b0c9-f2700b0daf80,MnPO,,Image,Polygon,1525.1,816.71,528,419,77,26,6,98.86,123.3,5,1,6,290870.7,2452.6,2114.4526,51.0067,46910.0195,5.4927,5051.5435,43.234,39761.6094,0.2666,245.1493,
27606.vsi - 40x_02,df99e49f-189c-4c4e-9bce-c11016a595a1,MPO,,Image,Geometry,1564,908.19,2406,1463,683,244,16,99.33,148,5,1,6,1703219.8,7121,26151.5527,52.0609,196930.9375,4.3743,16546.8379,41.921,158574.8906,1.6438,6217.9829,
27606.vsi - 40x_02,86cf552a-71cf-4850-9d1d-eb70282cfba0,NDB,,Image,Polygon,267.75,2091.2,267,123,79,65,0,100,178.28,5,2,7,187841.6,1674.2,7875.7266,24.7995,15636.3477,14.8454,9360.1934,55.8435,35209.9492,4.5116,2844.6455,
27606.vsi - 40x_07,eb47a3db-adc5-47e1-9b9f-2158340329c8,Cg,,Image,Rectangle,335.73,530.25,726,411,171,105,39,94.63,147.11,5,1,6,509733.9,2871.9,13324.4902,87.3628,59245.1953,0.0681,46.1833,7.8101,5296.4287,4.759,3227.2886,
27606.vsi - 40x_08,e043af8c-ab53-4942-a243-14aadd75ad33,Cg,,Image,Rectangle,529.66,938.86,749,427,195,111,16,97.86,153.54,5,1,6,500704.9,2831,13426.5742,85.0333,64880.6992,0.0415,31.6867,10.5381,8040.5747,4.3871,3347.4075,
27606.vsi - 40x_09,971fc8b3-fa8d-4e51-b9d5-3eb6a99b5841,Cg,,Image,Rectangle,523.5,640.08,697,289,166,227,15,97.85,186.8,5,2,7,498285.1,2833.9,30180.3555,70.0637,53877.3672,0.4098,315.1241,14.5503,11188.8838,14.9762,11516.3662,
Image_02.vsi - 40x_01,99115639-9434-4fa1-8f82-7a50d0d125d4,MnPO,,Image,Polygon,1085.9,731.16,664,590,42,3,29,95.63,102.86,5,1,6,317790.3,2748.4,543.4003,87.9239,61183.707,1.1739,816.8563,10.8975,7583.2832,0.0047,3.3007,
Image_02.vsi - 40x_01,9432e8f7-4aa6-48ad-9960-7aabb5d9f705,AVPE,,Image,Polygon,1199,1710.9,1488,914,451,122,1,99.93,146.64,5,1,6,693573,4388.7,17433.4082,53.8358,145865.5,6.8209,18480.9922,38.5751,104517.5703,0.7682,2081.3396,
Image_02.vsi - 40x_01,a03d1516-3e4a-43b8-abb1-df7298a720dc,MPO,,Image,Geometry,1106.7,893.92,2631,1981,235,126,289,89.02,107.53,5,1,6,1725222.8,7631.4,10616.0967,82.0183,246023.5781,3.5207,10560.8008,13.569,40701.8047,0.892,2675.5442,
Image_02.vsi - 40x_02,b135683f-6bc0-4d26-8374-64fe41d3abd2,AVPE,,Image,Polygon,1890.3,1770.4,1334,974,262,81,17,98.73,130.51,5,1,6,723870.5,4587.7,8610.2236,58.1791,116893.3828,6.4646,12988.582,34.7487,69817.1172,0.6076,1220.7822,
Image_02.vsi - 40x_02,3ba18ea8-898e-4e2b-868f-ecb257ce9ff2,MnPO,,Image,Polygon,1878.7,867.81,538,445,63,12,18,96.65,112.83,5,1,6,296450.6,2605.8,1277.6337,83.4426,49700.5352,0.7463,444.5378,15.6433,9317.5742,0.1677,99.8923,
Image_02.vsi - 40x_02,61291819-3f98-43bd-a97d-6d9dad34d63a,MPO,,Image,Geometry,1741.5,956.22,2389,1742,288,145,214,91.04,115.24,5,1,6,1722958.4,7850,11890.5615,84.3746,212628.2969,2.281,5748.1489,12.2054,30758.2344,1.139,2870.4172,
Image_02.vsi - 40x_02,2a45eace-f177-4709-8431-c02630a047e5,NDB,,Image,Geometry,1869.9,2040.3,832,383,197,248,4,99.52,182.81,5,2,7,606656.7,4318,29561.4102,53.1854,63753.2852,10.6269,12738.4424,24.7825,29706.7383,11.4053,13671.5352,
Image_02.vsi - 40x_03,b2c13ddc-26f2-4665-87b1-d4af9f190439,AVPE,,Image,Geometry,1619.2,1545.8,1205,891,111,30,173,85.64,99.83,5,1,6,705720.8,5397.5,3450.2578,55.2694,107359.6797,26.4825,51441.6914,17.935,34838.293,0.3131,608.2787,
Image_02.vsi - 40x_03,b4d4f2e7-7a30-4447-95a8-859d3d648ad1,NDB,,Image,Geometry,1449.1,1900.3,529,296,83,134,16,96.98,163.33,5,2,7,385379.8,3494.7,14111.4023,57.4774,44528.0273,26.6393,20637.5879,7.0094,5430.2256,8.874,6874.7158,
Image_02.vsi - 40x_03,d1923c80-aca5-4d43-8efe-63de43046083,MPO,,Image,Geometry,1673.1,1097.8,2502,1412,165,99,826,66.99,81.49,5,1,6,1761650.5,8982,8965.1143,79.868,251614.2188,15.7143,49505.8203,3.6046,11355.7148,0.8131,2561.7097,
Image_02.vsi - 40x_04,66d0640a-26c1-466a-ac86-c0f164599b47,Cg,,Image,Rectangle,1360,760.65,805,290,214,299,2,99.75,200.62,5,2,7,516999.9,3019.5,34574.4805,75.6538,63008.7812,1.4074,1172.1696,7.6973,6410.77,15.2415,12694.001,
Image_02.vsi - 40x_05,e7ebc1b6-f5c9-474c-811c-2dcd40fecc41,Cg,,Image,Rectangle,1194.9,822.34,712,195,180,335,2,99.72,219.1,5,2,7,503950.6,3000.5,42801.9023,63.4016,47835.9062,0.6548,494.0218,11.2771,8508.4814,24.6665,18610.5918,
Image_02.vsi - 40x_06,ec655601-9760-4815-8e75-743b6297d76c,Cg,,Image,Rectangle,978.06,1011.9,820,336,234,232,18,97.8,182.93,5,2,7,502922.7,2958.8,25166.3066,84.7199,72889.1875,0.565,486.0737,4.4678,3843.8584,10.2474,8816.4229,
Image_03.vsi - 40x_01,0bf4c485-1275-44bd-b0b9-f97a0930352d,AVPE,,Image,Geometry,1211.1,1627.1,1235,130,406,699,,100,246.07,5,3,8,705955.3,4656.4,70383.5781,12.3894,59800.9531,3.345,16145.3936,78.9175,380916.25,5.3481,25814.084,
Image_03.vsi - 40x_01,8a8f1491-f36b-4fc7-9202-4441c8c5d502,MnPO,,Image,Polygon,1261.8,843.49,498,100,188,210,,100,222.09,5,2,7,305194.9,2410.1,17586.4551,17.1315,29736.8145,4.8458,8411.335,75.4218,130916.7734,2.6009,4514.5601,
Image_03.vsi - 40x_01,10801e8f-0dbb-4a1f-932f-b5ae8f51fd34,MPO,,Image,Geometry,1256.4,980.17,2315,636,696,983,,100,214.99,5,2,7,1787613.7,7562.7,95139.2266,13.7641,123578.8516,4.4098,39593.0898,77.422,695123.9375,4.4041,39541.9414,
Image_03.vsi - 40x_02,b0f6af64-2eaf-4237-a5ab-1134b3ac74c9,AVPE,,Image,Geometry,1510.5,1574.5,1274,354,482,438,0,100,206.59,5,2,7,696170.8,5523.7,37090.5898,25.7328,88605.625,4.9818,17153.6641,66.5987,229319.2656,2.6868,9251.3223,
Image_03.vsi - 40x_02,a9b53b5b-6e7e-4da5-9249-500e8b083379,MnPO,,Image,Geometry,1593.3,555.28,532,220,199,111,2,99.62,178.76,5,2,7,310787.7,4791.9,8750.3584,35.1053,39428.5312,7.8386,8803.96,55.5568,62398.5469,1.4993,1683.9094,
Image_03.vsi - 40x_02,07d2fbd9-82c1-4a65-b2de-40b65ab3fe3d,MPO,,Image,Geometry,1505.4,852.33,2362,1098,623,637,4,99.83,180.14,5,2,7,1769936.3,7479.6,48193.418,36.695,168201.0938,6.873,31504.3242,52.6396,241286.9688,3.7924,17383.3398,
Image_03.vsi - 40x_02,9a791585-ee36-4965-86cd-7c57d4010588,NDB,,Image,Geometry,1409.4,1792.5,414,108,113,193,0,100,220.53,5,2,7,330192.8,3088.7,21940.6543,26.9079,27689.8828,12.466,12828.3262,49.8977,51347.8203,10.7284,11040.1416,
Image_03.vsi - 40x_05,5c8d94b2-0451-4b70-91c2-9b13d74acd82,AVPE_x05,,Image,Geometry,1526.7,1551,516,274,176,64,2,99.61,158.53,5,1,6,306866.3,4781.5,6293.2666,34.6516,39939.582,3.7003,4264.9219,60.6568,69913.1797,0.9913,1142.6217,
Image_03.vsi - 40x_05,b0d9e780-2335-41d7-b673-a5aa519aa0c8,MnPO,,Image,Geometry,1732.9,493.49,537,401,101,31,4,99.26,129.61,5,1,6,315620.2,3958.1,2614.231,59.3854,46798.9062,10.7711,8488.2285,29.2418,23044.1133,0.6016,474.112,
Image_03.vsi - 40x_05,37a30a46-b21f-459a-bc4c-0d740dac5735,MPO,,Image,Geometry,1672.6,1077.3,2435,1582,535,302,16,99.34,146.12,5,1,6,1813757.5,7935.4,26734.1387,49.8122,203345.0781,6.0222,24583.875,42.248,172466.4375,1.9177,7828.353,
Image_03.vsi - 40x_06,f0b209d6-ee0b-4d71-b3a3-1ef957bbdbb2,Cg,,Image,Rectangle,363.41,588.98,752,283,121,337,11,98.54,204.26,5,2,7,510951.2,2890.5,38183.25,66.8944,51951.0273,0.5868,455.7073,11.6123,9018.2412,20.9065,16236.2295,
Image_03.vsi - 40x_07,101416af-8147-4be1-a3d4-3a2dc10418ec,Cg,,Image,Rectangle,348.51,937.5,811,251,159,395,6,99.26,216.28,5,2,7,502156.3,2884.8,42109.3633,69.5749,56305.1484,1.1425,924.5909,8.5121,6888.6055,20.7705,16809.0449,
Image_03.vsi - 40x_08,3e2792a2-19a9-4efe-9086-af49027a69b7,Cg,,Image,Rectangle,407.12,620.66,735,249,134,315,37,94.97,198.91,5,2,7,501547.3,2903.6,35056.9102,71.5919,52626.5859,6.0113,4418.8398,2.7995,2057.8652,19.5974,14405.874,
Image_04.vsi - 40x_01,2ee83ffd-8041-4f8d-831a-3ffdf920ff80,AVPE,,Image,Geometry,509.9,729.23,997,734,162,86,15,98.5,132,5,1,6,639434,3634.7,17451.3125,22.8718,77394.1641,40.9278,138492.3438,33.6482,113859.4609,2.5522,8636.0469,
Image_04.vsi - 40x_01,ae7c6277-3ec4-4dbf-b43a-0a672c1f397e,MPO_x05,,Image,Geometry,1161.1,418.68,842,514,120,133,75,91.09,136.94,5,1,6,723166,3495.6,21206.2363,28.4913,69903.3047,53.8353,132084.6719,13.2929,32614.1504,4.3804,10747.3828,
Image_04.vsi - 40x_02,c717e2c1-b0e7-4a6f-992d-8c902f55d93b,AVPE,,Image,Polygon,661.62,926.2,1192,601,363,227,1,99.92,168.46,5,2,7,643979.4,4183.7,28276.3301,23.7055,91335.0625,41.1869,158688.875,33.0495,127336.4141,2.0581,7929.7505,
Image_04.vsi - 40x_02,ee8fa126-01bf-4d04-ab60-4685fc1f06be,MPO_x05,,Image,Polygon,1308.7,466.97,894,543,157,182,12,98.66,156.94,5,1,6,759187.4,3809.3,17756.4277,28.1441,67189.4922,52.3804,125049.7188,16.1856,38640.4805,3.29,7854.2832,
Image_04.vsi - 40x_03,3b73eb40-c1dd-4aaf-a1a8-d0adc7251485,AVPE,,Image,Polygon,548.31,853.3,1534,630,549,354,1,99.93,181.88,5,2,7,721630.3,4744,41279.332,24.5253,114716.6094,36.3698,170119.1094,36.8021,172141.1719,2.3029,10771.835,
Image_04.vsi - 40x_03,cabacf5a-ec6f-4f2d-b2da-8787be955fa1,MPO_x05,,Image,Polygon,1426.1,501.36,1074,657,183,225,9,99.16,158.1,5,1,6,835208.1,3594.9,21543.252,29.6335,82012.1797,44.7117,123742.1172,22.2037,61449.9297,3.4511,9551.1055,
Image_04.vsi - 40x_05,17cca0c4-ab36-4bc4-b271-f1c1132d0e05,Cg,,Image,Rectangle,395.35,547.9,712,209,120,368,15,97.89,218.12,5,2,7,506928.6,3073,45181.5469,54.9349,45326.4258,4.8862,4031.5493,13.928,11491.8613,26.251,21659.5098,
Image_04.vsi - 40x_06,32dbe78a-6f4e-4ad4-928a-d34661787172,Cg,,Image,Rectangle,478.39,782.05,673,229,125,299,20,97.03,204.46,5,2,7,507455.8,2894.3,34033.3516,61.9223,43061.7773,10.4924,7296.5713,4.9361,3432.6445,22.6493,15750.6836,
Image_04.vsi - 40x_07,284aded0-888f-4585-8477-76bce3b7b514,Cg,,Image,Rectangle,578.12,800.58,679,270,150,246,13,98.09,192.64,5,2,7,492393.5,2921.5,29368.6758,73.5153,47819.1367,5.5994,3642.1992,4.3808,2849.5833,16.5045,10735.5801,
Image_04.vsi - 40x_08,36a81c86-dc5f-44b0-9ac8-95104206b461,Cg,,Image,Rectangle,456.28,557.1,697,264,174,177,82,88.24,163.99,5,2,7,489536,3082.6,26958.0566,70.8632,60070.1836,10.719,9086.3672,6.3526,5385.0459,12.0652,10227.5889,
Image_05.vsi - 40x_01,19e12cd3-4828-4035-a906-71a68cc3f36d,AVPE,,Image,Geometry,1065.7,1399.9,1196,477,405,314,0,100,186.37,5,2,7,693889.1,6541.1,41305.1836,21.0201,94561.9297,25.1063,112944.4297,51.7591,232845.625,2.1145,9512.1572,
Image_05.vsi - 40x_01,81c1613b-71a4-4ba9-8f4a-c74fec2d69e4,MPO,,Image,Geometry,1060.9,707.32,2562,1467,624,460,11,99.57,159.84,5,1,6,1723346.7,7565.3,37246.4883,42.2915,219831.125,13.2477,68861.625,43.0962,224013.875,1.3647,7093.5127,
Image_05.vsi - 40x_01,6ae2e159-ab07-47a4-b7aa-754844a02e8d,MnPO,,Image,Geometry,1070.2,491.7,555,256,181,117,1,99.82,174.59,5,2,7,303934.6,4221.1,9666.5527,37.2007,46330.8398,12.8032,15945.4775,48.5485,60463.7852,1.4476,1802.8401,
Image_05.vsi - 40x_02,1cae1093-69cf-4f4c-8025-7ae69f47baac,MPO,,Image,Geometry,1253.8,1036.6,2705,2032,461,139,73,97.3,124.62,5,1,6,1788421.1,7554.1,9029.7559,67.6595,262753.75,23.9354,92952.5625,8.2735,32129.9258,0.1315,510.8157,
Image_05.vsi - 40x_02,40851b93-6489-42b6-943b-6fd2f635840e,MnPO,,Image,Polygon,1219.2,573.49,569,424,104,34,7,98.77,129,5,1,6,315833.9,3763.7,2024.9114,30.8042,40808.9336,9.2327,12231.3232,59.8873,79337.6953,0.0757,100.3148,
Image_05.vsi - 40x_02,7cd8e91e-b2b9-4be9-8100-48cce033f2ba,AVPE,,Image,Polygon,1338.2,1620.6,1229,733,314,180,2,99.84,154.68,5,1,6,692363.7,6093.8,13971.1094,38.0128,124027.7734,43.6514,142425.1562,17.7996,58076.3516,0.5362,1749.4481,
Image_05.vsi - 40x_03,b6674504-892f-44f1-84ef-cee3db836635,MnPO,,Image,Geometry,1157.8,621.67,620,452,110,35,23,96.29,125.32,5,1,6,336129.3,4197.7,2129.8208,57.4337,58561.5273,7.6329,7782.8037,34.7469,35429.25,0.1864,190.0937,
Image_05.vsi - 40x_03,3f78c677-fccf-4700-a513-1573192ebe8f,AVPE,,Image,Geometry,1102.3,1705.9,1094,733,176,143,42,96.16,138.39,5,1,6,691980.1,7136.1,10700.6738,50.9261,104475.1641,32.8623,67417.2422,15.6137,32031.6172,0.5978,1226.4858,
Image_05.vsi - 40x_03,57b81e25-3bf6-4ed0-a7c8-e2deda5e2cce,MPO,,Image,Geometry,1081.3,1128.3,2624,1896,407,125,196,92.53,117.57,5,1,6,1761042.2,8492.9,7569.3691,73.6196,253065.6562,13.5675,46637.8047,12.6801,43587.4609,0.1329,456.7371,
Image_05.vsi - 40x_05,5cb4c055-3486-449d-a9a1-7f1f27b030a7,Cg,,Image,Rectangle,405.04,797.71,756,263,206,283,4,99.47,201.59,5,2,7,509178.2,2942.3,25889.3438,81.9485,61427.4297,0.4472,335.2451,7.7958,5843.6313,9.8084,7352.2344,
Image_05.vsi - 40x_06,608c796d-72da-47aa-b86c-b6b94e90b6aa,Cg,,Image,Rectangle,540.09,792.86,737,379,201,143,14,98.1,164.18,5,2,7,500627,2836.7,13978.6357,89.1902,66797.8516,0.7824,585.9924,5.4259,4063.6848,4.6014,3446.1643,
Image_05.vsi - 40x_07,3aeab161-cb19-450d-95e5-f5b8a03818f7,Cg,,Image,Rectangle,458.82,651,689,422,191,61,15,97.82,143.25,5,1,6,500848.6,3127.8,6667.3281,93.9214,63836.4102,3.2341,2198.1316,1.1338,770.6201,1.7108,1162.7692,
Image_06.vsi - 40x_01,a9b960bb-e2e4-453a-b749-d8c2085b8857,AVPE_x05,,Image,Polygon,696.5,1279.5,789,479,210,98,2,99.75,151.2,5,1,6,343967.1,3093.4,8428.3154,30.6209,62237.6602,50.2642,102163.25,17.1715,34901.4805,1.9434,3949.9824,
Image_06.vsi - 40x_01,7a26626b-47e0-4c8a-a0c1-90a4d96f51f5,MPO_x05,,Image,Geometry,1185.3,914.55,1115,541,308,265,1,99.91,175.07,5,2,7,849492.6,3905.5,25456.4258,22.2183,83317.4922,55.0468,206422.75,19.9279,74728.5234,2.8071,10526.5,
Image_06.vsi - 40x_03,731b0b45-fb3f-41fa-8b3a-19fc49d28cd4,AVPE_x05,,Image,Geometry,605.21,1349.4,903,614,202,82,5,99.45,139.98,5,1,6,412094.6,4180.4,6460.0181,24.5,64865.4883,46.3653,122755.1797,28.5234,75517.5703,0.6113,1618.5557,
Image_06.vsi - 40x_03,46ff2e50-d46c-4762-9e6d-fa53b313fa09,MPO_x05,,Image,Geometry,1305.3,713.67,1169,654,235,265,15,98.72,164.16,5,1,6,876560.5,3693.7,20268.2051,25.5049,88526.8828,47.7765,165831.0781,24.448,84858.4609,2.2706,7881.27,
Image_06.vsi - 40x_03,6e712dc1-24b2-44df-a9d7-865f57b7e91b,MnPO_x05,,Image,Polygon,367.76,535.01,313,216,72,24,1,99.68,138.02,5,1,6,180755.2,1966.5,2059.2388,18.0697,20349.3984,52.7036,59352.6914,28.7708,32400.5293,0.4558,513.3242,
Image_06.vsi - 40x_05,28ba85fe-29d6-4e78-a9cd-89fd84206a7d,MnPO,,Image,Polygon,380.97,670.22,459,371,54,15,19,95.86,114.16,5,1,6,273292.8,2496.9,1923.7781,18.5704,27953.0664,12.357,18600.3984,68.5766,103224.75,0.496,746.6174,
Image_06.vsi - 40x_05,e2d5ba8b-17ae-4393-a5d5-6c2fa7dd32e4,AVPE,,Image,Geometry,650.31,1637.6,1042,787,140,85,30,97.12,126.87,5,1,6,705910.8,5431.9,6497.9365,9.9889,51011.8867,8.238,42070.7227,81.3051,415215.1562,0.468,2390.1528,
Image_06.vsi - 40x_05,970578dc-cce4-42a9-baa9-902381fbca1e,MPO_x05,,Image,Geometry,1195,963.93,1330,848,213,207,62,95.34,142.48,5,1,6,999212.6,4084.4,19906.502,17.4332,87984.4062,8.4177,42483.8398,72.6018,366417.9062,1.5473,7809.1299,
Image_06.vsi - 40x_06,f9b880b5-bb86-4989-a119-2729af4bbac1,Cg,,Image,Rectangle,581.09,626.02,729,408,174,104,43,94.1,146.5,5,1,6,508009.6,2853.9,14701.5146,64.0036,58291.293,24.615,22418.0898,7.9635,7252.7119,3.4179,3112.873,
Image_06.vsi - 40x_07,0476059e-47c0-4895-90d0-e9b1071af3c1,Cg,,Image,Rectangle,570.36,799.75,756,367,172,148,69,90.87,152.78,5,2,7,504231.8,2841,14275.54,71.42,61980.4414,16.2046,14062.8662,9.4309,8184.4585,2.9445,2555.2932,
Image_07.vsi - 40x_01,95f6694b-8943-46f4-ba91-33f01a9e521d,AVPE,,Image,Geometry,1461.2,1590.2,1323,733,385,205,0,100,160.09,5,1,6,702573.9,3616.6,14887.6738,55.3023,100607.0078,2.4155,4394.3091,40.2851,73287.4141,1.9972,3633.3269,
Image_07.vsi - 40x_01,0e0df55a-2f62-4dc1-aa4d-0380f28da190,MnPO,,Image,Polygon,1398.5,747.06,495,374,80,31,10,97.98,126.67,5,1,6,320491.7,2716.6,2134.6794,74.6875,39019.7734,1.583,827.0224,22.5419,11776.8037,1.1876,620.4252,
Image_07.vsi - 40x_01,8ff1faad-dfbd-43a6-bb3a-d8b5e3abbb25,MPO,,Image,Geometry,1416.3,920.98,2235,1418,409,333,75,96.64,144.74,5,1,6,1766312.4,7807.8,23647.0625,74.3652,175710.8906,1.5174,3585.2424,20.559,48576.9219,3.5585,8407.9814,
Image_07.vsi - 40x_01,c992d1e4-85e1-4c96-a448-70ae3c1410ab,NDB,,Image,Polygon,335.64,2109.7,378,98,103,177,0,100,220.9,5,2,7,261688.6,1958.9,21994.7598,26.7861,21886.043,2.5511,2084.4556,55.4145,45277.3906,15.2483,12458.9395,
Image_07.vsi - 40x_02,a840eea0-e280-48e0-a31a-0a804ad92ac4,AVPE,,Image,Polygon,2106,1735.9,1601,1011,472,113,5,99.69,143.29,5,1,6,718764.5,4274.3,9229.1436,75.6932,136776.75,7.0338,12710.0029,16.5297,29868.9746,0.7434,1343.2512,
Image_07.vsi - 40x_02,60480498-171e-4613-bb2d-754e070cd341,MnPO,,Image,Polygon,1914,895.05,519,413,83,19,4,99.23,122.54,5,1,6,290324.2,2616.5,748.7036,85.8049,44237.4609,3.7798,1948.7045,10.321,5321.0918,0.0942,48.5862,
Image_07.vsi - 40x_02,62396ee8-432d-448d-88d7-1c9273db005f,MPO,,Image,Geometry,2006.8,1035.4,2585,1952,407,166,60,97.68,126.27,5,1,6,1742598.7,7498.2,10955.2764,87.6205,212360.0156,3.7086,8988.3496,7.614,18453.6367,1.0568,2561.261,
Image_07.vsi - 40x_02,f7925d78-10f8-42e9-81e8-126114194976,NDB,,Image,Polygon,402.02,2278.9,344,196,69,79,0,100,165.99,5,1,6,235643.3,1884.4,8612.415,77.0246,27466.9922,3.3917,1209.4806,7.4639,2661.6284,12.1198,4321.9312,
Image_07.vsi - 40x_03,dd58e770-fd65-40a3-8095-3b9ee7651163,AVPE,,Image,Polygon,1981.3,1784.6,1324,1057,177,53,37,97.21,118.58,5,1,6,701356.4,4705.4,5045.8408,85.4877,100172.7734,4.0855,4787.2769,9.6696,11330.6816,0.7571,887.2007,
Image_07.vsi - 40x_03,112e761c-f0a6-47c6-99bc-ee558f3ca02c,MnPO,,Image,Polygon,1909.3,904.67,608,511,28,5,64,89.47,95.72,5,1,6,325978.5,2676.6,685.4623,95.9855,46112.4141,0.7899,379.4744,2.8455,1367.0162,0.379,182.0928,
Image_07.vsi - 40x_03,28122e0b-9b78-4945-83df-f613ee60e347,MPO,,Image,Geometry,1915.3,994.1,2455,1855,208,57,335,86.35,99.47,5,1,6,1770924.8,7431.9,6276.6841,95.7573,188978.3125,1.0304,2033.4136,2.605,5140.9263,0.6074,1198.6543,
Image_07.vsi - 40x_03,f45d792d-67f5-4e59-a98b-5dfe3c08d39a,NDB,,Image,Polygon,335.25,2287.1,393,240,67,82,4,98.98,157.76,5,1,6,291918.3,2019.8,9139.0479,74.9323,26433.5586,3.7359,1317.9019,8.3108,2931.7837,13.021,4593.354,
Image_07.vsi - 40x_05,2fdd57ee-3bff-4cf9-a9e5-43459d4cd1b6,Cg,,Image,Polygon,494.97,491.45,708,354,180,138,36,94.92,159.32,5,2,7,492182.2,3084.2,12234.3623,93.3809,56743.0039,0.4479,272.1886,1.5919,967.3416,4.5793,2782.5923,
Image_07.vsi - 40x_06,ffba1538-ed62-4b90-9895-c0ad6b77d68d,Cg,,Image,Rectangle,488.14,339.36,727,256,164,302,5,99.31,204.95,5,2,7,510488.1,2868,33260.0625,77.7081,55608.3555,0.2204,157.7205,3.443,2463.8508,18.6284,13330.6133,
Image_07.vsi - 40x_07,0cbeedf0-fa49-4245-99de-f4f8bd114036,Cg,,Image,Rectangle,278.41,649.9,789,438,165,89,97,87.71,131.18,5,1,6,508049,2938.5,10432.7363,94.0308,66866.5547,1.3543,963.0903,1.0991,781.552,3.5158,2500.1321,
Image_08.vsi - 40x_02,aec25035-e58b-41e8-a1cf-3ed059a280c1,AVPE_x05,,Image,Geometry,709.35,1086.2,672,166,292,214,0,100,207.14,5,2,7,394093.9,3155.1,20851.7422,13.231,35183.1211,13.895,36948.8359,70.8415,188377.5781,2.0325,5404.7446,
Image_08.vsi - 40x_02,7413d37d-c2ea-42e6-b2dd-44ac96cc5ce9,MPO_x05,,Image,Geometry,1295.6,578.13,1025,431,250,339,5,99.51,190.05,5,2,7,872537.3,3752.6,29190.4629,20.5999,63624.1367,19.6822,60789.7891,55.5502,171570.7344,4.1677,12872.3447,
Image_08.vsi - 40x_03,ef4988ab-bcc3-4811-bcd7-20561b734985,AVPE_x05,,Image,Polygon,767.78,1452.9,601,349,179,73,0,100,154.08,5,1,6,359717.9,2740.7,8257.0488,21.6388,38850.9883,18.1023,32501.5039,59.1097,106127.4062,1.1492,2063.2253,
Image_08.vsi - 40x_03,c6b6b1de-cf3f-441e-a136-519d667ebf95,MPO_x05,,Image,Polygon,1327.5,975,1022,475,313,229,5,99.51,174.95,5,2,7,871060.7,3615.3,20497.9609,32.2247,69210.2891,26.5318,56983.4805,38.0527,81727.1875,3.1908,6852.958,
Image_08.vsi - 40x_04,3fb5b5a0-5a1c-4459-a014-99df1b8af6d8,AVPE_x05,,Image,Geometry,653.76,1268.4,662,450,163,46,3,99.55,138.07,5,1,6,358769.2,2608.8,7670.8984,23.0811,37925.8672,5.7345,9422.6953,69.9379,114919.0625,1.2466,2048.3591,
Image_08.vsi - 40x_04,466d9937-2809-4f95-9fc7-d8082f95ee2c,MnPO_x05,,Image,Polygon,364.06,413.46,273,200,58,15,0,100,132.23,5,1,6,150144.1,1836.2,2604.5137,18.9695,14698.9238,3.6438,2823.4946,76.6413,59387.1523,0.7454,577.569,
Image_08.vsi - 40x_04,2a658ea9-2d14-460d-9254-47cb7936cdcd,MPO_x05,,Image,Polygon,1034.1,565.61,1214,726,334,143,11,99.09,150.16,5,1,6,916926.3,3776.9,15180.4326,31.8188,71181.9609,11.9882,26818.8672,54.5681,122074.6328,1.6249,3634.9905,
Image_08.vsi - 40x_05,b233264e-2db1-4b2e-8e3a-f5e3739c5dfb,AVPE_x05,,Image,Geometry,596.07,1339.2,592,359,170,58,5,99.16,147.47,5,1,6,341668.6,2563.8,7090.9526,16.4522,26500.4961,1.8067,2910.2104,80.6406,129892.4766,1.1004,1772.5001,
Image_08.vsi - 40x_05,b22e7e20-a198-4b47-9e55-e23a87dce364,MPO_x05,,Image,Geometry,1179.6,593.17,963,566,193,124,80,91.69,137.49,5,1,6,778105.5,3412.7,11829.2217,50.0091,51945.1406,6.9402,7208.8784,39.3794,40903.9414,3.6712,3813.3601,
Image_08.vsi - 40x_06,bf3f44d7-50f6-4f78-ba41-183257b98430,Cg,,Image,Rectangle,347.9,1004.1,705,197,125,383,,100,226.38,5,2,7,482132.3,2856.9,55464.457,14.293,30079.1367,5.7346,12068.2686,67.3099,141650.9844,12.6625,26647.6797,
Image_08.vsi - 40x_07,8f49236f-0699-4223-8c75-d2295852f181,Cg,,Image,Rectangle,332.95,720.75,709,200,125,383,1,99.86,225.53,5,2,7,503806.8,2858.3,48376.6992,29.6095,40561.8828,16.8098,23027.582,37.6559,51584.5977,15.9248,21815.2773,
Image_09.vsi - 40x_01,a08157c7-014a-46cb-b93b-766fb9584aff,AVPE,,Image,Polygon,1049.9,1570.5,1151,290,471,390,,100,208.69,5,2,7,705075.2,3668.1,56264.2578,9.0459,54894.7734,1.9383,11762.2285,86.0866,522413.8438,2.9292,17775.7793,
Image_09.vsi - 40x_01,001a3939-dfb2-4b18-81d9-027b6b8d4318,MnPO,,Image,Polygon,1211,647.22,604,194,251,159,,100,194.21,5,2,7,322783.4,2676.3,21430.7637,15.527,35489.3984,5.8432,13355.5664,76.109,173959.4531,2.5208,5761.7739,
Image_09.vsi - 40x_01,5f337832-8dda-404f-a56f-7ae88d119a39,MPO_x05,,Image,Geometry,438.2,744.15,1144,231,382,531,,100,226.22,5,2,7,845659.5,3692.2,71174.4297,6.7905,48586.8516,1.1693,8366.5781,88.851,635743.4375,3.1893,22819.6914,
Image_09.vsi - 40x_02,6b2a4d10-8b4a-47c5-92b4-5842744d8792,AVPE,,Image,Polygon,1076.8,1451.8,1201,607,399,194,1,99.92,165.45,5,1,6,719705.2,4036.4,24602.3105,24.7842,95797.5781,13.1882,50975.9766,60.0649,232166.8906,1.9627,7586.1875,
Image_09.vsi - 40x_02,454522af-0e75-487a-8c57-9b36d86ed001,MnPO,,Image,Polygon,1352.3,617.5,555,338,150,66,1,99.82,150.63,5,1,6,339944.8,2480.3,6886.0981,37.6354,51807.0625,35.9773,49524.6445,25.1158,34573.2344,1.2715,1750.3195,
Image_09.vsi - 40x_02,97138380-5cb3-4174-8a86-55846e10a270,MPO_x05,,Image,Geometry,450.09,644.07,1183,521,343,318,1,99.92,182.67,5,2,7,920697.6,3896.8,32374.3418,27.0786,93770.1562,19.1132,66186.6641,50.4777,174798.4219,3.3305,11532.9746,
Image_09.vsi - 40x_03,3b8c98d2-00c8-4c3a-b6d9-dd8d2d8f703e,AVPE,,Image,Polygon,1358.4,1532.4,1118,817,181,78,42,96.24,126.39,5,1,6,702038.2,4849.9,8489.3125,44.9399,86464.4219,39.4142,75832.8828,14.302,27517.0312,1.3439,2585.7388,
Image_09.vsi - 40x_03,a7c88e9e-02c4-4566-b4b1-37d7c888b5dd,MnPO,,Image,Polygon,1481.3,729.82,482,385,73,10,14,97.1,116.39,5,1,6,307808.1,2453.3,1468.8364,49.2908,42847.8906,48.6217,42266.2852,1.8631,1619.5591,0.2244,195.0843,
Image_09.vsi - 40x_03,21ecb7cc-7b4a-4817-9edf-acf7d54e410b,MPO_x05,,Image,Geometry,642.61,778.15,1120,678,305,113,24,97.86,145.27,5,1,6,844026.6,3795.1,11772.1328,47.9369,100070.0547,49.0234,102338.2344,1.7398,3631.7954,1.2999,2713.6211,
Image_09.vsi - 40x_05,ef40429a-c11c-41a2-945e-a83a7fbfa1bd,Cg,,Image,Rectangle,543.25,677.38,919,567,279,73,,100,146.25,5,1,6,506834.2,2877.4,17230.9297,19.3452,68783.4922,1.5347,5456.8428,78.7645,280054.3438,0.3556,1264.2986,
Image_09.vsi - 40x_06,f6200eab-ffde-4627-8961-62871271546b,Cg,,Image,Rectangle,530.87,472.86,827,597,146,24,60,92.74,116.2,5,1,6,516957.4,2984.7,3398.5029,84.1978,91541.3203,13.462,14636.1309,2.0559,2235.2578,0.2843,309.0508,
Image_09.vsi - 40x_07,eee7376e-9c4c-4015-9d8b-e2a87ff04e5e,Cg,,Image,Rectangle,386.53,462.95,734,371,158,137,68,90.74,149.59,5,1,6,504788.5,2849.4,12732.8467,79.7183,67407.8672,15.9556,13491.6875,1.3124,1109.694,3.0137,2548.3486,
Image_11.vsi - 40x_02,420f2629-d806-4c50-8fd5-fbb06bfd6679,MPO,,Image,Geometry,1307.4,623.71,2437,844,1064,529,0,100,187.07,5,2,7,1669088.3,7693.8,67140.9219,7.9194,105603.6562,0.2545,3394.2246,91.403,1218837.375,0.423,5640.9688,
Image_11.vsi - 40x_02,7634609e-0d8a-4c6c-b3ae-62eec1e5ef9d,MnPO,,Image,Polygon,1292.3,436.24,528,279,193,56,0,100,157.77,5,1,6,281588.1,2588.8,6825.7085,15.5707,28922.1504,0.7148,1327.7776,83.5968,155278.7656,0.1176,218.4797,
Image_11.vsi - 40x_02,4ab4b331-0f51-4d1b-823d-4e25835a7a54,AVPE_x05,,Image,Geometry,1484.9,1210.7,722,350,251,120,1,99.86,167.87,5,2,7,295327.9,3071.3,14745.7705,34.0177,50447.1523,7.97,11819.2646,56.1312,83240.75,1.8811,2789.5898,
Image_11.vsi - 40x_04,da08823e-58cf-47c0-bbe1-f22538630237,AVPE,,Image,Geometry,1580.8,1520.4,1181,706,332,130,13,98.9,149.03,5,1,6,669355.7,5233.7,13779.0889,18.3876,74600.5859,2.8518,11570.1807,78.188,317217.4062,0.5725,2322.7922,
Image_11.vsi - 40x_04,0a628b68-9286-4c30-9459-740b6e016798,MnPO,,Image,Polygon,1530.8,601.09,474,349,87,29,9,98.1,128.69,5,1,6,279706.6,2311.3,2871.0515,36.146,34468.0078,1.6075,1532.896,61.8497,58978.5273,0.3968,378.3654,
Image_11.vsi - 40x_04,bf754884-7966-4059-a5d9-7ca6f0fbd6d8,MPO,,Image,Geometry,1501,886.59,2450,1526,634,242,48,98.04,143.67,5,1,6,1775365.7,7670,28120.457,17.9012,151313.25,0.6846,5786.833,80.7815,682821.8125,0.6327,5347.814,
Image_11.vsi - 40x_05,796ed92e-c0f8-4c84-a261-d4bc5e779e65,Cg,,Image,Rectangle,238.22,441.87,636,269,167,167,33,94.81,173.58,5,2,7,421047.1,2720.4,17250.127,83.825,39299.0352,1.04,487.5788,1.9934,934.5458,13.1416,6161.0527,
Image_11.vsi - 40x_06,bb33e7ac-0d2e-4aff-b306-66afebeccfe4,Cg,,Image,Rectangle,210.02,449.02,598,243,158,175,22,96.32,181.27,5,2,7,376805.8,2634.2,17444.209,79.6127,38463.6445,1.3313,643.2133,4.8465,2341.5137,14.2095,6865.1045,
Image_11.vsi - 40x_07,c114a648-65d0-468e-8b4a-2ef0c5db17a6,Cg,,Image,Rectangle,263.29,515.38,824,249,232,343,,100,211.41,5,2,7,505119.8,2986.6,38740.4883,42.2931,52689.4844,0.7444,927.3372,46.2446,57612.3281,10.7179,13352.4775,
Image_12.vsi - 40x_02,b7511e54-f858-4a7c-afb6-88d0fb7f77a9,MnPO,,Image,Polygon,1084.3,862.16,452,134,169,149,0,100,203.32,5,2,7,312795.3,2842.4,10651.8232,53.4969,35534.6055,1.1283,749.4692,41.5811,27619.6953,3.7936,2519.8569,
Image_12.vsi - 40x_02,ff563bd2-4edd-4e3f-98f3-9a68e8db87f6,AVPE,,Image,Polygon,1048.1,1741.9,1212,311,463,435,3,99.75,209.74,5,2,7,734971.1,4049.5,38660.2422,36.5229,93870.7344,1.4653,3766.147,57.4888,147757.0781,4.5229,11624.7344,
Image_12.vsi - 40x_02,a65918d0-5e4b-41d2-9cdd-dfaa356b0fd1,MPO_x05,,Image,Polygon,521.14,837.59,1001,286,286,422,7,99.3,212.19,5,2,7,845477.2,3661.5,31335.0449,43.0463,75630.8516,1.7857,3137.4568,49.3196,86652.8516,5.8484,10275.4102,
Image_12.vsi - 40x_03,7fec1e59-759d-47e4-aa0a-aac6f47d36da,AVPE,,Image,Polygon,1306.6,1499.3,1288,776,404,94,14,98.91,144.88,5,1,6,702182.8,4173.5,7898.8843,83.6588,108186.8594,5.1855,6705.8262,10.6707,13799.2861,0.485,627.1586,
Image_12.vsi - 40x_03,7972b071-6f7d-464f-a36a-44b8875ec8cb,MnPO,,Image,Polygon,1295.5,678.87,575,430,110,23,12,97.91,125.04,5,1,6,316863.2,2471.1,1234.2758,96.1461,50731.2734,2.8254,1490.8055,0.8481,447.5216,0.1804,95.1921,
Image_12.vsi - 40x_03,8f9f5a80-4f40-49ab-9667-ad6d104f6a9f,MPO_x05,,Image,Polygon,613.82,821.93,1056,713,267,49,27,97.44,132.01,5,1,6,823105.5,3751.5,3630.7664,93.0714,91663.2812,4.9696,4894.457,1.4709,1448.6887,0.488,480.6077,
Image_12.vsi - 40x_04,9b05a3a0-27df-4b8d-91b1-9950446a01b1,AVPE,,Image,Polygon,1250,1580.4,1302,657,464,178,3,99.77,162.75,5,1,6,720102.6,4879.4,15218.7734,69.6094,99764.75,0.913,1308.5807,27.661,39644,1.8166,2603.5361,
Image_12.vsi - 40x_04,0b129d5f-9281-4361-a373-1e32fca4d28f,MnPO,,Image,Polygon,1268.7,644.42,620,483,101,15,21,96.61,117.74,5,1,6,325897.2,2760.6,1467.4369,95.5613,46053.6328,1.117,538.3039,3.1184,1502.8201,0.2034,98.0175,
Image_12.vsi - 40x_04,b9be2b37-4d1c-49eb-8f9d-548dbd211ffb,MPO_x05,,Image,Polygon,563.45,863.92,1247,814,271,106,56,95.51,134.24,5,1,6,910846.4,3670.5,6578.7109,94.098,98453.6328,1.4991,1568.5171,3.3512,3506.3689,1.0516,1100.2672,
Image_12.vsi - 40x_06,ec19400a-c059-4cff-b4ad-1ff7d8bb634f,Cg,,Image,Rectangle,397.04,451.54,677,311,172,157,37,94.53,166.32,5,2,7,502324.6,2864,16329.5234,90.8863,49017.793,0.4637,250.0871,2.6483,1428.3036,6.0017,3236.9265,
Image_12.vsi - 40x_07,a2d2e4df-73e2-422c-a6f3-0cebcaadc610,Cg,,Image,Rectangle,245.37,314.06,467,186,136,141,4,99.14,188.65,5,2,7,308244.5,2237.7,10499.252,84.8491,33922.625,0.2297,91.8386,9.2361,3692.5811,5.6851,2272.8857,
Image_12.vsi - 40x_08,7a2a8682-5741-403d-866f-72488fd26399,Cg,,Image,Rectangle,287.43,504.9,791,306,193,255,37,95.32,184.2,5,2,7,580498,3169.3,18831.6367,90.4314,55751.8984,0.4367,269.2312,2.6645,1642.6904,6.4674,3987.188,
Image_13.vsi - 40x_02,363e42f0-e598-4851-b82c-56e400160c3b,AVPE,,Image,Polygon,1707.4,1677,1142,793,257,89,3,99.74,137.83,5,1,6,733332.4,4195.7,12010.5752,36.087,86639.5234,2.8169,6762.9414,59.7879,143541.7188,1.3082,3140.7839,
Image_13.vsi - 40x_02,01561e9d-81b8-47a5-9013-42fd2a75e5d6,MnPO,,Image,Polygon,1486,713.56,520,387,109,20,4,99.23,127.88,5,1,6,320382.2,2801.8,3845.9189,51.4688,39544.9258,0.8948,687.4954,47.0504,36150.1484,0.586,450.2677,
Image_13.vsi - 40x_02,f5a57473-2416-493d-b6d2-41994c87ba89,MPO,,Image,Geometry,1601.4,964.35,2234,1204,648,364,18,99.19,160.79,5,1,6,1792159.3,7372.2,38740.3828,48.3553,171813.8438,1.8877,6707.4102,46.8574,166491.6406,2.8996,10302.5547,
Image_13.vsi - 40x_03,534ad34a-dfd2-49fb-9e54-3980039d0ec9,AVPE,,Image,Polygon,1627.9,1670.2,1139,932,147,43,17,98.51,118.96,5,1,6,724083.8,5071.1,4497.2651,50.7812,93823.0469,3.2043,5920.2339,45.565,84185.5469,0.4495,830.5607,
Image_13.vsi - 40x_03,1d65b53f-882b-46ab-bc0d-e37f607aac91,MnPO,,Image,Polygon,1557.4,657.08,563,487,47,14,15,97.34,110.66,5,1,6,322671.6,2778.7,1308.8978,69.4433,43736.0977,1.1705,737.1907,28.7795,18125.5996,0.6068,382.1414,
Image_13.vsi - 40x_03,ae5641e4-8c0b-48b1-84c7-bf9295ca45ef,MPO,,Image,Geometry,1623.9,984.72,2143,1470,414,189,70,96.73,133.69,5,1,6,1744987.7,7009.9,18324.1484,67.3636,174164.0469,2.4193,6254.9507,28.1656,72820.3281,2.0515,5303.9014,
Image_13.vsi - 40x_04,1f95f767-1505-423f-99f5-c9ba7105e038,AVPE,,Image,Polygon,1924.6,1890.7,953,745,132,44,32,96.64,119.73,5,1,6,717011.7,5429.1,3619.5703,44.685,69291.9062,1.4367,2227.8113,53.3429,82717.4766,0.5354,830.2967,
Image_13.vsi - 40x_04,8cb8048a-bb11-4ca5-9e04-2c2abd4bd2de,MnPO,,Image,Polygon,1686.5,891.5,493,408,55,12,18,96.35,112.37,5,1,6,308680.9,2729.1,882.8176,56.3807,35310.5039,1.2312,771.069,42.1511,26398.6758,0.237,148.4521,
Image_13.vsi - 40x_04,b081aa97-5a5a-429e-914a-d8fe43008710,MPO,,Image,Geometry,1825.1,1149.2,2077,1405,446,188,38,98.17,137.75,5,1,6,1759341.3,7505,18219.8457,57.4199,151927.7812,1.0858,2872.9521,39.5276,104586.4609,1.9667,5203.8247,
Image_13.vsi - 40x_06,160da246-1537-46a6-81eb-669a9157e85f,Cg,,Image,Rectangle,369.59,644.9,813,421,245,117,30,96.31,155.23,5,1,6,509166.4,2870.5,14472.8418,81.2813,47778.7109,0.0794,46.685,13.7759,8097.7163,4.8634,2858.7988,
Image_13.vsi - 40x_07,eed3cd52-3fc1-4bb1-b340-085f58a198e1,Cg,,Image,Rectangle,377.39,396.99,629,289,193,111,36,94.28,160.25,5,2,7,431306.6,2674.4,15561.834,77.5963,39845.5781,0.1115,57.2737,14.8445,7622.6538,7.4476,3824.3447,
Image_13.vsi - 40x_09,6ed273f4-ee44-4b9f-b7d0-772d9cfd5a3a,Cg,,Image,Rectangle,497.49,524.72,741,353,190,82,116,84.35,132.12,5,1,6,477412.1,3008.7,17096.6582,87.1544,53541.0117,0.0982,60.3367,6.6669,4095.6091,6.0805,3735.4109,
Image_14.vsi - 40x_02,42c26be2-f086-4128-9830-2daa96fa3cb3,AVPE,,Image,Geometry,1537.2,1530.3,1301,937,306,55,3,99.77,131.74,5,1,6,717102.1,5942,5718.708,62.4133,95294.5547,12.5321,19134.3457,24.7012,37714.5977,0.3534,539.6242,
Image_14.vsi - 40x_02,1f30b693-c16c-4520-aa5e-31f04c6ce1e4,MnPO_x05,,Image,Polygon,1533.5,571.14,368,265,83,18,2,99.46,131.79,5,1,6,219275.5,1904,1372.9843,39.5619,27718.373,14.9979,10508.0166,45.32,31752.6699,0.1201,84.181,
Image_14.vsi - 40x_02,8c876215-7fb4-4a61-8566-12854c4b979b,MPO_x05,,Image,Polygon,757.2,929.37,1336,808,407,117,4,99.7,147.68,5,1,6,984138.4,3952.8,11116.958,50.0243,93140.1719,14.9293,27796.9043,34.2292,63731.3438,0.8171,1521.4095,
Image_14.vsi - 40x_03,0a2ede0d-2bae-4131-8e75-cd5c2b4cc43a,AVPE,,Image,Geometry,1557.9,1582.7,1030,777,212,32,9,99.13,125.92,5,1,6,679216.1,5347.6,4368.5908,45.1849,70858.6016,10.7848,16912.6348,43.7529,68612.9922,0.2774,435.0317,
Image_14.vsi - 40x_03,1c7ac534-96c6-4427-9cae-a1f96b364b56,MnPO,,Image,Polygon,1626.9,767.25,493,335,124,29,5,98.99,135.9,5,1,6,308795.5,2165.8,2870.5234,37.8758,32694.291,12.0808,10428.1396,49.6297,42840.2617,0.4137,357.1353,
Image_14.vsi - 40x_03,f70c4872-fb2d-4fe6-b851-b0e1467cda5d,MPO_x05,,Image,Polygon,810.01,1046.8,1127,782,269,65,11,99.02,134.43,5,1,6,841413.8,3688.4,7564.9062,62.0414,78361.4766,14.4002,18188.2344,22.5429,28472.834,1.0155,1282.624,
Image_14.vsi - 40x_04,07ba8977-9c5a-471d-89a2-d2271bca613c,Cg,,Image,Rectangle,359.76,406.93,798,195,143,460,,100,233.21,5,2,7,502121.2,2834.8,68278.7422,20.9341,46616.8633,1.7159,3821.0176,63.7357,141929.2188,13.6143,30316.9199,
Image_14.vsi - 40x_05,f098d35c-1a95-41f3-9254-a2d6e76e859a,Cg,,Image,Rectangle,330.4,444.62,748,239,187,321,1,99.87,210.7,5,2,7,503117.9,2849.8,45714.332,33.2404,47683.4375,2.247,3223.354,52.091,74724.75,12.4216,17818.8203,
Image_14.vsi - 40x_06,69fa14ca-5d93-4324-9f2c-fb1c5ca534c7,Cg,,Image,Rectangle,361.61,361.46,751,236,161,354,,100,215.71,5,2,7,504725.4,2842.2,51801.4492,28.9493,41114.5781,1.1962,1698.8815,53.7773,76375.9688,16.0772,22833.3164,
Image_15.vsi - 40x_02,4ae98a78-4326-4468-9140-9409d4c17ca1,AVPE,,Image,Geometry,1672.1,1422.4,1104,846,77,26,155,85.96,97.64,5,1,6,670854.6,5433.9,2561.3406,44.6887,103365.8906,37.8602,87571.2969,17.1489,39665.8086,0.3022,699.0082,
Image_15.vsi - 40x_02,12cb169c-34f9-4e3f-bb0b-baa35a23fbf7,MnPO,,Image,Geometry,1460.4,457.24,483,387,23,5,68,85.92,92.75,5,1,6,299129.1,4178.6,620.9799,46.9002,44593.8828,31.3428,29801.4824,21.6521,20587.3906,0.1048,99.681,
Image_15.vsi - 40x_02,9ec3862b-15cc-44c6-98c2-bfc59898cf89,MPO,,Image,Geometry,1398.1,810.31,2326,1690,298,209,129,94.45,125.24,5,1,6,1800879.8,7612,21567.834,49.8893,213024.0156,24.6824,105392.2031,23.5887,100722.0547,1.8397,7855.2339,
Image_15.vsi - 40x_03,c378b802-1610-448d-bd0e-018f69fd8f66,AVPE,,Image,Geometry,1467.1,1584.1,1184,899,70,39,176,85.14,97.64,5,1,6,690664,6389.6,4600.0093,31.2319,87158.6562,28.3207,79034.375,39.8918,111325.8984,0.5556,1550.6406,
Image_15.vsi - 40x_03,b70e5950-5990-4122-a549-274033b070b3,MnPO,,Image,Geometry,1491.4,562.72,489,303,17,4,165,66.26,71.37,4,1,5,285504.1,3522.2,579.0479,40.7315,39552.1602,21.1808,20567.5078,37.966,36866.7148,0.1217,118.1649,
Image_15.vsi - 40x_03,f65d56cc-759c-4cbd-b0f9-494fa4c2de6f,MPO_x05,,Image,Polygon,2287.7,1001.5,1158,759,120,95,184,84.11,110.88,5,1,6,927133.3,3749.9,10450.3486,43.9186,89196.3984,19.3298,39257.8984,34.7832,70642.8438,1.9684,3997.803,
Image_15.vsi - 40x_04,232cbaa0-4c5c-46a5-9c47-0fda52ad7b3c,AVPE,,Image,Geometry,1495.4,1551.7,1119,863,63,32,161,85.61,96.96,5,1,6,680890.5,6734.6,2582.4915,32.8976,80646.4062,19.5504,47926.5547,47.3008,115954.8516,0.2512,615.7515,
Image_15.vsi - 40x_04,607bbbda-6470-484f-a7f0-8eedeaaee45b,MnPO,,Image,Geometry,1463.7,668.1,493,345,16,3,129,73.83,78.3,5,1,6,320433.4,4147.5,704.2631,26.52,36023.8242,21.735,29524.0117,51.6259,70126.8281,0.1191,161.7869,
Image_15.vsi - 40x_04,e2c5f0fa-cd8d-4444-adfd-625968050abd,MPO,,Image,Geometry,1361.3,800.14,2324,1537,260,173,354,84.77,110.84,5,1,6,1796605.1,7292.2,19670.1445,38.5996,166345.9375,11.5392,49728.3125,48.2331,207861.6719,1.6281,7016.3027,
Image_15.vsi - 40x_07,f14c626a-87b4-48d5-9b20-387383cd6faa,Cg,,Image,Rectangle,342.19,518.61,759,272,216,184,87,88.54,165.48,5,2,7,509012.4,2856.3,25147.7969,49.3769,49120.0352,1.0506,1045.1588,40.6696,40458.082,8.9028,8856.5332,
Image_15.vsi - 40x_08,70319f9c-96ef-4fd9-bd15-c91dc897a182,Cg,,Image,Rectangle,490.02,348.64,760,325,216,188,31,95.92,173.82,5,2,7,516270.5,2915.9,24940.8555,63.3296,57328.3359,1.1206,1014.3699,27.3383,24747.6406,8.2116,7433.4048,
Image_17.vsi - 40x_02,7853c20f-e82f-466a-b77e-5983cf2d69cd,AVPE,,Image,Polygon,1522.3,1529.3,1332,999,193,50,90,93.24,115.24,5,1,6,719723.7,4085.9,3963.6877,79.779,127215.1875,18.177,28984.916,1.9115,3048.021,0.1326,211.4558,
Image_17.vsi - 40x_02,58ad77f7-e9cd-43da-b9ce-507305a3b6c5,MnPO,,Image,Polygon,1505.4,670.18,565,446,37,6,76,86.55,95.22,5,1,6,308974.1,2644.8,533.6566,78.4875,53491.793,20.2062,13771.1641,1.2638,861.2968,0.0426,29.0461,
Image_17.vsi - 40x_02,18b6de4a-ef26-48ad-9062-8de1d6c0a733,MPO,,Image,Geometry,1534.1,1021.5,2438,1669,284,50,435,82.16,97.91,5,1,6,1757668.5,7043.1,4328.7451,81.4911,239390.4688,16.9121,49681.5195,1.4798,4347.0957,0.117,343.6949,
Image_17.vsi - 40x_03,3957da84-d95a-41b4-8026-9d8034834cfc,AVPE,,Image,Polygon,1676.4,1462.5,1309,957,274,71,7,99.47,131.25,5,1,6,713539.1,4594,9352.748,73.4954,116635.2656,6.9213,10983.8711,19.2369,30528.4531,0.3464,549.7903,
Image_17.vsi - 40x_03,3d7d2673-5fff-43fd-9ad0-5e10863890bf,MnPO,,Image,Polygon,1636.8,562.03,665,559,67,5,34,94.89,106.47,5,1,6,334810.4,2588.1,1918.1273,87.0184,59031.3906,6.0842,4127.4014,6.7577,4584.2705,0.1397,94.7696,
Image_17.vsi - 40x_03,8a495168-eb2f-4ea9-8fe4-6a3bd2ef4ae7,MPO,,Image,Geometry,1569.9,1002.2,2696,2029,394,74,199,92.62,112.72,5,1,6,1780812.7,7477.2,9225.8174,83.8346,245641.25,8.6605,25375.9355,7.3034,21399.4941,0.2015,590.2701,
Image_17.vsi - 40x_04,7b872ae6-4e3b-44a3-a96d-e97c8c8fc4f1,AVPE,,Image,Geometry,1399.1,1379.8,1113,822,212,46,33,97.04,124.35,5,1,6,697904.7,5057.1,4949.3813,74.2484,100309.3125,5.882,7946.6235,19.7059,26622.5684,0.1637,221.0938,
Image_17.vsi - 40x_04,1b31e085-9eec-480b-bbcc-6179482c9c3f,MnPO,,Image,Polygon,1406.9,528.21,600,490,65,7,38,93.67,106.83,5,1,6,302719.8,2227.2,938.7446,81.152,55932.457,13.4781,9289.5576,5.3123,3661.396,0.0576,39.6876,
Image_17.vsi - 40x_05,5325a606-f385-432b-8324-5eefd54ea8c9,Cg,,Image,Rectangle,231.2,517.82,669,235,233,200,1,99.85,194.47,5,2,7,478883,2996.1,27714.9473,78.047,52403.5391,1.5992,1073.7825,8.4045,5643.0811,11.9492,8023.147,
Image_17.vsi - 40x_06,1e9d1919-1ad8-40cd-85f3-6133c3e0240b,Cg,,Image,Rectangle,129.9,414.25,320,73,131,115,1,99.69,212.5,5,2,7,215254.1,2176.6,14338.834,86.3281,25738.2988,1.1437,340.9751,2.3286,694.2552,10.1996,3040.9707,
Image_17.vsi - 40x_07,60fc39ec-9cf5-405f-98b0-efce7ce1e68f,Cg,,Image,Rectangle,367.76,476.17,849,302,283,263,1,99.88,195.17,5,2,7,612512.8,3136.6,40513.832,76.4428,67874.9062,1.439,1277.6862,8.8632,7869.8364,13.255,11769.3574,
Image_18.vsi - 40x_02,f6635e3d-57f8-4e00-a4d4-edc526818572,AVPE,,Image,Polygon,1814.5,1752,1275,877,260,111,27,97.88,135.69,5,1,6,671830.9,4369.9,10352.3311,55.544,102329.6016,12.5747,23166.5293,30.2715,55769.7461,1.6098,2965.7148,
Image_18.vsi - 40x_02,acb43978-48ef-44b4-a8e8-0adbc409f66c,MnPO,,Image,Polygon,1800.2,885.85,498,380,73,23,22,95.58,119.48,5,1,6,344482.9,2657.7,1727.5582,83.8001,44016.6289,5.3233,2796.0857,9.9293,5215.4429,0.9473,497.5865,
Image_18.vsi - 40x_02,194c395c-ecc1-48d4-8f5c-55d00233b8a0,MPO,,Image,Geometry,1913.6,1223.2,2219,1430,344,262,183,91.75,130.87,5,1,6,1849198,7518.4,21541.7988,74.3889,178070.4062,9.2767,22206.4492,13.3563,31972.0723,2.978,7128.6846,
Image_18.vsi - 40x_03,720ce8e6-43d4-4dca-9f93-ffba47735dcc,AVPE,,Image,Polygon,1729.8,1760.6,1250,806,297,140,7,99.44,145.6,5,1,6,722400.5,5218.4,12188.0732,51.0367,97114.0547,10.4784,19938.6602,36.931,70273.3516,1.5539,2956.7107,
Image_18.vsi - 40x_03,5a2e735f-977e-420f-bd17-1d59ecb60927,MnPO,,Image,Polygon,1731.5,811.32,435,357,40,10,28,93.56,107.36,5,1,6,292753,2421.8,965.1237,91.0442,34569.7461,4.031,1530.5724,4.6445,1763.5487,0.2803,106.4144,
Image_18.vsi - 40x_03,ea480927-dadc-468d-bbfd-9a35078c7401,MPO,,Image,Geometry,1891,1002.6,2224,1568,338,129,189,91.5,118.3,5,1,6,1772299,7339.8,11862.1758,90.8674,185915.9531,4.4468,9098.1436,3.4449,7048.3062,1.2409,2538.9482,
Image_18.vsi - 40x_04,b1247d3e-6762-4d68-a881-96ed406712f3,AVPE,,Image,Polygon,1366.4,1744.7,989,713,185,65,26,97.37,129.22,5,1,6,696371.4,5186.8,4872.6997,66.0988,76148.3203,10.322,11891.3252,22.5003,25921.1582,1.0789,1242.9893,
Image_18.vsi - 40x_04,9ca79807-2f60-4cea-b16b-f715583b2758,MnPO,,Image,Polygon,1387.4,763.18,513,409,39,8,57,88.89,99.61,5,1,6,338445.6,2790.3,509.0467,95.6354,41604.0859,2.8523,1240.8505,1.4674,638.3546,0.0449,19.5137,
Image_18.vsi - 40x_04,07460948-1dee-4b09-bd3a-c76ea11cf577,MPO,,Image,Geometry,1262.8,995.29,2396,1707,290,99,300,87.48,107.85,5,1,6,1901217.4,7563.6,8557.043,94.0175,187760.4844,3.7641,7517.1372,1.5036,3002.8411,0.7148,1427.4586,
Image_18.vsi - 40x_05,06497048-d5ce-48f6-8270-676058c4d954,Cg,,Image,Rectangle,375.26,465.47,654,275,147,116,116,82.26,140.21,5,2,7,507064.3,2855.3,9750.126,94.5698,45055.5312,0.45,214.4132,0.6489,309.1564,4.3312,2063.5159,
Image_18.vsi - 40x_06,8d079883-cf24-495d-9b14-f875e7b3d218,Cg,,Image,Rectangle,389.66,399.86,688,281,144,177,86,87.5,159.88,5,2,7,504930.2,2842.9,16988.7656,88.9872,45104.3008,0.9956,504.6368,0.7471,378.6559,9.2701,4698.686,
Image_18.vsi - 40x_07,71dfe584-fc73-4030-9ee2-0eb48bbe3aac,Cg,,Image,Rectangle,346.88,516.78,680,296,150,181,53,92.21,167.5,5,2,7,508774.5,2862.5,18551.6309,88.1352,46115.8438,0.4428,231.6824,1.0507,549.7903,10.3713,5426.6611,
