Image,Object ID,Name,Class,Parent,ROI,Centroid X µm,Centroid Y µm,Num Detections,Num FOS,Num Negative,Positive %,Area µm^2,Perimeter µm
Image_02.vsi - 20x_03,83043e0f-ff6c-4255-b019-2f2d5b4b591f,AVPV,,Image,Polygon,5244.6,6800.1,651,62,589,0,413581.9,3177.8
Image_02.vsi - 20x_03,f1e05055-7757-42cf-9587-3b909080e24e,MnPO,,Image,Geometry,4785.8,5907.7,412,20,392,0,287489.7,4174.8
Image_02.vsi - 20x_03,ffa305df-aa6f-42e1-ac80-9a4a3d79a53e,MPO,,Image,Geometry,4871.5,6204.1,2420,102,2318,0,2238627.7,9312.8
Image_02.vsi - 20x_03,b1597331-9c46-44df-bada-81e18226834f,LPO,,Image,Geometry,4855.1,6333.7,931,28,903,0,952288.2,7159.2
Image_02.vsi - 20x_03,d669ea2b-5301-43b8-b62a-ec09d13d4b0a,Cg,,Image,Polygon,3878.6,422.26,361,3,358,0,226618.1,1865.6
Image_02.vsi - 20x_04,7b17bc51-f630-4984-93bc-66912d9d0408,AVPE,,Image,Polygon,5396.4,6337.2,493,21,472,0,331106.9,3051.1
Image_02.vsi - 20x_04,3fb6a235-a5f6-4432-98cf-957317684a20,MnPO,,Image,Geometry,4942.7,5490.9,302,9,293,0,294754.1,3880.2
Image_02.vsi - 20x_04,f1c7f753-02c3-4c68-bcc2-50d7c40344eb,MPO,,Image,Polygon,5912.2,5888.8,1002,29,973,0,926242.3,4296.5
Image_02.vsi - 20x_04,48651152-3586-4b7c-960b-ab0592dd1160,TS,,Image,Polygon,5085.2,3235.7,353,90,263,0,240697.7,1859.1
Image_02.vsi - 20x_04,3865f711-58b0-4996-a39f-d6e45caf2625,Cg,,Image,Polygon,2664.5,347.49,452,2,450,0,357151.5,2295.7
Image_02.vsi - 20x_05,01cd69ec-5635-4824-b4f3-81c4002e2b14,AVPE,,Image,Geometry,4507.4,7110.1,795,31,764,0,649567.3,4651.3
Image_02.vsi - 20x_05,09f07c93-aaf2-48e1-9224-569ad8639672,MnPO,,Image,Polygon,4351.6,6114.9,258,8,250,0,189610.2,2014.4
Image_02.vsi - 20x_05,606d2e25-8a01-4307-91a1-b6749b6c9cfa,MPO,,Image,Geometry,4338.1,6504.2,1964,76,1888,0,1934239.1,8868.5
Image_02.vsi - 20x_05,e118a60b-dde5-4640-b9a9-37dbfe46792c,Cg,,Image,Polygon,2734,654.69,284,2,282,0,207189,1797.8
Image_03.vsi - 20x_02,ad53ccce-9c98-48b9-801e-fbd6e26d994b,TS,,Image,Polygon,3893.6,4060.7,429,51,378,0,366142.9,2245.3
Image_03.vsi - 20x_02,88639a03-2f04-417a-9512-1abb07d95788,MnPO,,Image,Polygon,3954.1,6306.2,319,34,285,0,205292.9,1954.2
Image_03.vsi - 20x_02,58a24588-16d1-45f0-890f-caf5cf6cdc92,Cg,,Image,Polygon,4353.2,2026.7,526,12,514,0,437765.5,2892.1
Image_03.vsi - 20x_02,cb396de1-b860-405a-94ba-d8d80b7dc2fb,AVPE,,Image,Geometry,4066.6,7359.9,1828,130,1698,0,1059122.8,7403.9
Image_03.vsi - 20x_03,f1731039-e047-4ba5-a7bd-7ab82af3d051,MnPO,,Image,Geometry,3860.6,5519.6,256,27,229,0,151534.4,3672.6
Image_03.vsi - 20x_03,10c2cb58-7132-48fd-a18c-abbe6727ff0a,TS,,Image,Polygon,3672.1,3364.9,633,34,599,0,543548.1,2661.2
Image_03.vsi - 20x_03,0e1e7ea3-d735-483d-923a-75d0a1756e50,Cg,,Image,Polygon,3880.3,1213.3,513,12,501,0,423388.1,2572
Image_03.vsi - 20x_03,48f00ad9-6419-458e-92de-b454036b2a3e,MPO,,Image,Geometry,3218.2,6334.7,1696,94,1602,0,746701.3,3594.3
Image_03.vsi - 20x_03,62fa60f3-abf0-43e2-a218-6dad49b704c7,AVPE,,Image,Geometry,4334.2,6495.8,1510,56,1454,0,784401.3,6593.7
Image_03.vsi - 20x_04,429f6125-9369-4cff-9663-7a784e46a073,MnPO,,Image,Polygon,4159.8,6125.8,239,13,226,0,168079.2,2044.8
Image_03.vsi - 20x_04,215af166-3b6f-4948-83dc-beeedd7a6dc6,MPO,,Image,Geometry,4223.6,6494.2,2118,127,1991,0,1835820.9,8477.8
Image_03.vsi - 20x_04,375b2e4f-a5b2-4d2f-b5f6-b5c09dc0f194,TS,,Image,Polygon,3886.1,3784.9,598,45,553,0,489140.6,3135.4
Image_03.vsi - 20x_04,3cde75e6-f959-44a7-81f8-3117a248fd94,Cg,,Image,Polygon,3487.7,1387.7,410,9,401,0,378243.4,2674.7
Image_03.vsi - 20x_04,d0497ef8-afe8-48f8-8e18-088d8061e421,MPN,,Image,Geometry,4143.1,7026.9,734,13,721,0,516480.6,5241.3
Image_04.vsi - 20x_01,10cc6ddc-1b3f-4359-93b3-b33d8f34436c,AVPE,,Image,Polygon,3412.8,7103.9,883,135,748,0,471948.5,3572.3
Image_04.vsi - 20x_01,308471b3-6eb2-43fe-b8e5-8dee0a85578b,MnPO,,Image,Polygon,3408,6129.9,331,8,323,0,231171.8,2510.2
Image_04.vsi - 20x_01,6788fa0f-afa5-4ba3-9b64-9f59d305abfd,MPN,,Image,Geometry,3377.6,6777.1,1304,23,1281,0,1004783.1,7052
Image_04.vsi - 20x_01,6cf83bcc-ef15-4035-a4c3-1751457b5992,MPO,,Image,Geometry,3417,6809.2,1565,29,1536,0,1302324,7576.6
Image_04.vsi - 20x_01,98dffe79-e5c2-4965-af67-4e82ad09722b,TS,,Image,Polygon,3181.7,4289.3,912,27,885,0,700584.2,3020.2
Image_04.vsi - 20x_01,cda80cba-4851-490f-8e34-214d4b8ef015,Cg,,Image,Polygon,3278.3,798.48,285,9,276,0,219913.1,1951.6
Image_04.vsi - 20x_02,469f24cd-8635-4b71-b570-150acc184546,MnPO,,Image,Polygon,3371.1,5999.2,335,26,309,0,213485,2143.8
Image_04.vsi - 20x_02,3b240b97-0429-4e3f-a8c8-1b8b544c817d,MPO,,Image,Geometry,3311.3,6419.5,1972,72,1900,0,1601193.1,7959.9
Image_04.vsi - 20x_02,530af466-058b-4b16-bb95-09d326a4e588,AVPE,,Image,Polygon,3350.9,6780.9,1532,190,1342,0,503728.5,3615
Image_04.vsi - 20x_03,b5c58346-dea3-41a9-b0cf-97d6a8b83631,MnPO,,Image,Polygon,2627.1,5381.7,450,60,390,0,256434,2428.6
Image_04.vsi - 20x_03,01838c89-0d5e-44ff-aaa1-9745fe9b945a,MPO,,Image,Geometry,2558.1,5728,2237,67,2170,0,1887949.7,8193.2
Image_04.vsi - 20x_03,082810bc-8ebc-4fc0-af73-3e756a1e0763,TS,,Image,Polygon,2413.9,3220.3,965,30,935,0,802255.6,3277.7
Image_04.vsi - 20x_03,676dc21f-29eb-48e7-b2ac-50d1f8ee1862,Cg,,Image,Polygon,1820.7,532.46,351,10,341,0,258217.6,2214.1
Image_04.vsi - 20x_03,a7c161a4-8bee-45d9-a3b7-e2c417b10cd2,AVPE,,Image,Geometry,2626.2,6245.9,1886,206,1680,0,657320,4583.3
Image_05.vsi - 20x_01,7a2e61d2-9da3-4764-9348-4dc748424346,AVPE,,Image,Polygon,2180,7341.7,440,42,398,0,234857.4,2262.7
Image_05.vsi - 20x_01,8411d332-0519-4710-9bf8-ae681ff7db2d,MnPO,,Image,Polygon,2077.3,6637.1,182,12,170,0,124271.5,1921.4
Image_05.vsi - 20x_01,4e29cae6-6e4e-40a0-8111-b21b6b555a53,MPO,,Image,Polygon,2627.9,6954.6,991,43,948,0,875098.3,3946.6
Image_05.vsi - 20x_01,594abc45-5428-435f-9f1c-ea49ef72b56c,TS,,Image,Polygon,1896.8,4055.7,508,9,499,0,507233.2,2585.6
Image_05.vsi - 20x_01,29b775ae-0234-4f70-9dab-7b8a4f3631c0,Cg,,Image,Polygon,1654,1517.4,532,4,528,0,448961.1,2996.3
Image_05.vsi - 20x_02,f6c5c1ce-0744-48da-bfe5-16785cef6b0d,AVPE,,Image,Polygon,1202.9,6625.6,433,36,397,0,209039.4,2426.7
Image_05.vsi - 20x_02,8be1694c-7605-41aa-a861-9b8e33d3da4a,MnPO,,Image,Polygon,1155.3,6076.3,146,9,137,0,90083.8,1318.4
Image_05.vsi - 20x_02,1b7e9866-bf51-42db-81d5-54407310c07e,TS,,Image,Polygon,1270.4,3600.9,958,22,936,0,935608.2,3573.1
Image_05.vsi - 20x_02,d0a64d12-728e-4d3c-b3d3-1ed299f1520a,Cg,,Image,Polygon,1591.4,1109,873,6,867,0,701510.9,3318
Image_05.vsi - 20x_02,1f1742cf-3799-4ebd-9ef1-c29694303696,MPO,,Image,Polygon,1634.5,6318,644,40,604,0,547389,2908.2
Image_05.vsi - 20x_03,e0eb8c78-df39-4184-b4e7-6226ca804912,AVPE,,Image,Polygon,932.06,6934.1,658,53,605,0,382623.5,3854.2
Image_05.vsi - 20x_03,b461848c-f784-4b4a-b9cd-6bed3b170787,MnPO,,Image,Polygon,792.98,6203,199,21,178,0,121773.2,1448.8
Image_05.vsi - 20x_03,7e938402-e1f1-4801-8c0c-70805d0ac8a9,MPO,,Image,Polygon,1390.3,6519.2,1047,53,994,0,885492.3,4834.3
Image_05.vsi - 20x_03,34176153-9628-4e0c-8df8-bf3b4700328e,TS,,Image,Polygon,1246.6,3630.2,463,17,446,0,503863.2,2564.8
Image_05.vsi - 20x_03,ffce26ef-d149-4c45-837c-73a2b4d2d045,Cg,,Image,Polygon,994.02,1252.4,525,5,520,0,489886.7,2756.9
Image_06.vsi - 20x_03,666772d9-e8e9-4103-b0de-b302f40425f3,AVPE,,Image,Polygon,3977.5,7064.9,663,41,622,0,434739.1,3808.3
Image_06.vsi - 20x_03,6c0a9c2e-c636-4432-a7e0-5b87368077d3,MnPO,,Image,Polygon,3837.3,6295.7,355,10,345,0,260862.7,2253.3
Image_06.vsi - 20x_03,dcffb2af-8f26-4113-976d-83471e8a20db,MPO,,Image,Geometry,3904.9,6532.9,2169,78,2091,0,2100452.9,8701.4
Image_06.vsi - 20x_03,b96709b4-a8b3-4f31-8718-2e1b2101384d,TS,,Image,Polygon,3684.7,3544.9,1453,14,1439,0,1001395.2,3599.4
Image_06.vsi - 20x_03,2a324a51-8c68-4ed7-8d2e-7d172cbad416,Cg,,Image,Polygon,4133.1,1206.7,770,5,765,0,625210.5,3372.8
Image_06.vsi - 20x_04,5eafbf52-239d-44cb-85cd-e712b01cd193,AVPE,,Image,Polygon,4177,7106.5,883,51,832,0,764570.3,5557
Image_06.vsi - 20x_04,5b2177da-6fcc-47b9-bb43-f6d4db8a6896,MnPO,,Image,Polygon,4040.7,6172,436,13,423,0,341962.7,2539.1
Image_06.vsi - 20x_04,60e58eff-3891-4d9b-9af2-914e4ce3fdd1,MPO,,Image,Geometry,4115.9,6622,1891,108,1783,0,1756780.3,8603.8
Image_06.vsi - 20x_04,8d523d60-b6f1-441b-b134-0adbefd42fc7,TS,,Image,Polygon,3707.5,3160.2,1582,11,1571,0,1119105.4,3916.5
Image_06.vsi - 20x_04,e2c7bf0f-b613-4e01-bb61-55c90b5ca2bc,Cg,,Image,Polygon,4299.8,1008.6,709,1,708,0,579123.1,3112.5
Image_06.vsi - 20x_05,4e0a0df1-7bfe-4f2a-9d3c-defcf9ce5bdc,AVPV,,Image,Geometry,4336.4,6779.1,598,23,575,0,503935.5,4093.8
Image_06.vsi - 20x_05,f3f5ff64-faa7-4e67-a001-bcc682667781,MnPO,,Image,Polygon,4047.8,5568.2,261,5,256,0,232546.1,2185
Image_06.vsi - 20x_05,3c4785c5-9c9e-488a-950a-c16b5f901b2e,MPO,,Image,Geometry,4238.5,6178.7,1918,115,1803,0,2054029.5,8875.8
Image_06.vsi - 20x_05,ac207e2b-0b84-4153-9c75-1d86c4cc6a11,TS,,Image,Polygon,3655,3570.1,786,11,775,0,527727.2,2907
Image_06.vsi - 20x_05,37bd6f4c-22c6-424e-b20a-984335a8c312,Cg,,Image,Polygon,4104.9,419.86,214,2,212,0,146090.3,1781
Image_07.vsi - 20x_02,e05a5ff5-6a86-41ae-92a5-158381c15a96,AVPE,,Image,Polygon,3266.1,6306.7,594,46,548,0,375359.4,3858.9
Image_07.vsi - 20x_02,f126ac0a-bbeb-4b8c-8ba2-48b9f00b1859,MnPO,,Image,Polygon,3295.5,5381,372,10,362,0,286674.6,2440.9
Image_07.vsi - 20x_02,907f4135-9e21-4002-a055-ffb120d6e7c5,MPO,,Image,Geometry,3254.8,5831.1,2356,104,2252,0,2179113.2,9392.8
Image_07.vsi - 20x_02,e0565125-dfe3-4585-85ca-9ec3267a5cef,TS,,Image,Polygon,3528.3,2859.5,1410,11,1399,0,949427.7,3512.3
Image_07.vsi - 20x_02,79ba1a8a-97ab-4629-b38a-ddd8bf894f93,Cg,,Image,Polygon,4145.4,611.48,417,4,413,0,307453.9,2261.8
Image_07.vsi - 20x_03,faf80ba1-e790-4b76-9aac-620229bc5d02,MnPO,,Image,Polygon,3923.7,5974.9,439,18,421,0,351990.6,2630.1
Image_07.vsi - 20x_03,30074d89-c098-493c-9ec5-bc5baa764c45,AVPE,,Image,Polygon,3862.7,6857.6,1035,56,979,0,702258.6,4240.2
Image_07.vsi - 20x_03,6bb9af3f-cbbf-46c4-819f-ab32ddbf732c,MPO,,Image,Geometry,4127.9,6294.5,2878,138,2740,0,2671876.7,12133.1
Image_07.vsi - 20x_03,0fc2419b-9c83-4bf9-8cd3-65ec4c286508,TS,,Image,Polygon,4199.5,3213.8,1083,3,1080,0,620381.7,2853.1
Image_07.vsi - 20x_03,2c0478dc-0f92-48e8-9144-5e47861b7cb4,Cg,,Image,Polygon,4918.8,742.91,423,7,416,0,355239.7,2579.7
Image_07.vsi - 20x_04,c57fb054-c0e8-4bf8-a528-80866faa7a4b,AVPE,,Image,Polygon,3977.4,6657.2,761,32,729,0,502879.1,4067.9
Image_07.vsi - 20x_04,f83c2b3b-2998-4256-b231-2cfaf25a91e5,MnPO,,Image,Polygon,3988.9,5818,405,13,392,0,345097.3,2776.7
Image_07.vsi - 20x_04,a1212044-852f-4b7f-9d97-b5ebb87de1f2,MPO,,Image,Geometry,3995.7,6101.2,2116,100,2016,0,2145499.3,9172.5
Image_07.vsi - 20x_04,9ee1b871-2b40-4b19-82e2-fecaa6efc331,TS,,Image,Polygon,4098.3,2662.5,1567,25,1542,0,1326529.9,4113.3
Image_07.vsi - 20x_04,c7be42c2-b523-4281-8f6b-08517c892b31,Cg,,Image,Polygon,4562.7,515.07,571,9,562,0,515794.6,2788.4
Image_08.vsi - 20x_03,17b65437-3f44-465a-9eb7-50c05e0b1b96,AVPE,,Image,Polygon,3616.4,8208.9,1262,85,1177,0,792742.5,4372.4
Image_08.vsi - 20x_03,6945b447-c56d-487d-bd7d-d0d987d02915,MnPO,,Image,Polygon,3626.4,7215.1,684,25,659,0,510234.1,3119.1
Image_08.vsi - 20x_03,17d4de45-340a-4713-a3bf-2570e341e322,MPO,,Image,Geometry,3639.7,7723.6,2737,98,2639,0,2568080.2,9370.1
Image_08.vsi - 20x_03,2195d959-677b-46cb-9ebc-2f5964ac4874,TS,,Image,Polygon,3675.1,4889.6,1067,20,1047,0,976961.3,3568.3
Image_08.vsi - 20x_03,102a0ac5-a39d-456e-8791-ae67f71411f0,Cg,,Image,Polygon,2992.6,1862.1,1565,10,1555,0,1343069.2,4505.7
Image_08.vsi - 20x_04,f70308ba-aca5-409b-98f1-ca84c1459289,AVPV,,Image,Polygon,3837.1,8606.6,1143,72,1071,0,815287.4,4329.8
Image_08.vsi - 20x_04,a12624a8-29cd-41fe-bd14-6e8c9abde49f,MnPO,,Image,Polygon,3974,7677.6,588,20,568,0,486906.3,3007.7
Image_08.vsi - 20x_04,ce4a9bef-449a-4fd9-a7c3-1f723061bd71,MPO,,Image,Geometry,3896,7881.5,2790,117,2673,0,2660391.6,9777.8
Image_08.vsi - 20x_04,c4c74996-16f3-47eb-815a-5fce79a1003d,TS,,Image,Polygon,4086.7,5367.4,1205,27,1178,0,1098386.5,3777.4
Image_08.vsi - 20x_04,b31d3a0c-5d14-4d18-a3e7-323d4d8e631f,Cg,,Image,Polygon,3619.7,2004.7,1702,28,1674,0,1546292.5,4540
Image_08.vsi - 20x_05,c38d077f-553b-4f4c-a8fc-6fd238924699,AVPE,,Image,Geometry,3019.8,7277.9,1030,57,973,0,1040121.6,6060
Image_08.vsi - 20x_05,658a07da-4797-4c02-8d9d-9bdf1e423f8a,MnPO,,Image,Polygon,3128.4,6294.3,328,9,319,0,248164,2201.6
Image_08.vsi - 20x_05,7a474c1b-f650-4b2a-bb6c-631058c9226e,MPO,,Image,Geometry,3188,6540.1,2446,119,2327,0,2545227.5,10648.9
Image_08.vsi - 20x_05,be491ef7-ae71-4414-b7c2-54f6498e5160,TS,,Image,Polygon,3406.8,3909.9,1063,28,1035,0,981506.2,3579
Image_08.vsi - 20x_05,4304326b-f54a-4f9f-b850-47f4a9985048,Cg,,Image,Polygon,4238.4,1057.4,986,7,979,0,872576.3,4189.7
Image_09.vsi - 20x_03,38788af2-7cc3-4199-be00-6dd7f1e78fea,AVPE,,Image,Polygon,3926.9,7217.4,788,44,744,0,517012.7,3421.6
Image_09.vsi - 20x_03,62980be1-9ce2-4baf-9b59-f1cc0eaa5c01,MnPO,,Image,Polygon,3958.2,6326.9,522,18,504,0,435039.9,3015.7
Image_09.vsi - 20x_03,4fe6cf4a-73a2-459a-a808-36b1fba77a9f,MPO,,Image,Geometry,4057.6,6791.5,1981,92,1889,0,2063114.7,10591
Image_09.vsi - 20x_04,5385da02-60c6-4bea-b280-30cb64eb45ad,AVPE,,Image,Polygon,4222.2,7573.7,1295,79,1216,0,1033937.8,5103.1
Image_09.vsi - 20x_04,17d3440c-ece9-4620-ae14-9793ed788fe3,MnPO,,Image,Polygon,4204.1,6637.9,570,18,552,0,482145.7,3970.1
Image_09.vsi - 20x_04,69e4a895-7866-4623-a128-0e0475b0fa61,MPO,,Image,Geometry,4171,7169.8,2204,128,2076,0,2294915.6,9525.7
Image_09.vsi - 20x_04,d9374d05-9a09-459b-84db-f037dfed07cc,TS,,Image,Polygon,4355.9,4390.6,1047,30,1017,0,1023641.3,3616.1
Image_09.vsi - 20x_04,de58cb1f-42db-4b94-9cd5-7739815f66a1,Cg,,Image,Polygon,4782.1,1874.2,788,16,772,0,683026.5,3434.8
Image_09.vsi - 20x_05,a14e8d53-fe8e-429a-a544-dde332327402,MnPO,,Image,Polygon,3840.5,6049.3,717,34,683,0,511497.7,3519.3
Image_09.vsi - 20x_05,4ec08b01-8dc6-442a-99ee-990e73e92048,AVPE,,Image,Polygon,3852.9,7105.1,1224,72,1152,0,967322.6,5634.9
Image_09.vsi - 20x_05,6365c59c-cbb0-4ff0-a002-648126b2a02b,MPO,,Image,Geometry,3868.7,6583.4,2304,150,2154,0,2174411.8,12770.9
Image_09.vsi - 20x_05,7261ed8c-de6d-491f-8cba-8c364abeb6f6,TS,,Image,Polygon,3788.7,3872.6,1005,41,964,0,899458.3,3492.1
Image_09.vsi - 20x_05,16086d2e-ee93-4645-b638-399ea019506d,Cg,,Image,Polygon,3403.1,1436.2,643,14,629,0,575571.1,3081.6
Image_10.vsi - 20x_01,13d7eff6-e942-48d4-8e10-43792e481f4c,AVPE,,Image,Polygon,5445.9,8154,816,38,778,0,511584.3,3016.2
Image_10.vsi - 20x_01,e0e1f2a7-c1b9-480b-86f4-8c2d4e434902,MnPO,,Image,Polygon,5320.9,7388,574,14,560,0,426503.3,2958.2
Image_10.vsi - 20x_01,514b1925-1168-47b0-a2dc-dcf6f85ece41,MPO,,Image,Geometry,5260.8,7723.3,2463,48,2415,0,2302989.3,9011.6
Image_10.vsi - 20x_01,9d52f7b3-b3cf-40f6-b6d4-a14f51cab49e,TS,,Image,Polygon,5479.7,4726.3,2142,5,2137,0,1464482.1,4359.1
Image_10.vsi - 20x_01,b7a89cb3-35c0-40dd-9d2b-78f5146b6e83,Cg,,Image,Polygon,4387.6,1745.7,1450,5,1445,0,1066450.8,3953.7
Image_10.vsi - 20x_02,d5fe9d50-d3cc-4374-b243-33a4e48acac1,AVPE,,Image,Polygon,3721.7,7447.9,862,27,835,0,498124.1,3840.5
Image_10.vsi - 20x_02,4c963a7a-e207-4ce9-a033-fa52f9e7c997,MnPO,,Image,Polygon,3587.3,6665.4,493,9,484,0,371062.7,2841.2
Image_10.vsi - 20x_02,21f2a7ec-86b9-4f1a-9048-d6086a213ff7,MPO,,Image,Geometry,3525.3,6881.9,2370,53,2317,0,2222375.1,9165.9
Image_10.vsi - 20x_02,539fc1e4-7249-4b20-bb95-cb5c014a7d20,TS,,Image,Polygon,3668.9,4249.1,1500,3,1497,0,958200.1,3578.2
Image_10.vsi - 20x_02,bdcd0677-a74c-4449-9830-41a74a96c042,Cg,,Image,Polygon,3010,1007.5,704,7,697,0,541665.6,3494
Image_10.vsi - 20x_03,a8dfbabb-13ff-4a76-a533-a9f2e9df88fd,AVPE,,Image,Geometry,3749,8130.5,990,31,959,0,749803.9,5324
Image_10.vsi - 20x_03,e5622da3-9349-411c-b13a-680401aa2b70,MnPO,,Image,Polygon,3645.2,7291,354,5,349,0,269318.6,2297.9
Image_10.vsi - 20x_03,7b5667c0-d37d-433a-8e94-59f398f19c4d,MPO,,Image,Geometry,3592.6,7705,2180,96,2084,0,2027742.7,8630.9
Image_10.vsi - 20x_03,2e0b2f4d-1422-45af-900f-e25f202868d9,TS,,Image,Polygon,4047.5,4583.5,279,43,236,0,302022.4,2284.7
Image_10.vsi - 20x_03,f49043a1-9dbd-4359-8682-2e5e09bfc832,Cg,,Image,Polygon,2962,1683.7,542,4,538,0,471057.8,2634.7
Image_11.vsi - 20x_01,f3a4341b-d85e-434c-acf6-ed784cb73c30,MPO,,Image,Polygon,2235.3,6336.8,1375,59,1316,0,1207440.1,4780.1
Image_11.vsi - 20x_01,bc021865-b992-4a22-9201-43c1c52af2c3,TS,,Image,Polygon,3392.2,4042.9,692,24,668,0,648081,2942.7
Image_11.vsi - 20x_01,b1903995-db22-42f0-ba8e-61805b261e5e,Cg,,Image,Geometry,4209.8,2105.2,668,42,626,0,530005.9,2899.5
Image_11.vsi - 20x_01,79b1a64c-79f4-4e89-b93b-39b7684e09e4,MnPO,,Image,Polygon,2961.4,5956.2,565,50,515,0,190613,1846.8
Image_11.vsi - 20x_01,76d613a8-8ac2-4625-9916-babe59779d0d,AVPV,,Image,Geometry,3034.8,6809.2,1447,113,1334,0,709626.9,5407.9
Image_11.vsi - 20x_02,34221a01-669d-4de0-b541-c8a4a903e364,MnPO,,Image,Polygon,2602.3,5704.3,561,34,527,0,470210,2806.4
Image_11.vsi - 20x_02,524df73f-4bcf-41b3-8970-0985b66de286,MPO,,Image,Polygon,1673.4,6061.1,1379,81,1298,0,1312914,4911.5
Image_11.vsi - 20x_02,1b31a5c0-8a35-46f4-94b8-5b36b781bbe3,MPO,,Image,Polygon,3314.8,6224.7,1232,54,1178,0,1141321.5,4977.3
Image_11.vsi - 20x_02,07479008-7740-4c92-b79c-367b4bc8fdb8,TS,,Image,Polygon,2867.4,3864.6,719,15,704,0,680240.9,3008.4
Image_11.vsi - 20x_02,04c5865a-5970-4ed6-bb31-1a44e658abef,Cg,,Image,Polygon,3595.1,1769.7,786,55,731,0,648994.5,3231.3
Image_11.vsi - 20x_02,132989d0-5efa-462c-b4d7-1a0cb7ac04d7,AVPE,,Image,Geometry,2436.5,6844.3,1496,114,1382,0,652501.9,4531.8
Image_11.vsi - 20x_03,ab8572f4-4b97-4560-87e0-2c9154a7fac8,MnPO,,Image,Polygon,2382.7,5882.1,650,65,585,0,367957,2807.3
Image_11.vsi - 20x_03,a312505c-7922-4857-8362-919f7a5a58d1,MPO,,Image,Geometry,2261.1,6536.1,2489,177,2312,0,2083549.3,9304.2
Image_11.vsi - 20x_03,5ed1e016-2040-4116-95dc-611c2e1542b9,TS,,Image,Polygon,2738.9,4267,704,42,662,0,522718.8,2606.9
Image_11.vsi - 20x_03,ff23e59d-da6f-4c7c-bc64-561797558992,Cg,,Image,Polygon,2748.8,1764.9,533,70,463,0,421100,2852.7
Image_11.vsi - 20x_03,c9d76027-d223-476d-bf39-133f7f94c94a,AVPE,,Image,Geometry,2207.1,6878.8,2015,105,1910,0,734574.8,5209.4
Image_12.vsi - 20x_01,10f5ecaf-5ba1-4de0-80e2-c8897e431ab8,AVPE,,Image,Polygon,3118.9,7453.1,794,67,727,0,554334.6,3044.2
Image_12.vsi - 20x_01,3f2ab42f-e4e3-44fa-8755-f7c3040c6bc0,MnPO,,Image,Polygon,3410.2,6571.8,460,8,452,0,367116.2,3120.6
Image_12.vsi - 20x_01,c273c3c0-954b-458d-9026-b49d96cc8b8d,MPO,,Image,Polygon,2589,6848.7,1285,40,1245,0,1305717.9,4756.9
Image_12.vsi - 20x_01,f57493ae-6070-4e28-b134-7c92f0a0ef7e,TS,,Image,Polygon,4249.6,4416.9,929,21,908,0,783519.8,3222.7
Image_12.vsi - 20x_01,325db22c-3d51-4232-b1d1-3f5a6418ea98,Cg,,Image,Polygon,5420.5,2354.6,671,1,670,0,529298.7,3098.7
Image_12.vsi - 20x_02,21d07d70-9ad8-49ef-98f9-bcd5750b0242,AVPE,,Image,Polygon,3562,7742.1,557,45,512,0,353997.5,2372.2
Image_12.vsi - 20x_02,4b1afec8-c215-42d1-8e9e-7abf70ea6d16,MnPO,,Image,Polygon,3777.1,6925.6,522,18,504,0,406466.3,3043.1
Image_12.vsi - 20x_02,23c720ba-078f-4956-a98a-92c1fb63d435,MPO,,Image,Polygon,2981.2,7143.3,1274,33,1241,0,1235947,4614.9
Image_12.vsi - 20x_02,8974a34e-bab0-4c7d-831a-41c63e84438a,TS,,Image,Polygon,4414.8,4464.4,705,4,701,0,427241.2,2356.9
Image_12.vsi - 20x_02,3f607e19-1b85-420a-9c1a-6d18edaf6f73,Cg,,Image,Polygon,5636.9,2250.9,1120,8,1112,0,826080.3,3789
Image_12.vsi - 20x_03,b72162bf-b591-47aa-9f2a-924a49c0e227,AVPE,,Image,Polygon,3534.6,6989.6,649,42,607,0,397658.7,2559.6
Image_12.vsi - 20x_03,b2a48606-526a-4106-903d-9b0363fd0f16,MnPO,,Image,Polygon,3739.9,6135.5,562,21,541,0,381970.5,3092.3
Image_12.vsi - 20x_03,8e355662-7242-4aa7-9ad8-41fda0837496,MPO,,Image,Polygon,2790.2,6334.3,1882,95,1787,0,1676522.1,5193.7
Image_12.vsi - 20x_03,72b07f2a-c8d7-4de4-929a-8f887ab24386,TS,,Image,Polygon,4432,3892.7,1550,13,1537,0,1077935.1,3766.5
Image_12.vsi - 20x_03,c391a9d2-bfd0-430d-88d8-20d2330102ff,Cg,,Image,Polygon,5232.9,1320.1,707,2,705,0,576777.4,3154.5
Image_13.vsi - 20x_01,b83f4646-cd00-462c-835a-fa8ebd08bc86,AVPE,,Image,Polygon,1811.3,6705.5,571,35,536,0,352388,3127.6
Image_13.vsi - 20x_01,29fbb71e-b2ef-47ed-b153-906d895e3d03,MnPO,,Image,Polygon,1621.6,5920.5,274,12,262,0,236794.3,2196.1
Image_13.vsi - 20x_01,5f82a9d5-27a6-4189-82d6-9318c983b409,MPO,,Image,Polygon,2317.4,6137,1133,30,1103,0,1119993.9,4435.5
Image_13.vsi - 20x_01,926e4800-96fa-4609-8d32-498eed9ecd48,TS,,Image,Polygon,1204.1,3706.1,614,8,606,0,552237.5,2706.2
Image_13.vsi - 20x_01,1064c6a4-3c5e-4539-9405-78286015df39,Cg,,Image,Polygon,919.93,1474.4,528,7,521,0,405828,2546.6
Image_13.vsi - 20x_05,1cc3890a-dae0-4a08-b6c8-11371c36b699,AVPE,,Image,Geometry,1318.5,7484.5,734,35,699,0,665618.3,4675
Image_13.vsi - 20x_05,212a800c-382a-4375-99c1-859e708a8f65,MnPO,,Image,Polygon,1261.7,6684.6,376,9,367,0,298174.1,2557.1
Image_13.vsi - 20x_05,87b6655b-81f3-4baf-9fe9-eb46753ef70f,MPO,,Image,Geometry,2025,6995.8,1154,43,1111,0,1132189.5,5133.1
Image_13.vsi - 20x_05,8d8b9b5b-249c-48e1-8fce-84446d776a05,TS,,Image,Polygon,1445.5,3994.4,441,2,439,0,271690.2,1872.5
Image_13.vsi - 20x_05,fec60af2-fb57-4c88-bd3a-2d8e414c1bf4,Cg,,Image,Polygon,1664.2,1319.7,683,6,677,0,596658.9,3138.8
Image_14.vsi - 20x_03,1896989c-da4a-4433-a883-57a6cc64fb0b,AVPE,,Image,Polygon,1183.2,6368.4,666,32,634,0,366641.3,3403.4
Image_14.vsi - 20x_03,75da54f3-b0fd-445d-a9a9-7d1034c0e99b,MnPO,,Image,Polygon,1177.7,5645.9,294,11,283,0,231309.3,2309.1
Image_14.vsi - 20x_03,5539c79c-943d-4a5c-9bbc-145da06f39cd,MPO,,Image,Polygon,1736.1,5885.6,935,30,905,0,946943,4331.2
Image_14.vsi - 20x_03,9cdfc8a5-de7d-4a59-aaeb-3762ee65c294,TS,,Image,Polygon,1236.2,3715.1,282,6,276,0,293774.6,1994
Image_14.vsi - 20x_03,47d7fd66-9952-4288-915f-9fbaa2a84d5f,Cg,,Image,Polygon,1132.8,1693.9,379,8,371,0,319538.7,2217.6
Image_14.vsi - 20x_04,329a85aa-60e4-428e-9c07-4effb15fed26,AVPE,,Image,Polygon,1722.1,7368.3,820,29,791,0,550015.7,3883.9
Image_14.vsi - 20x_04,8561b7f4-abbc-4a81-8c7b-e33161b35b5d,MnPO,,Image,Polygon,1634,6450.1,360,14,346,0,342912.5,2924.2
Image_14.vsi - 20x_04,5a6a8aee-feec-4d83-b445-44c42fc96740,MPO,,Image,Polygon,2323.9,6673.8,1350,41,1309,0,1331038.7,5099.8
Image_14.vsi - 20x_04,4428f859-352c-4d4c-998f-bd0b8c6219d7,TS,,Image,Polygon,1641.5,4643.5,559,10,549,0,532309.4,2656.4
Image_14.vsi - 20x_04,d2d386c0-e575-4bcc-a1b5-49d6e4c22aec,Cg,,Image,Polygon,1270.4,2229.2,658,8,650,0,607744.2,3260.8
Image_14.vsi - 20x_05,68dd154b-1d91-402b-a738-02dae651df40,AVPE,,Image,Polygon,1999.6,7154.6,1049,52,997,0,842276.6,5070.3
Image_14.vsi - 20x_05,05c15bc6-ae8e-4a1b-b472-a8a6339fb1fb,MnPO,,Image,Polygon,1865.1,6208.2,454,14,440,0,387550.1,2868.9
Image_14.vsi - 20x_05,68572fc6-299a-4daf-9aaa-dc0847c64b95,MPO,,Image,Polygon,2695.8,6530,1381,24,1357,0,1287289,5225.6
Image_14.vsi - 20x_05,194e7218-04df-4702-bbe3-89162e29fe49,TS,,Image,Polygon,1691.5,4116.4,440,9,431,0,422537.1,2357.2
Image_14.vsi - 20x_05,8c2a5cad-0678-4550-81c7-75421e6952f9,Cg,,Image,Polygon,1414,1942.6,383,5,378,0,354733.6,2583
Image_15.vsi - 20x_01,85f41e32-52f4-4d64-a792-836133415ab1,MnPO,,Image,Polygon,4830.5,6049.5,427,13,414,0,336703.3,4818.3
Image_15.vsi - 20x_01,b0f09993-6888-426a-8a66-be74aa93b925,AVPE,,Image,Geometry,4798.2,6878.3,960,45,915,0,610411.7,4420.4
Image_15.vsi - 20x_01,34a59cfd-6994-44ad-be63-99c5fcb4e766,MPO,,Image,Polygon,5603.6,6281.1,1333,38,1295,0,1298381,4783.3
Image_15.vsi - 20x_01,e64619d8-8a26-429b-82d9-78cf6ef619f5,TS,,Image,Polygon,5101.5,4005.4,269,10,259,0,261207.4,1857.9
Image_15.vsi - 20x_01,9e44adc8-3125-435f-acc9-83187a1afc89,Cg,,Image,Polygon,4820.7,1827.7,570,14,556,0,464820.5,2720.5
Image_15.vsi - 20x_02,c59dadc1-d570-4a20-8c6e-09cf3a0de888,AVPE,,Image,Geometry,3859.5,6728.3,993,66,927,0,665044.5,4841.5
Image_15.vsi - 20x_02,d94ce57c-f023-4c19-a0e4-5d15e0dd3128,MnPO,,Image,Polygon,3899.7,5898.8,323,18,305,0,287465.6,2317
Image_15.vsi - 20x_02,19af610b-dce2-4c5a-8895-60cb84eb50e9,MPO,,Image,Geometry,3762,6196.1,2176,55,2121,0,2105351.3,9015.6
Image_15.vsi - 20x_02,79334b0d-088b-4bd8-a472-6f065fd1b273,TS,,Image,Polygon,3224.2,4001.6,428,15,413,0,416766,2388.6
Image_15.vsi - 20x_02,70a0166e-8a86-490e-a4dc-5e54512a8af4,Cg,,Image,Polygon,3914.4,1748.6,583,14,569,0,472535.5,2783.1
Image_15.vsi - 20x_03,945f11e6-ece6-43a2-80fe-4803687598b0,AVPE,,Image,Geometry,3735.7,6641,739,27,712,0,498906.9,4361.6
Image_15.vsi - 20x_03,13e0044a-d39b-4702-aa84-e71a377f425c,MnPO,,Image,Polygon,3773.2,5838.2,457,13,444,0,342530.6,2499.9
Image_15.vsi - 20x_03,1a76a168-1644-4c8e-b29b-3da9270fbdfb,MPO,,Image,Geometry,3612.9,6077.2,2345,77,2268,0,2148057.8,8727
Image_15.vsi - 20x_03,3c6bd32a-680f-4c3d-b5b6-6332d984e3cf,TS,,Image,Polygon,3361.1,3754.5,308,3,305,0,289489.2,2015
Image_15.vsi - 20x_03,fe9fe333-8573-45cf-9319-f93411cdb112,Cg,,Image,Polygon,4047.5,1368.4,461,9,452,0,402792.3,2758.6
Image_16.vsi - 20x_01,ba8a56a1-2498-43ca-bb93-0e6c8e37b2fe,AVPE,,Image,Polygon,3772.1,7695,770,22,748,0,473085.3,3297.2
Image_16.vsi - 20x_01,80688e97-e974-4714-b61c-99b113caf1d7,MnPO,,Image,Polygon,3753.4,6875.9,607,12,595,0,438321.3,2949.8
Image_16.vsi - 20x_01,30710653-33c3-4063-ad15-2f6648743a96,MPO,,Image,Geometry,3767,7181.6,2751,48,2703,0,2460100.6,9319.8
Image_16.vsi - 20x_01,d9c3e1ac-43c4-41c1-ad66-8d2b32a0969a,TS,,Image,Polygon,3182.1,5288.4,454,11,443,0,294655.6,2015.8
Image_16.vsi - 20x_01,576def49-8198-42a6-8fe5-52ae4d7dfeb8,Cg,,Image,Polygon,4142,1085.3,522,4,518,0,418242.4,2489.3
Image_16.vsi - 20x_02,6e691842-9972-48b0-8308-faf52107d1ba,AVPE,,Image,Polygon,3233,8190.7,784,27,757,0,494941.9,3680.7
Image_16.vsi - 20x_02,0a14ea8b-5f0f-4da9-9929-fdd3b1951fef,MnPO,,Image,Polygon,3272.7,7412.8,543,16,527,0,366499.3,2738.8
Image_16.vsi - 20x_02,d55b93d8-e53c-4687-8d86-14792f4ad66c,TS,,Image,Polygon,2967,4920.4,471,63,408,0,368029,2267.6
Image_16.vsi - 20x_02,7d644333-2540-49d2-9378-748a32dffa7c,MPO,,Image,Geometry,3075.5,7656.6,2489,54,2435,0,2189951.4,9239
Image_16.vsi - 20x_02,8fd81d13-eb5b-4464-b21c-ef38b9cc9092,Cg,,Image,Polygon,2525.5,1364.7,1149,3,1146,0,853645.2,3873.4
Image_16.vsi - 20x_04,e5028ed2-01d4-4e9c-872c-8e96689a4728,AVPE,,Image,Geometry,2859.8,8310.7,1089,40,1049,0,918421.1,6799.8
Image_16.vsi - 20x_04,5ebc4d5b-4ea9-48aa-97fe-de2ac483d826,MnPO,,Image,Polygon,2885.1,7217.6,137,4,133,0,99134.9,1213.3
Image_16.vsi - 20x_04,8f16b217-a32c-43a6-8d12-56b80252948e,MPO,,Image,Geometry,2970.3,7868.8,2457,105,2352,0,2288543.7,9330.9
Image_16.vsi - 20x_04,cb25e8a3-3581-4dd1-980f-13b75506636f,TS,,Image,Polygon,2885.2,5957.9,400,41,359,0,292851.2,1994.2
Image_16.vsi - 20x_04,19791702-5dea-4710-a262-bc46d69b4d69,Cg,,Image,Polygon,3269,1338.1,1204,4,1200,0,925842.7,3957.5
Image_17.vsi - 20x_01,c02b0215-11c2-48cf-b1f3-c126d1e62d88,AVPE,,Image,Polygon,4138.8,5718.4,1336,69,1267,0,906075.7,4350.7
Image_17.vsi - 20x_01,5397e5d6-19ce-4e98-8034-081871dcc030,MnPO,,Image,Polygon,4082.8,4764,571,6,565,0,505504.3,3485.2
Image_17.vsi - 20x_01,cf54c65c-8a86-48b6-b526-d5384e653fc5,MPO,,Image,Geometry,3988.6,5351.2,2395,42,2353,0,2258867,9611.8
Image_17.vsi - 20x_01,ace10dd3-e5a9-4e24-a9eb-b5a2a4c4436b,TS,,Image,Polygon,4110,3088.8,520,8,512,0,430524.7,2395.3
Image_17.vsi - 20x_01,2ceb4cee-4ac3-4090-b106-289542bc665e,Cg,,Image,Polygon,3314.7,1423.3,638,10,628,0,492278.2,2789.3
Image_17.vsi - 20x_02,83bca982-5649-4110-bb40-613f85b4d169,MnPO,,Image,Polygon,3133.7,5426.4,455,8,447,0,373924.3,2579
Image_17.vsi - 20x_02,1e89b686-8bcf-4de2-bc5c-48ad0dad1e77,AVPE,,Image,Polygon,3189.9,6288.1,1123,63,1060,0,658552.7,4121.8
Image_17.vsi - 20x_02,658c2213-bd9e-42b7-bda1-d72a5d44ec0d,TS,,Image,Polygon,3600,3540.5,267,3,264,0,252440.8,1862.6
Image_17.vsi - 20x_02,61560403-8c2f-4207-ab81-747ec9112e79,MPO,,Image,Geometry,3106.6,5824.9,2655,72,2583,0,2460220.2,9416.2
Image_17.vsi - 20x_02,77375d3a-db26-45a4-9906-09743223c2a6,Cg,,Image,Polygon,2423.4,1746.6,627,4,623,0,448300.9,2680.4
Image_17.vsi - 20x_03,98c5c258-842d-40fe-81b8-e85d3301a5b4,MPO,,Image,Geometry,3957.5,6073.4,2997,73,2924,0,2976595.9,10081.5
Image_17.vsi - 20x_03,27d84a6c-63ff-4d3d-80a2-52679f7dbe6c,MnPO,,Image,Polygon,3907.5,5689.3,561,12,549,0,448248.5,2910.1
Image_17.vsi - 20x_03,07141e66-e64e-452f-ac6d-3849d667f3db,AVPE,,Image,Polygon,4008.9,6587.7,1079,61,1018,0,764846.4,3993.2
Image_17.vsi - 20x_03,f4e79590-951b-41ce-b1b3-19a63bdda829,TS,,Image,Polygon,3265.9,3783,224,3,221,0,231894.8,1957.9
Image_17.vsi - 20x_03,24149802-5bbc-4a2f-b75d-11f157b226ae,Cg,,Image,Polygon,2889.9,1719.1,367,2,365,0,307821.3,2142.7
Image_18.vsi - 20x_01,0409040f-77f6-45e6-963f-1a02f28fa7b5,AVPE,,Image,Polygon,3934.8,5895.3,532,21,511,0,324846.9,2333.5
Image_18.vsi - 20x_01,b1f4e9cd-bc7f-4b84-b736-2b46557ed663,MnPO,,Image,Polygon,3881.1,5221.8,447,14,433,0,316741.8,2835.7
Image_18.vsi - 20x_01,2019e99e-e301-40e0-ac53-a99ce32d1181,MPO,,Image,Geometry,3813.6,5445.6,2568,48,2520,0,2499841.3,8991
Image_18.vsi - 20x_01,26d6822f-fd21-4481-89ca-0947d897f5cf,TS,,Image,Polygon,2890.2,2736.5,390,11,379,0,372886.8,2267.5
Image_18.vsi - 20x_01,b12fa722-b4da-44e4-9f5f-b9c75c6b3110,Cg,,Image,Polygon,3441.4,590.61,635,6,629,0,545897.4,2955
Image_18.vsi - 20x_02,7305e778-f881-4f16-b816-338b259f0a9b,AVPE,,Image,Polygon,3314.4,6232.2,808,26,782,0,511937.9,3428.8
Image_18.vsi - 20x_02,da3c9fc5-61ed-497e-a028-3c672cc30505,MnPO,,Image,Polygon,3238.9,5381.8,412,8,404,0,291071.7,2488.2
Image_18.vsi - 20x_02,cd503249-21f6-4ada-9e89-63c8b43f2a48,MPO,,Image,Geometry,3207.2,5757.4,2346,52,2294,0,2257380.8,9013.8
Image_18.vsi - 20x_02,0d66e1ca-bd31-4bd1-9695-d8cc50dbf12d,TS,,Image,Polygon,3518.6,2930.4,613,7,606,0,633028.9,2927.8
Image_18.vsi - 20x_02,58e74d69-ac03-4681-bcfb-6178d64a5390,Cg,,Image,Polygon,3070.2,365.48,782,8,774,0,672320.9,3230.4
Image_18.vsi - 20x_03,c150c420-d739-44e2-b668-5f94d3622814,AVPE,,Image,Polygon,3493,6641.3,1040,56,984,0,639370.8,3379
Image_18.vsi - 20x_03,4758d8a9-a1ad-4418-95d9-93485d62bbb4,MnPO,,Image,Polygon,3399.5,5863.4,346,7,339,0,242687.6,2463.4
Image_18.vsi - 20x_03,5a74955b-6d82-44cc-9cdd-a711a49b8d36,MPO,,Image,Geometry,3395.8,6181.1,2417,55,2362,0,2199093,8888.5
Image_18.vsi - 20x_03,19f13211-b54b-448e-8cae-e0185d571fa8,TS,,Image,Polygon,3361.4,3312.7,604,5,599,0,635411.2,2879.4
Image_18.vsi - 20x_03,0013682b-f2dc-4e2a-92c2-ea9d06e112ca,Cg,,Image,Polygon,1796,705.81,658,6,652,0,570210.7,2800.6
Image_19.vsi - 20x_01,827ebaa3-f0f8-4e31-8839-15c4b313a490,MnPO,,Image,Polygon,3524.4,5242.1,202,8,194,0,146124.4,1884.7
Image_19.vsi - 20x_01,a3274a3d-b494-4fdb-ad52-085ec017025c,TS,,Image,Polygon,3953.3,3836.9,161,1,160,0,156854.8,1442.6
Image_19.vsi - 20x_01,22cbc92a-354e-4239-95a1-c4ac4b012ae9,Cg,,Image,Polygon,4417.5,1666.9,360,21,339,0,246416.8,1989.3
Image_19.vsi - 20x_01,58b2448c-78f1-40ef-81a8-57267e7426e9,MPO,,Image,Geometry,3622.1,5990.6,3549,58,3491,0,1583942.6,7895.1
Image_19.vsi - 20x_01,5c772a98-4036-47a7-a925-f74d4d22d1c0,AVPE,,Image,Geometry,3619.2,6334.8,2442,297,2145,0,799806.3,8544.1
Image_19.vsi - 20x_02,35c74eed-c937-4eb5-a6a7-53b18e1517dd,MnPO,,Image,Geometry,3581.2,6236.2,385,9,376,0,331322.4,4272.9
Image_19.vsi - 20x_02,25c7d9db-fdcb-4918-835b-79c6931b42a4,TS,,Image,Polygon,4441.1,3735.8,367,9,358,0,352260.1,2344.4
Image_19.vsi - 20x_02,ea649ef0-ef5a-4bb1-9316-79f99a57e566,Cg,,Image,Polygon,5074.4,1621.7,608,46,562,0,362465.2,2388.3
Image_19.vsi - 20x_02,805b8f34-a1de-4e69-8d50-14eaaee546e6,AVPE,,Image,Geometry,3339.6,7165.2,2321,185,2136,0,789637.3,6243.7
Image_19.vsi - 20x_03,4b24b29d-74a9-496f-a0e7-4b71235f4bb1,MnPO,,Image,Polygon,3186,5936.3,449,16,433,0,325909.2,2602.5
Image_19.vsi - 20x_03,fa681095-7da8-49b3-bf87-49b4ef48b91b,MPO,,Image,Geometry,3234.1,6370.1,2309,55,2254,0,2074796.3,9212
Image_19.vsi - 20x_03,392e2b72-dc08-49fa-82c5-48b1d18cd08d,S,,Image,Polygon,2531.9,3963.3,341,6,335,0,313432.7,2068.4
Image_19.vsi - 20x_03,2ab98cc9-c89e-45af-89df-f3abab997051,Cg,,Image,Polygon,3937.4,1822.3,1102,54,1048,0,725245,3261.3
Image_19.vsi - 20x_03,ad47c0ea-977f-4507-8617-fb09164e1aec,AVPE,,Image,Geometry,3140.5,6924.8,1881,148,1733,0,707886.7,6795.1
Image_20.vsi - 20x_01,8f0df313-fe96-48f7-95ac-f8c2cd1d7125,AVPE,,Image,Polygon,3622.4,7221.1,554,24,530,0,386964.2,3732.5
Image_20.vsi - 20x_01,2246c1a6-65fa-4e0a-8462-5d25f92c41de,MnPO,,Image,Polygon,3472.1,6507.5,293,29,264,0,211107.1,2151.5
Image_20.vsi - 20x_01,8662c59d-ce97-4fd8-ac41-216bd8c1443c,MPO,,Image,Polygon,4178.8,6544.5,1267,34,1233,0,1099710.5,4389.7
Image_20.vsi - 20x_01,942ba189-864c-4d3f-9266-f5e0ef9c94b2,TS,,Image,Polygon,2752.6,4621,335,0,335,0,281901.8,1962.6
Image_20.vsi - 20x_01,754d0e46-9b48-4b50-be8e-c68dc276f5e3,Cg,,Image,Polygon,2033.7,2364.8,860,20,840,0,601527.5,2829.9
Image_20.vsi - 20x_02,e46e6f92-a8ec-4bbe-88e8-63f7c407737f,MnPO,,Image,Polygon,3160.6,5431.4,535,46,489,0,432614.8,2615.7
Image_20.vsi - 20x_02,8a6d4704-55f6-4c5f-b53d-db6576805fb4,MPO,,Image,Polygon,3984.4,5461.2,1460,42,1418,0,1305223.3,4515.3
Image_20.vsi - 20x_02,cb1458ba-04a5-4c99-8d98-aa2c3e30453b,TS,,Image,Polygon,2372.9,3814.2,903,15,888,0,772903.1,3161.2
Image_20.vsi - 20x_02,1fe14b9d-9e12-43bd-9e78-d33ecb747f92,Cg,,Image,Polygon,1232.1,2184.1,927,21,906,0,658248.9,3272.2
Image_20.vsi - 20x_02,ae2b605f-be23-4ee2-ad39-dcee25f8d289,AVPE,,Image,Geometry,3393,6299.9,1511,83,1428,0,808794.1,4426.7
Image_20.vsi - 20x_03,821e4b70-af40-45f0-b97d-d63b922e19ca,AVPE,,Image,Polygon,2351.2,6341.3,1192,73,1119,0,858507.2,4155
Image_20.vsi - 20x_03,3908b02b-4ee0-49bf-be5c-5e21f35dab5c,MnPO,,Image,Polygon,1998.5,5138.4,758,53,705,0,531080.6,3193.1
Image_20.vsi - 20x_03,a1f3d7bf-25e3-4b0e-8f8c-c42577c490e5,MPO,,Image,Polygon,2978.7,5574,1538,48,1490,0,1311988.7,4795.4
Image_20.vsi - 20x_03,e8578ce6-fcde-4efa-b001-4e8dfc98b3dd,S,,Image,Polygon,1157.2,3449.8,571,12,559,0,519627.9,2624.2
Image_20.vsi - 20x_03,7bef4179-bc70-4786-a2b3-a91fe678b9d1,Cg,,Image,Polygon,1054.1,1047.5,1062,12,1050,0,724481,3391.2
Image_22.vsi - 20x_01,ea4d02a5-3315-4eac-a4cf-61582955da9a,MnPO,,Image,Polygon,4778.9,6588.2,469,8,461,0,354315.4,2630.5
Image_22.vsi - 20x_01,186b2236-f5cf-452a-97c6-4a14c7939f00,MPO,,Image,Polygon,5502.7,7010.3,985,6,979,0,918935.8,4232.4
Image_22.vsi - 20x_01,c520dbfe-a8da-4d5b-ab5a-55e0479ae510,TS,,Image,Polygon,4994.4,3958.7,973,12,961,0,816150.9,3329.2
Image_22.vsi - 20x_01,c1ac5e1e-8a3e-4f9c-bbff-362d81e2b01f,Cg,,Image,Polygon,5926.5,1206.2,1235,5,1230,0,1003795.9,3955.3
Image_22.vsi - 20x_01,ee8b948f-0b7e-470d-8474-5fec798acee8,AVPE,,Image,Polygon,4675.3,7338.8,829,43,786,0,562965.6,3290.3
Image_22.vsi - 20x_02,dc88735b-b878-4557-9bf9-a4f1ea007bc0,MnPO,,Image,Polygon,3570.2,6472.5,465,16,449,0,308404.4,2561.5
Image_22.vsi - 20x_02,8007fd64-03cd-424f-8195-7c45d2af60b0,MPO,,Image,Polygon,4262,6787.6,1220,9,1211,0,1111602.4,4477.6
Image_22.vsi - 20x_02,343c76ca-5566-4c38-b33f-d7abf163616d,TS,,Image,Polygon,3687.9,4154.7,450,4,446,0,373317.8,2274.3
Image_22.vsi - 20x_02,87313320-eaa8-45f3-9a10-28fc26c6bc29,Cg,,Image,Polygon,4538.4,1560.5,1040,1,1039,0,811442.7,3749.5
Image_22.vsi - 20x_02,aa0a1db4-0da5-4d7d-969c-39250798b7a9,AVPE,,Image,Polygon,3522.4,7257.5,753,50,703,0,474096.4,3477.7
Image_22.vsi - 20x_03,dac0902b-9c38-4ace-a3d9-ce18c88a26d5,MnPO,,Image,Polygon,3075.9,6708.2,450,8,442,0,309863.8,2724.8
Image_22.vsi - 20x_03,37e20b52-eb7c-4144-aa80-06c1af57ecda,MPO,,Image,Polygon,3825.4,7245.6,1229,14,1215,0,1155744,4436.5
Image_22.vsi - 20x_03,6eb93a92-8585-476c-a7b5-b5aa68ad8ccb,TS,,Image,Polygon,3421.4,4417.8,919,3,916,0,740960,3116.3
Image_22.vsi - 20x_03,40b9407d-e046-42a6-9dbe-e2cc3d306953,Cg,,Image,Polygon,4232.8,1651.5,908,3,905,0,698633.9,3223.7
Image_22.vsi - 20x_03,64ae1603-bc6f-40e4-8600-a7eecf410383,AVPE,,Image,Geometry,2972.2,7568.9,960,59,901,0,682640.4,4601.9
Image_23.vsi - 20x_01,9c053b7e-5500-466c-8d47-406508f9c741,MnPO,,Image,Polygon,4621.9,6538.9,380,5,375,0,312862.9,2434.9
Image_23.vsi - 20x_01,56066c96-945c-490e-b56e-a3b368ab2a23,LPO,,Image,Polygon,3845.9,6863.5,1104,12,1092,0,1044360.8,4237.9
Image_23.vsi - 20x_01,1babdfdb-23a9-4492-ba10-92c0850c19d8,TS,,Image,Polygon,4587,4144.3,393,4,389,0,330746.2,2098.3
Image_23.vsi - 20x_01,51ff8c74-d787-4ca4-82f6-8cabd47f8b73,Cg,,Image,Polygon,5667.3,1389.1,718,1,717,0,570360.3,2964.2
Image_23.vsi - 20x_01,5dd8f0ef-5a50-4887-9562-56dda62c05e3,AVPE,,Image,Polygon,4626.6,7205,640,33,607,0,434699.8,3086.6
Image_23.vsi - 20x_02,ff6b4688-39ab-40f6-9c93-4f3bc131808c,AVPE,,Image,Polygon,4325.8,7148.5,950,50,900,0,573734.1,3178.5
Image_23.vsi - 20x_02,da46c862-5a7e-41d9-9c57-b53e68f696ae,MnPO,,Image,Polygon,4348.9,6297.2,732,14,718,0,554985.2,3228.8
Image_23.vsi - 20x_02,9e159cd7-5d68-4814-a12d-c67734b1ad89,MPO,,Image,Polygon,5091.7,6657.2,986,11,975,0,885545.7,4215.8
Image_23.vsi - 20x_02,d7604d2d-c6ef-4dd3-897c-8d011311205e,TS,,Image,Polygon,4489.9,3881.2,462,1,461,0,420571.6,2358.3
Image_23.vsi - 20x_02,0ae23460-3899-4281-8c79-cc6a7b74fdb6,Cg,,Image,Polygon,5505.2,1241.8,582,2,580,0,433149.7,2564.2
Image_23.vsi - 20x_03,426a47b3-bfd3-4786-bef5-9e7dfe9ad8d8,AVPE,,Image,Polygon,4229,7193.8,826,33,793,0,474677.7,3675.9
Image_23.vsi - 20x_03,604363f7-4599-4e2c-8354-d66b69bf6a63,MnPO,,Image,Polygon,4165,6388.7,570,22,548,0,384433.2,2756.7
Image_23.vsi - 20x_03,87206e06-a51c-49f8-a2ec-931eb9afae89,MPO,,Image,Geometry,3449.1,6579.3,1186,13,1173,0,993088.1,4256.8
Image_23.vsi - 20x_03,4bce075b-37be-4580-bd4c-ee53c7544046,TS,,Image,Polygon,4427.7,4053.8,354,1,353,0,308064.7,2307.5
Image_23.vsi - 20x_03,6e60d31b-8fe1-49ed-b8f1-884191c17ebe,Cg,,Image,Polygon,5025.5,1250.3,702,7,695,0,496297.6,2814.1
