"","Name","Image","group","num_detections_mean","num1_mean","num2_mean","num3_mean","num_neg_mean","tot_num_pos_mean","num23_mean","fraq_pos_mean","area_mean","ID","numFOSmm2"
"1","AVPE","Image_01.vsi","T40",1574.66666666667,22.3333333333333,86,41.3333333333333,1425,149.666666666667,127.333333333333,9.36966666666667,729766.633333333,NA,174.485003173846
"2","AVPE","Image_02.vsi","IBE1",1198,139.333333333333,101,9.66666666666667,948,250,110.666666666667,20.5566666666667,695048.166666667,NA,159.221579127969
"3","AVPE","Image_04.vsi","T40",1443,15.6666666666667,76.3333333333333,52,1299,144,128.333333333333,9.94966666666667,696139.866666667,NA,184.349926614364
"4","AVPE","Image_05.vsi","IBE2",1504.66666666667,9,25.3333333333333,11.6666666666667,1458.66666666667,46,37,3.05466666666667,712615.333333333,NA,51.9214199713169
"5","AVPE","Image_06.vsi","ENT",1576,39,26,8.5,1502.5,73.5,34.5,4.6405,707165.35,NA,48.7863269884476
"6","AVPE","Image_07.vsi","A2",1190,28.6666666666667,31.3333333333333,29.3333333333333,1100.66666666667,89.3333333333333,60.6666666666667,14.0486666666667,709074.666666667,NA,85.5575153345393
"7","AVPE","Image_08.vsi","T40",1785.66666666667,26.3333333333333,82,38.3333333333333,1639,146.666666666667,120.333333333333,8.21866666666667,689951.2,NA,174.408470241567
"8","AVPE","Image_09_01.vsi","IBE2",1481.66666666667,23.3333333333333,23.6666666666667,27.3333333333333,1407.33333333333,74.3333333333333,51,4.98866666666667,704375.333333333,NA,72.4045797553009
"9","AVPE","Image_12.vsi","A2",1211.66666666667,17,17,5.33333333333333,1172.33333333333,39.3333333333333,22.3333333333333,3.231,697292.933333333,NA,32.0286242204854
"10","AVPE","Image_13.vsi","ENT",1359,1,4,1,1353,6,5,0.838,725567.7,NA,6.8911557115897
"11","AVPE","Image_14.vsi","IBE1",1277,16.3333333333333,55.3333333333333,34,1171.33333333333,105.666666666667,89.3333333333333,8.177,803717.833333333,NA,111.150119641906
"12","AVPE","Image_16.vsi","IBE2",1547.66666666667,30,12.3333333333333,34.6666666666667,1470.66666666667,77,47,5.35233333333333,702665.4,NA,66.8881661171875
"13","AVPE","Image_17.vsi","IBE1",1403.66666666667,15,84.3333333333333,41,1263.33333333333,140.333333333333,125.333333333333,9.75166666666667,699299.166666667,NA,179.227059472639
"14","AVPE","Image_18.vsi","A1",1097.33333333333,24.6666666666667,19.3333333333333,35.3333333333333,1018,79.3333333333333,54.6666666666667,14.4066666666667,705679.533333333,NA,77.466702780006
"15","AVPE","Image_19.vsi","A1",1239,49,31,18.3333333333333,1140.66666666667,98.3333333333333,49.3333333333333,7.88533333333333,704330.466666667,NA,70.0428785465005
"16","AVPE","Image_20.vsi","A1",1457,59,29,31,1338,119,60,16.212,698487.2,NA,85.8999277295275
"17","AVPE","Image_22_01.vsi","IBE1",1480.66666666667,20.6666666666667,105.333333333333,31.3333333333333,1323.33333333333,157.333333333333,136.666666666667,21.2066666666667,706157.133333333,NA,193.535773010672
"18","AVPE","Image_23.vsi","A2",1370,30.6666666666667,21.6666666666667,11.3333333333333,1306.33333333333,63.6666666666667,33,4.53866666666667,701555.133333333,NA,47.0383558355642
"19","AVPE","Image_25_01.vsi","A2",1399.66666666667,49.6666666666667,32.6666666666667,12.6666666666667,1304.66666666667,95,45.3333333333333,6.789,691133.6,NA,65.5927209056734
"20","AVPE","Image_26.vsi","st64",1581,64,55.3333333333333,19.3333333333333,1442.33333333333,138.666666666667,74.6666666666667,8.741,696712.866666667,NA,107.169926434544
"21","AVPE","Image_27.vsi","T40",1508,158,112.666666666667,15.6666666666667,1221.66666666667,286.333333333333,128.333333333333,18.597,703731.233333333,NA,182.361286887129
"22","AVPE","Image_29.vsi","A1",1564,39,15.3333333333333,6,1503.66666666667,60.3333333333333,21.3333333333333,3.851,706574.7,NA,30.1926085569344
"23","AVPE","Image_31.vsi","A1",1617.5,92,17.5,7,1504.5,162,32,6.799,704864.35,NA,45.3988061674562
"24","AVPE","Image_32.vsi","ENT",1542.33333333333,29.3333333333333,23,9.66666666666667,1480.33333333333,62,32.6666666666667,4.09566666666667,706644.266666667,NA,46.2278804309269
"25","AVPE","Image_34.vsi","ENT",1690.33333333333,164,21.3333333333333,34,1471,219.333333333333,55.3333333333333,13.025,689855.2,NA,80.2100692048612
"26","AVPE","Image_36.vsi","ENT",1748.33333333333,7.33333333333333,21.6666666666667,7.5,1714.33333333333,47,38,1.98106666666667,700241.066666667,NA,54.2670257557017
"27","AVPE","Image_37.vsi","IBE2",1400.5,29,27.5,4,1342,112,56,3.7719,719126.9,NA,77.872208646346
"28","LPO","Image_01.vsi","T40",941,14.6666666666667,15,14.3333333333333,897,44,29.3333333333333,4.67933333333333,672145.533333333,NA,43.6413423561147
"29","LPO","Image_02.vsi","IBE1",975,42,19,2,912,63,21,6.462,615362.1,NA,34.1262485941204
"30","LPO","Image_04.vsi","T40",859,15.3333333333333,17.6666666666667,15.3333333333333,810.666666666667,48.3333333333333,33,5.53833333333333,630034.566666667,NA,52.3780785149513
"31","LPO","Image_05.vsi","IBE2",902.666666666667,7.66666666666667,7,2.33333333333333,885.666666666667,17,9.33333333333333,1.8549,613658.933333333,NA,15.2093171407701
"32","LPO","Image_06.vsi","ENT",962.333333333333,6,8.33333333333333,6,942,20.3333333333333,14.3333333333333,2.12766666666667,615110.2,NA,23.3020576367183
"33","LPO","Image_07.vsi","A2",656.75,5.5,7.75,4.5,639,17.75,12.25,2.684,605476.425,NA,20.2320016010532
"34","LPO","Image_08.vsi","T40",941.333333333333,13,11.3333333333333,12.3333333333333,904.666666666667,36.6666666666667,23.6666666666667,3.86166666666667,603937.7,NA,39.1872649557507
"35","LPO","Image_09_01.vsi","IBE2",913,4.33333333333333,4,3.66666666666667,901,12,7.66666666666667,1.28703333333333,609738.9,NA,12.5736879616286
"36","LPO","Image_12.vsi","A2",879.666666666667,7,7.66666666666667,3.66666666666667,861.333333333333,18.3333333333333,11.3333333333333,2.03333333333333,588549.6,NA,19.256377598988
"37","LPO","Image_13.vsi","ENT",813,6.5,6.5,5.5,794.5,18.5,12,2.2755,616224.45,NA,19.4734240097095
"38","LPO","Image_14.vsi","IBE1",866.5,16.5,14.5,9,826.5,40,23.5,4.5835,593535.75,NA,39.5932342744308
"39","LPO","Image_16.vsi","IBE2",1019,18.3333333333333,3,2,995.666666666667,23.3333333333333,5,2.20733333333333,600765.733333333,NA,8.32271170370791
"40","LPO","Image_17.vsi","IBE1",920,8.66666666666667,7.33333333333333,2,902,18,9.33333333333333,1.94933333333333,606079.533333333,NA,15.3995190730194
"41","LPO","Image_18.vsi","A1",755.666666666667,7.33333333333333,10.6666666666667,11.6666666666667,726,29.6666666666667,22.3333333333333,3.88733333333333,604976.833333333,NA,36.9160141393844
"42","LPO","Image_19.vsi","A1",766,12,10.3333333333333,6,737.666666666667,28.3333333333333,16.3333333333333,3.57633333333333,605220.333333333,NA,26.9874167038891
"43","LPO","Image_20.vsi","A1",1040,6,11,4,1019,21,15,2.019,587745.1,NA,25.5212676379607
"44","LPO","Image_22_01.vsi","IBE1",872,2,4,0,866,6,4,0.6881,603208.4,NA,6.63120739034801
"45","LPO","Image_23.vsi","A2",881,10,5.5,4,861.5,19.5,9.5,2.218,604040.8,NA,15.7274144395544
"46","LPO","Image_25_01.vsi","A2",954.666666666667,10,10,5.66666666666667,929,25.6666666666667,15.6666666666667,2.665,607372.333333333,NA,25.7941723830028
"47","LPO","Image_26.vsi","st64",1016,24,12,4.33333333333333,975.666666666667,40.3333333333333,16.3333333333333,3.88033333333333,639965.366666667,NA,25.5222144573344
"48","LPO","Image_27.vsi","T40",997.333333333333,74.3333333333333,24.3333333333333,1.66666666666667,897,100.333333333333,26,10.1846666666667,602092.133333333,NA,43.1827598478284
"49","LPO","Image_29.vsi","A1",799.333333333333,12.3333333333333,9.33333333333333,3,774.666666666667,24.6666666666667,12.3333333333333,3.06266666666667,509649.4,NA,24.199642603981
"50","LPO","Image_31.vsi","A1",938.5,10.5,2,0,926,22,4,1.2657,600598.7,NA,6.66002107563669
"51","LPO","Image_32.vsi","ENT",944.333333333333,5,3.33333333333333,0.666666666666667,935.333333333333,9,4,0.924433333333333,634600.9,NA,6.30317416820556
"52","LPO","Image_34.vsi","ENT",1112.66666666667,15.6666666666667,9.33333333333333,5,1082.66666666667,30,14.3333333333333,2.695,599455.166666667,NA,23.9106010430027
"53","LPO","Image_36.vsi","ENT",916.5,1,10,4.5,901,15.5,14.5,1.65675,596254.05,NA,24.3184930987052
"54","LPO","Image_37.vsi","IBE2",1032,0.5,1.5,0,1030,3,3,0.1832,600368.5,NA,4.99693105151253
"55","MnPO","Image_01.vsi","T40",504.333333333333,22.3333333333333,18.3333333333333,5,458.666666666667,45.6666666666667,23.3333333333333,8.802,290399.066666667,NA,80.3492022242496
"56","MnPO","Image_02.vsi","IBE1",486,27,8,0,451,35,8,7.202,214748.7,NA,37.252844836779
"57","MnPO","Image_04.vsi","T40",428.666666666667,6,5,6.33333333333333,411.333333333333,17.3333333333333,11.3333333333333,3.85533333333333,300329.866666667,NA,37.7362846363598
"58","MnPO","Image_05.vsi","IBE2",692,13.6666666666667,4,1,673.333333333333,18.6666666666667,5,2.73123333333333,316164.933333333,NA,15.8145305593663
"59","MnPO","Image_06.vsi","ENT",717.666666666667,8.66666666666667,10.6666666666667,4,694.333333333333,23.3333333333333,14.6666666666667,3.31766666666667,372133.033333333,NA,39.4124287631547
"60","MnPO","Image_07.vsi","A2",716.4,13.2,14,13.2,676,40.4,27.2,9.6848,421932.04,NA,64.4653579756588
"61","MnPO","Image_08.vsi","T40",649.333333333333,11,7.66666666666667,4.66666666666667,626,23.3333333333333,12.3333333333333,3.56766666666667,309094.266666667,NA,39.9015273441932
"62","MnPO","Image_09_01.vsi","IBE2",704.666666666667,32,8.33333333333333,3,661.333333333333,43.3333333333333,11.3333333333333,6.11833333333333,324160.1,NA,34.962147819344
"63","MnPO","Image_12.vsi","A2",616.666666666667,9.33333333333333,8,2,597.333333333333,19.3333333333333,10,3.15366666666667,308775.5,NA,32.3859891733638
"64","MnPO","Image_13.vsi","ENT",588,4,1,2,581,7,3,1.2615,337800.25,NA,8.88098809873586
"65","MnPO","Image_14.vsi","IBE1",689.666666666667,10,47,20.6666666666667,612,77.6666666666667,67.6666666666667,11.27,310606.733333333,NA,217.853186698464
"66","MnPO","Image_16.vsi","IBE2",727.666666666667,48.6666666666667,11,7,661,66.6666666666667,18,8.90133333333333,299323,NA,60.1357062437567
"67","MnPO","Image_17.vsi","IBE1",630.333333333333,11,34,20.6666666666667,564.666666666667,65.6666666666667,54.6666666666667,10.1736666666667,287977.366666667,NA,189.829733146853
"68","MnPO","Image_19.vsi","A1",537.333333333333,11,15.3333333333333,5,506,31.3333333333333,20.3333333333333,5.79,300409.533333333,NA,67.6853797138706
"69","MnPO","Image_22_01.vsi","IBE1",692,22,21,17,632,60,38,17.178,302127.4,NA,125.774755947326
"70","MnPO","Image_23.vsi","A2",616.333333333333,8.66666666666667,10.3333333333333,1.66666666666667,595.666666666667,20.6666666666667,12,3.23066666666667,306023.666666667,NA,39.2126534875843
"71","MnPO","Image_25_01.vsi","A2",538,4,6,4,524,14,10,2.602,316030.6,NA,31.6425055042138
"72","MnPO","Image_26.vsi","st64",504,8.66666666666667,7,1.66666666666667,486.666666666667,17.3333333333333,8.66666666666667,3.24033333333333,291200.833333333,NA,29.7618195918624
"73","MnPO","Image_27.vsi","T40",563,41.3333333333333,20.6666666666667,0.666666666666667,500.333333333333,62.6666666666667,21.3333333333333,10.5886666666667,270766.766666667,NA,78.7885957939447
"74","MnPO","Image_29.vsi","A1",641.666666666667,11,6,2,622.666666666667,19,8,2.94333333333333,304038.566666667,NA,26.3124513699304
"75","MnPO","Image_31.vsi","A1",784.5,21,4,1,759,51,9,2.6815,313409.55,NA,28.7164191391105
"76","MnPO","Image_32.vsi","ENT",597.333333333333,8,4,2.66666666666667,582.666666666667,14.6666666666667,6.66666666666667,2.35966666666667,302046.033333333,NA,22.071690838295
"77","MnPO","Image_34.vsi","ENT",745.666666666667,28.3333333333333,10,7,700.333333333333,45.3333333333333,17,5.89566666666667,318047.166666667,NA,53.4511914637399
"78","MnPO","Image_37.vsi","IBE2",698,2,4.5,2,690.5,10,8,1.0791,299047.3,NA,26.7516208974299
"79","OVLT","Image_01.vsi","T40",187.666666666667,0.666666666666667,0.333333333333333,0,186.666666666667,1,0.333333333333333,0.5042,51372.9,NA,6.48850528845623
"80","OVLT","Image_02.vsi","IBE1",219,0,0,0,219,0,0,0,53627.2,NA,0
"81","OVLT","Image_04.vsi","T40",370.333333333333,3.66666666666667,1.33333333333333,0.333333333333333,365,5.33333333333333,1.66666666666667,1.42416666666667,88042.3,NA,18.9302944910193
"82","OVLT","Image_05.vsi","IBE2",283.333333333333,0,0,0,283.333333333333,0,0,0,73949.6333333333,NA,0
"83","OVLT","Image_06.vsi","ENT",258,0,0.5,0,257.5,0.5,0.5,0.12625,58211.25,NA,8.58940496897077
"84","OVLT","Image_07.vsi","A2",302.5,0.5,0.5,0,301.5,1,0.5,0.475775,78353.525,NA,6.38133383277906
"85","OVLT","Image_08.vsi","T40",243,1,0,0,242,1,0,0.4115,43480.4,NA,0
"86","OVLT","Image_09_01.vsi","IBE2",356.5,0.5,0,0,356,0.5,0,0.14285,104892,NA,0
"87","OVLT","Image_12.vsi","A2",208.5,0,0,0,208.5,0,0,0,70937.05,NA,0
"88","OVLT","Image_13.vsi","ENT",316.5,0,0,0,316.5,0,0,0,99023.5,NA,0
"89","OVLT","Image_16.vsi","IBE2",256.666666666667,1,0,0,255.666666666667,1,0,0.3139,63462.0666666667,NA,0
"90","OVLT","Image_17.vsi","IBE1",243,3,2.33333333333333,0,237.666666666667,5.33333333333333,2.33333333333333,1.75266666666667,64850.4666666667,NA,35.980208829132
"91","OVLT","Image_18.vsi","A1",262,0,0,0,262,0,0,0,52419.5,NA,0
"92","OVLT","Image_19.vsi","A1",309.333333333333,1,0.666666666666667,0,307.666666666667,1.66666666666667,0.666666666666667,0.5502,81395.9666666667,NA,8.19041402133357
"93","OVLT","Image_20.vsi","A1",372,10,2,0,360,12,2,3.39455,89460.8,NA,22.3561604635773
"94","OVLT","Image_22_01.vsi","IBE1",381,7,1,0,373,8,1,2.1,83025.8,NA,12.0444488339769
"95","OVLT","Image_23.vsi","A2",390.666666666667,1,0.333333333333333,0,389.333333333333,1.33333333333333,0.333333333333333,0.289466666666667,102717.9,NA,3.24513384067756
"96","OVLT","Image_25_01.vsi","A2",277,0,0,0.5,276.5,0.5,0.5,0.15385,81268.2,NA,6.15246800101393
"97","OVLT","Image_26.vsi","st64",278.333333333333,4,1.33333333333333,1.33333333333333,271.666666666667,6.66666666666667,2.66666666666667,2.43866666666667,65348.4333333333,NA,40.806895141072
"98","OVLT","Image_27.vsi","T40",323,9,5,1,308,15,6,4.644,87480.8,NA,68.5864784044042
"99","OVLT","Image_29.vsi","A1",238.333333333333,6,3.66666666666667,0.333333333333333,228.333333333333,10,4,3.83,57649.3,NA,69.3850575809247
"100","OVLT","Image_31.vsi","A1",356.5,1.5,0.5,0,354.5,4,1,0.42015,76506.95,NA,13.0707079552903
"101","OVLT","Image_32.vsi","ENT",308,0,0,0,308,0,0,0,69091.8,NA,0
"102","OVLT","Image_34.vsi","ENT",450.5,2,0.5,1.5,446.5,4,2,0.8568,101706.8,NA,19.6643685574613
"103","OVLT","Image_36.vsi","ENT",172,0,0,0,172,0,0,0,47255.05,NA,0
"104","OVLT","Image_37.vsi","IBE2",143,0,0,0,143,0,0,0,35242.4,NA,0
"105","cAVPE","Image_06.vsi","ENT",1409,18,21,14,1356,53,35,3.762,751985.1,NA,46.5434753959886
"106","POA","Image_18.vsi","A1",1097.33333333333,24.6666666666667,19.3333333333333,35.3333333333333,1018,79.3333333333333,54.6666666666667,14.4066666666667,705679.533333333,NA,77.466702780006
"107","POA","Image_19.vsi","A1",1776.33333333333,60,46.3333333333333,23.3333333333333,1646.66666666667,129.666666666667,69.6666666666667,13.6753333333333,1004740,NA,69.3380045252171
"108","POA","Image_20.vsi","A1",1457,59,29,31,1338,119,60,16.212,698487.2,NA,85.8999277295275
"109","POA","Image_29.vsi","A1",2205.66666666667,50,21.3333333333333,8,2126.33333333333,79.3333333333333,29.3333333333333,6.79433333333333,1010613.26666667,NA,29.0252802935036
"110","POA","Image_31.vsi","A1",2402,113,21.5,8,2263.5,213,41,9.4805,1018273.9,NA,40.2642157478454
"111","POA","Image_07.vsi","A2",1906.4,41.8666666666667,45.3333333333333,42.5333333333333,1776.66666666667,129.733333333333,87.8666666666667,23.7334666666667,1131006.70666667,NA,77.688899764025
"112","POA","Image_12.vsi","A2",1828.33333333333,26.3333333333333,25,7.33333333333333,1769.66666666667,58.6666666666667,32.3333333333333,6.38466666666667,1006068.43333333,NA,32.1383041769889
"113","POA","Image_23.vsi","A2",1986.33333333333,39.3333333333333,32,13,1902,84.3333333333333,45,7.76933333333333,1007578.8,NA,44.6615192776982
"114","POA","Image_25_01.vsi","A2",1937.66666666667,53.6666666666667,38.6666666666667,16.6666666666667,1828.66666666667,109,55.3333333333333,9.391,1007164.2,NA,54.9397340903632
"115","POA","Image_06.vsi","ENT",2293.66666666667,47.6666666666667,36.6666666666667,12.5,2196.83333333333,96.8333333333333,49.1666666666667,7.95816666666667,1079298.38333333,NA,45.5542854746238
"116","POA","Image_13.vsi","ENT",1947,5,5,3,1934,13,8,2.0995,1063367.95,NA,7.52326605292176
"117","POA","Image_32.vsi","ENT",2139.66666666667,37.3333333333333,27,12.3333333333333,2063,76.6666666666667,39.3333333333333,6.45533333333333,1008690.3,NA,38.9944597795114
"118","POA","Image_34.vsi","ENT",2436,192.333333333333,31.3333333333333,41,2171.33333333333,264.666666666667,72.3333333333333,18.9206666666667,1007902.36666667,NA,71.7662104242835
"119","POA","Image_36.vsi","ENT",1748.33333333333,7.33333333333333,21.6666666666667,7.5,1714.33333333333,47,38,1.98106666666667,700241.066666667,NA,54.2670257557017
"120","POA","Image_02.vsi","IBE1",1684,166.333333333333,109,9.66666666666667,1399,285,118.666666666667,27.7586666666667,909796.866666667,NA,130.432045893321
"121","POA","Image_14.vsi","IBE1",1966.66666666667,26.3333333333333,102.333333333333,54.6666666666667,1783.33333333333,183.333333333333,157,19.447,1114324.56666667,NA,140.892523324368
"122","POA","Image_17.vsi","IBE1",2034,26,118.333333333333,61.6666666666667,1828,206,180,19.9253333333333,987276.533333333,NA,182.319739123412
"123","POA","Image_22_01.vsi","IBE1",2172.66666666667,42.6666666666667,126.333333333333,48.3333333333333,1955.33333333333,217.333333333333,174.666666666667,38.3846666666667,1008284.53333333,NA,173.231524328979
"124","POA","Image_05.vsi","IBE2",2196.66666666667,22.6666666666667,29.3333333333333,12.6666666666667,2132,64.6666666666667,42,5.7859,1028780.26666667,NA,40.8250443372942
"125","POA","Image_09_01.vsi","IBE2",2186.33333333333,55.3333333333333,32,30.3333333333333,2068.66666666667,117.666666666667,62.3333333333333,11.107,1028535.43333333,NA,60.6039727103228
"126","POA","Image_16.vsi","IBE2",2275.33333333333,78.6666666666667,23.3333333333333,41.6666666666667,2131.66666666667,143.666666666667,65,14.2536666666667,1001988.4,NA,64.8710104827561
"127","POA","Image_37.vsi","IBE2",2098.5,31,32,6,2032.5,122,64,4.851,1018174.2,NA,62.8576131667842
"128","POA","Image_01.vsi","T40",2079,44.6666666666667,104.333333333333,46.3333333333333,1883.66666666667,195.333333333333,150.666666666667,18.1716666666667,1020165.7,NA,147.68842617103
"129","POA","Image_04.vsi","T40",1871.66666666667,21.6666666666667,81.3333333333333,58.3333333333333,1710.33333333333,161.333333333333,139.666666666667,13.805,996469.733333333,NA,140.161474046444
"130","POA","Image_08.vsi","T40",2435,37.3333333333333,89.6666666666667,43,2265,170,132.666666666667,11.7863333333333,999045.466666667,NA,132.793422414809
"131","POA","Image_27.vsi","T40",2071,199.333333333333,133.333333333333,16.3333333333333,1722,349,149.666666666667,29.1856666666667,974498,NA,153.583349238959
"132","POA","Image_26.vsi","st64",2085,72.6666666666667,62.3333333333333,21,1929,156,83.3333333333333,11.9813333333333,987913.7,NA,84.3528471498405
"133","ARC","Image_01.vsi","T40",246,25.75,1.25,2.25,216.75,29.25,3.5,10.7405,105276.8,NA,33.2456913584
"134","ARC","Image_02.vsi","IBE1",280,1,0.5,0,278.5,1.5,0.5,0.542,95227.45,NA,5.250586884349
"135","ARC","Image_04.vsi","ENT",211.2,3,1.4,0.6,206.2,5,2,2.2772,109080.9,NA,18.335015571012
"136","ARC","Image_06.vsi","IBE2",238.666666666667,1,0.666666666666667,0,237,1.66666666666667,0.666666666666667,0.681266666666667,106214.1,NA,6.27663056662596
"137","ARC","Image_07.vsi","IBE2",174.666666666667,1,1.66666666666667,0,172,2.66666666666667,1.66666666666667,1.59213333333333,105711.2,NA,15.7662259691184
"138","ARC","Image_11.vsi","ENT",224.333333333333,0.333333333333333,1.33333333333333,0,222.666666666667,1.66666666666667,1.33333333333333,0.7863,104561.866666667,NA,12.751621368657
"139","ARC","Image_12.vsi","T40",330,14.6666666666667,2.66666666666667,0,312.666666666667,17.3333333333333,2.66666666666667,5.62366666666667,104631.566666667,NA,25.4862538297079
"140","ARC","Image_13.vsi","A1",335,5,5,0.666666666666667,324.333333333333,10.6666666666667,5.66666666666667,3.17933333333333,104450.9,NA,54.2519659157237
"141","ARC","Image_14.vsi","IBE2",246,0,1,0,245,1,1,0.4065,104553.5,NA,9.56448134208802
"142","ARC","Image_15.vsi","IBE1",189.333333333333,0.333333333333333,0,0,189,0.333333333333333,0,0.133866666666667,104654.266666667,NA,0
"143","ARC","Image_17.vsi","ENT",182.333333333333,1.66666666666667,0,0,180.666666666667,1.66666666666667,0,0.892466666666667,101490.766666667,NA,0
"144","ARC","Image_18.vsi","A2",196,0.666666666666667,1,0,194.333333333333,1.66666666666667,1,0.895666666666667,112434,NA,8.89410676485761
"145","ARC","Image_19.vsi","A1",210,3.33333333333333,2.33333333333333,0,204.333333333333,5.66666666666667,2.33333333333333,2.66866666666667,105078.233333333,NA,22.2056772303303
"146","ARC","Image_20.vsi","A1",246.666666666667,1,2.33333333333333,0,243.333333333333,3.33333333333333,2.33333333333333,1.3532,102041.033333333,NA,22.8666180369923
"147","ARC","Image_21.vsi","ENT",254,7.66666666666667,2,0,244.333333333333,9.66666666666667,2,3.848,105390.1,NA,18.97711454871
"148","ARC","Image_22.vsi","IBE1",287.666666666667,8.33333333333333,0.333333333333333,0,279,8.66666666666667,0.333333333333333,3.0149,102864.833333333,NA,3.24049845347211
"149","ARC","Image_23.vsi","IBE1",258,0,0,0,258,0,0,0,101941.433333333,NA,0
"150","ARC","Image_24.vsi","T40",255,3.33333333333333,3.66666666666667,0,248,7,3.66666666666667,2.62366666666667,101709.233333333,NA,36.0504798482734
"151","ARC","Image_25.vsi","A2",173.333333333333,2,0.333333333333333,0,171,2.33333333333333,0.333333333333333,1.135,102798.3,NA,3.24259577574078
"152","ARC","Image_26.vsi","A1",283.333333333333,3.33333333333333,1,0,279,4.33333333333333,1,1.42073333333333,105715.566666667,NA,9.45934483947019
"153","ARC","Image_27.vsi","A2",242,17.75,1.25,1,222,20,2.25,8.51025,104262.45,NA,21.5801566143899
"154","ARC","Image_28.vsi","T40",329.333333333333,43.6666666666667,3,0.333333333333333,282.333333333333,47,3.33333333333333,13.5333333333333,99204.8666666667,NA,33.6005021259038
"155","ARC","Image_29.vsi","A1",277.333333333333,5,3,0.666666666666667,268.666666666667,8.66666666666667,3.66666666666667,2.984,106792.9,NA,34.334367422054
"156","ARC","Image_30.vsi","A1",200.333333333333,6,4,0.333333333333333,190,10.3333333333333,4.33333333333333,5.128,104567.166666667,NA,41.4406689161512
"157","ARC","Image_31.vsi","IBE1",290,6.33333333333333,1.66666666666667,0,282,8,1.66666666666667,2.74506666666667,102427.6,NA,16.2716559468997
"158","ARC","Image_32.vsi","ENT",279.666666666667,5.66666666666667,1.66666666666667,0,272.333333333333,7.33333333333333,1.66666666666667,2.65733333333333,102463.7,NA,16.2659231187891
"159","ARC","Image_33.vsi","IBE1",214.666666666667,0,0,0,214.666666666667,0,0,0,106952.966666667,NA,0
"160","ARC","Image_34.vsi","ENT",217.5,0.5,0.5,0,216.5,1,0.5,0.44055,106008.3,NA,4.71661181247129
"161","ATAN","Image_01.vsi","T40",146.333333333333,0,0,0,146.333333333333,0,0,0,20199.8666666667,NA,0
"162","ATAN","Image_02.vsi","IBE1",130,40,16,3,71,59,19,47.3,20364.05,NA,933.016762382728
"163","ATAN","Image_04.vsi","ENT",220.333333333333,0,0,0,220.333333333333,0,0,0,27924.7333333333,NA,0
"164","ATAN","Image_06.vsi","IBE2",159.666666666667,0,0,0,159.666666666667,0,0,0,21072.0666666667,NA,0
"165","ATAN","Image_07.vsi","IBE2",147.666666666667,0,0,0,147.666666666667,0,0,0,20569.2666666667,NA,0
"166","ATAN","Image_11.vsi","ENT",122.666666666667,0,0,0,122.666666666667,0,0,0,19060.4,NA,0
"167","ATAN","Image_12.vsi","T40",181,2.33333333333333,0,0,178.666666666667,2.33333333333333,0,1.3284,23647,NA,0
"168","ATAN","Image_13.vsi","A1",170.333333333333,0,0,0,170.333333333333,0,0,0,24673.3333333333,NA,0
"169","ATAN","Image_14.vsi","IBE2",153,0,0,0,153,0,0,0,24058.2,NA,0
"170","ATAN","Image_15.vsi","IBE1",174.666666666667,4.66666666666667,0.333333333333333,0,169.666666666667,5,0.333333333333333,3.31133333333333,24176.0666666667,NA,13.7877404926635
"171","ATAN","Image_17.vsi","ENT",214.333333333333,0,0,0,214.333333333333,0,0,0,33083.4,NA,0
"172","ATAN","Image_18.vsi","A2",187,0,0,0,187,0,0,0,27561.8666666667,NA,0
"173","ATAN","Image_19.vsi","A1",225.333333333333,0,0,0,225.333333333333,0,0,0,35786.7666666667,NA,0
"174","ATAN","Image_20.vsi","A1",86.6666666666667,0,0.666666666666667,0,86,0.666666666666667,0.666666666666667,0.7867,12975.3,NA,51.3796726601055
"175","ATAN","Image_21.vsi","ENT",175.333333333333,0.333333333333333,0,0,175,0.333333333333333,0,0.209633333333333,25891.5333333333,NA,0
"176","ATAN","Image_22.vsi","IBE1",184.666666666667,134.333333333333,28.6666666666667,15,6.66666666666667,178,43.6666666666667,96.28,24103.4666666667,NA,1811.63428773731
"177","ATAN","Image_23.vsi","IBE1",159,16.6666666666667,17.6666666666667,2,122.666666666667,36.3333333333333,19.6666666666667,23.9333333333333,25685.6666666667,NA,765.666973798617
"178","ATAN","Image_24.vsi","T40",151.666666666667,0,0,0,151.666666666667,0,0,0,20081,NA,0
"179","ATAN","Image_25.vsi","A2",184,0,0.333333333333333,0,183.666666666667,0.333333333333333,0.333333333333333,0.178266666666667,25883.6,NA,12.8781673852684
"180","ATAN","Image_26.vsi","A1",145.666666666667,0,0,0,145.666666666667,0,0,0,19164.4333333333,NA,0
"181","ATAN","Image_27.vsi","A2",176,1,0,0,175,1,0,0.6078,22132.75,NA,0
"182","ATAN","Image_28.vsi","T40",131,1.33333333333333,0,0,129.666666666667,1.33333333333333,0,0.907,16221.1333333333,NA,0
"183","ATAN","Image_29.vsi","A1",195.666666666667,0,0,0,195.666666666667,0,0,0,24679.8333333333,NA,0
"184","ATAN","Image_30.vsi","A1",221.333333333333,0.666666666666667,0,0,220.666666666667,0.666666666666667,0,0.299066666666667,31510.6666666667,NA,0
"185","ATAN","Image_31.vsi","IBE1",121,18,12.3333333333333,1,89.6666666666667,31.3333333333333,13.3333333333333,26.3733333333333,17764.8333333333,NA,750.546491664243
"186","ATAN","Image_32.vsi","ENT",147.5,1,0,0,146.5,1,0,0.7465,20594.35,NA,0
"187","ATAN","Image_33.vsi","IBE1",160.666666666667,1.33333333333333,1,0,158.333333333333,2.33333333333333,1,1.44933333333333,23290.1333333333,NA,42.9366369735968
"188","ATAN","Image_34.vsi","ENT",233,0,0,0,233,0,0,0,39984.5,NA,0
"189","BTAN","Image_02.vsi","IBE1",212,1,0,0,211,1,0,0.4717,34101.4,NA,0
"190","BTAN","Image_27.vsi","A2",208,19,0,1,188,20,1,9.615,32459,NA,30.8080963677254
"191","DMH","Image_01.vsi","T40",479,21,26.25,23.5,408.25,70.75,49.75,14.8275,204280.225,NA,243.538012551141
"192","DMH","Image_02.vsi","IBE1",515.5,10,9.5,5,491,24.5,14.5,4.7245,206921.5,NA,70.0748834703015
"193","DMH","Image_04.vsi","ENT",563.6,18.2,34,21,490.4,73.2,55,13.252,203458.72,NA,270.325105751181
"194","DMH","Image_06.vsi","IBE2",569.666666666667,6.33333333333333,0.666666666666667,0,562.666666666667,7,0.666666666666667,1.258,203872.066666667,NA,3.27002456769458
"195","DMH","Image_07.vsi","IBE2",534.666666666667,3,1.33333333333333,0,530.333333333333,4.33333333333333,1.33333333333333,0.7897,205076,NA,6.5016546711138
"196","DMH","Image_11.vsi","ENT",495.5,6.5,44.25,0,444.75,50.75,44.25,10.28575,201278.475,NA,219.844670424893
"197","DMH","Image_12.vsi","T40",521.5,16.25,30.5,0.75,474,47.5,31.25,9.55475,201094.35,NA,155.399691736739
"198","DMH","Image_13.vsi","A1",541.333333333333,5.33333333333333,8.33333333333333,2.33333333333333,525.333333333333,16,10.6666666666667,2.94433333333333,207625.233333333,NA,51.3746161553581
"199","DMH","Image_14.vsi","IBE2",543,3,0,0,540,3,0,0.5525,207250.3,NA,0
"200","DMH","Image_15.vsi","IBE1",503,3.33333333333333,4,0,495.666666666667,7.33333333333333,4,1.5126,204062.6,NA,19.6018280664855
"201","DMH","Image_17.vsi","ENT",452.333333333333,3.33333333333333,49.6666666666667,0.333333333333333,399,53.3333333333333,50,12.0423333333333,205071.066666667,NA,243.817915480357
"202","DMH","Image_18.vsi","A2",444.5,12,26.25,1.75,404.5,40,28,9.08875,208688.925,NA,134.170991584724
"203","DMH","Image_19.vsi","A1",411.333333333333,18.6666666666667,27,3.66666666666667,362,49.3333333333333,30.6666666666667,11.984,203849.233333333,NA,150.437978918079
"204","DMH","Image_20.vsi","A1",522,11.6666666666667,21.3333333333333,3,486,36,24.3333333333333,6.864,202598.033333333,NA,120.106463685646
"205","DMH","Image_21.vsi","ENT",494.666666666667,8,67.6666666666667,0.333333333333333,418.666666666667,76,68,15.38,201491.766666667,NA,337.482772248924
"206","DMH","Image_22.vsi","IBE1",697,24.3333333333333,26.6666666666667,8.66666666666667,637.333333333333,59.6666666666667,35.3333333333333,7.67133333333333,216566.033333333,NA,163.152701231541
"207","DMH","Image_23.vsi","IBE1",548.333333333333,19.6666666666667,5.33333333333333,2.33333333333333,521,27.3333333333333,7.66666666666667,4.68866666666667,204058.366666667,NA,37.5709498801895
"208","DMH","Image_24.vsi","T40",515,15.6666666666667,31.6666666666667,0,467.666666666667,47.3333333333333,31.6666666666667,9.65766666666667,204966.8,NA,154.49656562266
"209","DMH","Image_25.vsi","A2",303,8.33333333333333,14.6666666666667,6,274,29,20.6666666666667,9.61833333333333,203992.7,NA,101.310814880467
"210","DMH","Image_26.vsi","A1",483.666666666667,14.3333333333333,9.33333333333333,0.666666666666667,459.333333333333,24.3333333333333,10,5.16933333333333,202152.166666667,NA,49.4676864705053
"211","DMH","Image_27.vsi","A2",507.25,35.25,23,10.75,438.25,69,33.75,13.79325,202348,NA,166.791863522249
"212","DMH","Image_28.vsi","T40",479,52.3333333333333,18,3.33333333333333,405.333333333333,73.6666666666667,21.3333333333333,14.5003333333333,201154.5,NA,106.05446725444
"213","DMH","Image_29.vsi","A1",499,6,8.66666666666667,0,484.333333333333,14.6666666666667,8.66666666666667,2.945,203626.833333333,NA,42.5615157137935
"214","DMH","Image_30.vsi","A1",433.666666666667,13,16,3.33333333333333,401.333333333333,32.3333333333333,19.3333333333333,7.649,206326.233333333,NA,93.7027396903965
"215","DMH","Image_31.vsi","IBE1",583,17,14,4,548,35,18,5.83666666666667,206247.5,NA,87.2737851367895
"216","DMH","Image_32.vsi","ENT",532,29.3333333333333,17,2.66666666666667,483,49,19.6666666666667,9.31733333333333,207851.7,NA,94.618743395732
"217","DMH","Image_33.vsi","IBE1",407,2.66666666666667,0.333333333333333,0.333333333333333,403.666666666667,3.33333333333333,0.666666666666667,0.808533333333333,206727.733333333,NA,3.22485355939987
"218","DMH","Image_34.vsi","ENT",496,2.5,10,0,483.5,12.5,10,2.4005,205172.55,NA,48.7394634418688
"219","ME","Image_01.vsi","T40",100.5,2,1,0,97.5,3,1,2.902,32162.7,NA,31.0919170343286
"220","ME","Image_02.vsi","IBE1",109,0,3,0,106,3,3,2.752,48755.4,NA,61.5316457253966
"221","PT","Image_01.vsi","T40",79,24.5,0,0,54.5,24.5,0,30.795,10023.95,NA,0
"222","PT","Image_02.vsi","IBE1",290,15,7,0,268,22,7,7.3605,46927.05,NA,149.167697522005
"223","PT","Image_04.vsi","ENT",172.333333333333,0,0,0,172.333333333333,0,0,0,24933.8333333333,NA,0
"224","PT","Image_06.vsi","IBE2",146.666666666667,0.333333333333333,0,0,146.333333333333,0.333333333333333,0,0.254466666666667,17822,NA,0
"225","PT","Image_07.vsi","IBE2",154.666666666667,7.66666666666667,0,0,147,7.66666666666667,0,4.63333333333333,26073,NA,0
"226","PT","Image_11.vsi","ENT",137.333333333333,2,0,0,135.333333333333,2,0,1.70013333333333,21804.6,NA,0
"227","PT","Image_12.vsi","T40",151.333333333333,42.6666666666667,0,0,108.666666666667,42.6666666666667,0,31.6193333333333,24921.2,NA,0
"228","PT","Image_13.vsi","A1",204.333333333333,25.3333333333333,0.333333333333333,0,178.666666666667,25.6666666666667,0.333333333333333,12.775,32125.6666666667,NA,10.3759195658715
"229","PT","Image_14.vsi","IBE2",159,0,0,0,159,0,0,0,29427.1,NA,0
"230","PT","Image_15.vsi","IBE1",238.333333333333,0.333333333333333,1.66666666666667,0,236.333333333333,2,1.66666666666667,0.995,40605.3,NA,41.0455449575958
"231","PT","Image_17.vsi","ENT",137,0,0,0,137,0,0,0,22770.2,NA,0
"232","PT","Image_18.vsi","A2",241.333333333333,3.33333333333333,2.66666666666667,0,235.333333333333,6,2.66666666666667,2.28,39632.9333333333,NA,67.2841105208799
"233","PT","Image_19.vsi","A1",317.333333333333,0.333333333333333,0.333333333333333,0.333333333333333,316.333333333333,1,0.666666666666667,0.3338,51688.8,NA,12.8977005979374
"234","PT","Image_20.vsi","A1",123,14.5,6.25,0.25,102,21,6.5,16.9045,18380.4,NA,353.637570455485
"235","PT","Image_21.vsi","ENT",201,0.666666666666667,0,0,200.333333333333,0.666666666666667,0,0.333333333333333,32477.2,NA,0
"236","PT","Image_22.vsi","IBE1",293.333333333333,28.3333333333333,15,0.333333333333333,249.666666666667,43.6666666666667,15.3333333333333,14.64,42076.9333333333,NA,364.411855109846
"237","PT","Image_23.vsi","IBE1",41.5,0.5,0.5,0,40.5,1,0.5,1.4705,5472.15,NA,91.3717642973968
"238","PT","Image_24.vsi","T40",95.3333333333333,0.333333333333333,0,0,95,0.333333333333333,0,0.266666666666667,14824.1333333333,NA,0
"239","PT","Image_25.vsi","A2",114,0,0,0,114,0,0,0,20866.2666666667,NA,0
"240","PT","Image_26.vsi","A1",186.333333333333,0,0,0,186.333333333333,0,0,0,30246.8333333333,NA,0
"241","PT","Image_27.vsi","A2",106,26,0.333333333333333,0,79.6666666666667,26.3333333333333,0.333333333333333,34.927,16831.8666666667,NA,19.8037056694049
"242","PT","Image_28.vsi","T40",93,13,7.5,0,72.5,20.5,7.5,22.945,9063.35,NA,827.50859229755
"243","PT","Image_29.vsi","A1",148.5,0.5,0,0,148,0.5,0,0.33115,19442.85,NA,0
"244","PT","Image_30.vsi","A1",84.6666666666667,4.66666666666667,0,0,80,4.66666666666667,0,7.65,12871.6,NA,0
"245","PT","Image_31.vsi","IBE1",144.333333333333,2,0.666666666666667,0,141.666666666667,2.66666666666667,0.666666666666667,1.7511,21093.9666666667,NA,31.6046136414994
"246","PT","Image_32.vsi","ENT",208.5,29,0,0,179.5,29,0,13.92,27928.1,NA,0
"247","PT","Image_33.vsi","IBE1",148.666666666667,1,0.333333333333333,0,147.333333333333,1.33333333333333,0.333333333333333,0.782066666666667,24336.0666666667,NA,13.6970915595782
"248","PT","Image_34.vsi","ENT",171,18,0,0,153,18,0,12.16,25586.45,NA,0
"249","PathAnnotationObject","Image_19.vsi","A1",24,3,6,1,14,10,7,41.67,10619.1,NA,659.189573504346
"250","VMH","Image_01.vsi","T40",538.5,2.5,1.25,1,533.75,4.75,2.25,0.88875,306124.025,NA,7.34996215994481
"251","VMH","Image_02.vsi","IBE1",534.5,2,3,0,529.5,5,3,0.9047,273914.8,NA,10.9523107185154
"252","VMH","Image_04.vsi","ENT",586.2,0.8,0.8,0,584.6,1.6,0.8,0.2823,303658.24,NA,2.63454072578436
"253","VMH","Image_06.vsi","IBE2",607.333333333333,2,2.33333333333333,0.333333333333333,602.666666666667,4.66666666666667,2.66666666666667,0.768333333333333,302606.333333333,NA,8.81232932996556
"254","VMH","Image_07.vsi","IBE2",544,2.33333333333333,1.66666666666667,0,540,4,1.66666666666667,0.7316,304279.7,NA,5.4774165567623
"255","VMH","Image_11.vsi","ENT",541.333333333333,3,3.66666666666667,0,534.666666666667,6.66666666666667,3.66666666666667,1.244,305375.433333333,NA,12.0070780633631
"256","VMH","Image_12.vsi","T40",623.333333333333,3,3,0,617.333333333333,6,3,0.969333333333333,306184.066666667,NA,9.79802780941573
"257","VMH","Image_13.vsi","A1",536.666666666667,1.33333333333333,2,0.666666666666667,532.666666666667,4,2.66666666666667,0.741166666666667,302386.3,NA,8.8187416780015
"258","VMH","Image_14.vsi","IBE2",473,0,0,0,473,0,0,0,304939.5,NA,0
"259","VMH","Image_15.vsi","IBE1",586.333333333333,2,2,0,582.333333333333,4,2,0.6546,306296.6,NA,6.52961867679889
"260","VMH","Image_17.vsi","ENT",590.666666666667,0.666666666666667,1.66666666666667,0,588.333333333333,2.33333333333333,1.66666666666667,0.388766666666667,302659.866666667,NA,5.50673164903705
"261","VMH","Image_18.vsi","A2",429,2,2.33333333333333,0,424.666666666667,4.33333333333333,2.33333333333333,1.24433333333333,270050.966666667,NA,8.64034431031476
"262","VMH","Image_19.vsi","A1",595.333333333333,1,0.666666666666667,0.333333333333333,593.333333333333,2,1,0.3557,305516.766666667,NA,3.27314278332569
"263","VMH","Image_20.vsi","A1",517.666666666667,1.66666666666667,1.66666666666667,0,514.333333333333,3.33333333333333,1.66666666666667,0.690633333333333,305608.233333333,NA,5.45360525299984
"264","VMH","Image_21.vsi","ENT",688,13.6666666666667,1.66666666666667,0.333333333333333,672.333333333333,15.6666666666667,2,2.28866666666667,304876.8,NA,6.56002686987006
"265","VMH","Image_22.vsi","IBE1",596.333333333333,4.33333333333333,1.33333333333333,1,589.666666666667,6.66666666666667,2.33333333333333,1.1173,304150.533333333,NA,7.67163978889401
"266","VMH","Image_23.vsi","IBE1",569.666666666667,0.666666666666667,0.333333333333333,0,568.666666666667,1,0.333333333333333,0.1657,306627.566666667,NA,1.08709512636774
"267","VMH","Image_24.vsi","T40",669,24.6666666666667,2.33333333333333,0.666666666666667,641.333333333333,27.6666666666667,3,4.00766666666667,292384.233333333,NA,10.2604711813576
"268","VMH","Image_25.vsi","A2",531.666666666667,0,0,0,531.666666666667,0,0,0,306226.1,NA,0
"269","VMH","Image_26.vsi","A1",536,26.3333333333333,1,0,508.666666666667,27.3333333333333,1,4.85033333333333,300852.633333333,NA,3.32388647864032
"270","VMH","Image_27.vsi","A2",695.75,47.75,0.75,0.25,647,48.75,1,6.691,300021.1,NA,3.33309890537699
"271","VMH","Image_28.vsi","T40",696,74.6666666666667,2.33333333333333,1.33333333333333,617.666666666667,78.3333333333333,3.66666666666667,9.593,304394.166666667,NA,12.0457849334607
"272","VMH","Image_29.vsi","A1",504,4,2.66666666666667,0.666666666666667,496.666666666667,7.33333333333333,3.33333333333333,1.296,282473.133333333,NA,11.8005322984109
"273","VMH","Image_30.vsi","A1",574.333333333333,3,1.66666666666667,0,569.666666666667,4.66666666666667,1.66666666666667,0.8302,308288.333333333,NA,5.40619441756364
"274","VMH","Image_31.vsi","IBE1",582,5,1,0.666666666666667,575.333333333333,6.66666666666667,1.66666666666667,1.04133333333333,297626.6,NA,5.59985789800598
"275","VMH","Image_32.vsi","ENT",587,41,3.33333333333333,0,542.666666666667,44.3333333333333,3.33333333333333,7.57466666666667,308333.933333333,NA,10.8107897735983
"276","VMH","Image_33.vsi","IBE1",535.666666666667,0.666666666666667,0,0,535,0.666666666666667,0,0.1277,296642.266666667,NA,0
"277","VMH","Image_34.vsi","ENT",595,4,0,0,591,4,0,0.6653,305653.3,NA,0
"278","CP",NA,"T40",606,126.5,38,0,441.5,164.5,38,30.097,146279.925,"H028",259.775905682205
"279","CP",NA,"T40",1140,322.857142857143,97.6428571428571,0,719.5,420.5,97.6428571428571,32.636,299039.178571429,"H038",326.521954779695
"280","CP",NA,"T40",759.7,356.1,160.8,0.6,242.2,517.5,161.4,57.592,143041.27,"H069",1128.34568652809
"281","CP",NA,"T40",1113.2,515.8,158.6,0,438.8,674.4,158.6,62.17,223838.42,"H074",708.546816940541
"282","CP",NA,"IBE2",501,9.66666666666667,0,0,491.333333333333,9.66666666666667,0,1.40316666666667,107332.833333333,"H211",0
"283","CP",NA,"A1",1903.66666666667,1181,90,0,632.666666666667,1271,90,65.1333333333333,404810.2,"H216",222.326413711907
"284","CP",NA,"ENT",865.666666666667,508.333333333333,35,0,322.333333333333,543.333333333333,35,64.0433333333333,198978.933333333,"H241",175.898018014637
"285","CP",NA,"ENT",877.166666666667,19.1666666666667,0,0,858,19.1666666666667,0,1.50088333333333,210573.75,"H243",0
"286","CP",NA,"IBE1",688.666666666667,223.5,6.33333333333333,0,458.833333333333,229.833333333333,6.33333333333333,33.5233333333333,156591.4,"H245",40.4449627076157
"287","CP",NA,"A2",622.222222222222,284.777777777778,103,0.222222222222222,234.222222222222,388,103.222222222222,50.0666666666667,112035.511111111,"H250",921.334862478127
"288","CP",NA,"A1",932,471.8,141,0,319.2,612.8,141,65.414,177643.86,"H263",793.722901540194
"289","CP",NA,"IBE1",1592,865,106,0,621,971,106,65.04,367806.1,"H264",288.195329006235
"290","CP",NA,"IBE1",861,182.666666666667,11.6666666666667,0,666.666666666667,194.333333333333,11.6666666666667,17.6526666666667,194391.833333333,"H268",60.016238679437
"291","CP",NA,"A1",674.666666666667,351.333333333333,97.3333333333333,0,226,448.666666666667,97.3333333333333,70.4233333333333,126642.966666667,"H273",768.564855161058
"292","CP",NA,"IBE2",779.333333333333,445,1.66666666666667,0,332.666666666667,446.666666666667,1.66666666666667,61.5233333333333,150919.833333333,"H274",11.0433905859513
"293","CP",NA,"IBE2",810.666666666667,2.22222222222222,0,0,808.444444444444,2.22222222222222,0,0.305455555555556,340739.633333333,"H275",0
"294","CP",NA,"A1",939.5,383,321,0,235.5,704,321,58.8325,186537.05,"H276",1720.83776386514
"295","CP",NA,"IBE1",881.25,98,0,0,783.25,98,0,11.69175,216710.675,"H278",0
"296","CP",NA,"A1",700.25,278.5,281.25,0,140.5,559.75,281.25,66.5225,156249.6,"H298",1800.0046080118
"297","CP",NA,"IBE2",618.333333333333,62.6666666666667,0.666666666666667,0,555,63.3333333333333,0.666666666666667,13.7306666666667,221208.2,"H301",3.01375205198843
"298","CP",NA,"ENT",677,2,0,0,675,2,0,0.2954,187497.4,"H307",0
"299","CP",NA,"SHT40",470.666666666667,197.333333333333,145,0,128.333333333333,342.333333333333,145,71.7033333333333,102271.1,"SH19",1417.80033655647
"300","CP",NA,"SHT40",766.5,365,133,0,268.5,498,133,65.86,192223.2,"SH6",691.903994939216
