Image,Object ID,Name,Class,Parent,ROI,Centroid X µm,Centroid Y µm,DAB-Thesholder: FOS area µm^2,Num Detections,Num FOS,Area µm^2,Perimeter µm,Classifier: FOS area µm^2
H254-39.vsi - 20x,33ce7ae2-6d3e-417a-a472-845ae9eb2aa4,DMH,,Image,Geometry,2620.4,8189.9,6265.3389,63,63,400410.9,4297.5,
H254-39.vsi - 20x,4772d3c2-9af0-44ed-b437-0c7bad4725fa,ARC,,Image,Geometry,2645.8,8988.2,332.9481,4,4,310554.3,3451.2,
H254-39.vsi - 20x,4abf9e7d-ce37-432c-9e22-eedd8b6a0025,PH,,Image,Geometry,2501.5,7473.3,3242.7524,36,36,696015.4,4603.2,
H254-39.vsi - 20x,85c00763-bac2-4bdd-9687-b3ccace4054a,ATAN,,Image,Polygon,2652.3,8257.4,508.6348,3,3,25521.1,1365.9,
H254-39.vsi - 20x,f0450e4e-09e1-4cdf-937d-10f9498c8f04,BTAN,,Image,Polygon,2645.3,9032.1,2.8166,0,0,21084.4,1558.7,
H254-39.vsi - 20x,56559325-d581-47ca-8bdb-62b18f5d18d3,VMH,,Image,Geometry,2708.3,8558.5,91.4228,2,2,596597.3,3969.6,
H254-39.vsi - 20x,93485746-b600-459b-98f3-c00eb95e1dab,ARC,,Image,Geometry,9558.6,9178.6,176.1562,3,3,285554.3,3904.4,
H254-39.vsi - 20x,b0167cc1-0290-4294-8a9f-44416c9c6514,VMH,,Image,Geometry,9432.9,8817.1,119.237,1,1,587692.9,4024.8,
H254-39.vsi - 20x,cdffe388-f9af-4ff3-86c5-c1dbebc568ad,DMH,,Image,Geometry,9366.5,8457.2,3096.6401,37,37,399285.1,4147,
H254-39.vsi - 20x,8e035e7c-4fa6-48ff-8db9-7677c66538b1,ATAN,,Image,Polygon,9431.9,8560.2,0,0,0,24457.7,1241.6,
H254-39.vsi - 20x,424e1d4a-2bf9-46b5-b3eb-718c30b8626a,BTAN,,Image,Polygon,9425.7,9216.5,8.8019,0,0,27549.5,1491.7,
H254-39.vsi - 20x,8f349aef-306b-45a4-92e3-401af9b766da,PH,,Image,Geometry,9383.7,7708.7,2180.4167,26,26,615618.1,4454.4,
H254-39.vsi - 20x,4451d127-813c-4184-8620-78e07def48a5,ME,,Image,Polygon,2716.5,9129.8,324.7329,3,3,51926.9,1185.3,
H254-39.vsi - 20x,507796ec-a5ea-4ee6-8a29-e72f8b8ba4be,PT,,Image,Polygon,15114.3,8376.9,4.6944,0,0,19831.5,1028.6,
H254-39.vsi - 20x,9ef5bec4-8679-44b0-a2e0-c463b25b3f06,ME,,Image,Polygon,15083.6,8311.1,63.1393,0,0,43746.3,1149.2,
H254-39.vsi - 20x,0db8c25a-e605-4165-9318-2e4a80271868,BTAN,,Image,Polygon,15069.7,8224.7,87.1979,1,1,22033.6,1645,
H254-39.vsi - 20x,efea5daa-7238-4056-a218-ab72d14cc0b5,ATAN,,Image,Polygon,15214.8,7624.5,0.2347,0,0,13050,903.32,
H254-39.vsi - 20x,33d5369a-6421-4e71-9042-17113377aff5,ARC,,Image,Geometry,15171,8134.5,310.1804,2,2,280557.3,3032.4,
H254-39.vsi - 20x,fc88aa51-ed1a-4c78-a9e2-cc2f8987e512,VMH,,Image,Geometry,15190.5,7823.5,292.8112,2,2,583863.1,4308.3,
H254-39.vsi - 20x,2f3cc901-5352-4c5a-80a5-8550aa473907,DMH,,Image,Geometry,15208.9,7464.4,2215.9766,24,24,403161,4168.6,
H254-39.vsi - 20x,75621502-b603-4bf7-8e2d-41ba27a259f3,PH,,Image,Geometry,15269.7,6774.3,2177.4829,31,31,704103.3,5744.7,
H254-39.vsi - 20x,e9481ba1-6f1b-4254-bdd3-9e6e44c9c1d2,PT,,Image,Polygon,21861.4,7334.4,2.3472,0,0,37884.9,1838.2,
H254-39.vsi - 20x,929ec574-d0b9-41ae-8c17-d700a2297152,ME,,Image,Polygon,21940.7,7250.6,45.5354,0,0,51098.7,1076.9,
H254-39.vsi - 20x,7c2ee192-e702-4ab6-b9c9-478c913c1e43,BTAN,,Image,Polygon,21800.1,7188.9,15.6088,0,0,29694.6,1320,
H254-39.vsi - 20x,29e7638a-a5ba-4321-99e5-9a90785c0e8b,ATAN,,Image,Polygon,21801.8,6520.3,61.8483,1,1,20300.6,1065.3,
H254-39.vsi - 20x,5c65338e-cc1a-443c-8007-b5cdef3d3db1,ARC,,Image,Geometry,21874.1,7067.1,170.7577,2,2,307430.8,3231.8,
H254-39.vsi - 20x,0c940e48-bea5-4023-afb0-eb973dcb39c0,VMH,,Image,Geometry,21812.8,6738.2,697.8179,10,10,608686.1,4361.8,
H254-39.vsi - 20x,951bfdd4-1eda-40df-9098-be151c7d7c4f,DMH,,Image,Geometry,21741.9,6354.7,1350.8046,16,16,400962.9,3937,
H254-39.vsi - 20x,105c8b07-5e09-4610-b0d4-0bb041a74b61,PH,,Image,Geometry,21645.2,5662.8,4330.9072,45,45,700960.4,4631.3,
H211-45.vsi - 20x,4d5e6f5f-ab81-4254-aee3-20e64f841aad,PT,,Image,Polygon,4520.4,10624.7,112.1954,2,2,43013.2,2490.5,
H211-45.vsi - 20x,03b65f2d-d6a9-4ae0-9730-0abffd3ffb56,ME,,Image,Geometry,4451.9,10425.2,37.0855,1,1,84912.5,1611.1,
H211-45.vsi - 20x,aa2f0b3d-568d-4513-bc5e-c276bae04289,BTAN,,Image,Polygon,4532.1,10308.7,30.8655,1,1,22264.4,1278.6,
H211-45.vsi - 20x,bf9fdf37-34ea-4cc7-b812-187dbf7ad4ac,ATAN,,Image,Polygon,4581.2,9680.7,5.5159,0,0,23022.9,1296.5,
H211-45.vsi - 20x,13251db4-d0e7-467f-9297-12fb12d4e855,ARC,,Image,Geometry,4545.3,10202.7,12.2054,0,0,290715.3,3576.2,
H211-45.vsi - 20x,1149eb3f-7c16-43a7-a891-6b4664854c57,VMH,,Image,Geometry,4544.5,9846.9,70.1808,2,2,592623.7,4345.1,
H211-45.vsi - 20x,9fd16c1d-084f-4e01-a530-cd086a5c8179,DMH,,Image,Geometry,4597.8,9535.7,230.2588,4,4,397846.2,3992.7,
H211-45.vsi - 20x,527a839a-fb84-481b-b048-efd6c82218a7,PH,,Image,Polygon,4553.7,8797.7,909.6512,14,14,707546,4494.3,
H211-45.vsi - 20x,aca9d052-06cd-4d10-834e-a36b0f1e3837,PT,,Image,Geometry,13572.6,10027.2,381.5348,3,3,24733.1,1478.6,
H211-45.vsi - 20x,42e769db-f4d9-4201-b766-97069f6a5cae,ME,,Image,Geometry,13595.1,10030.1,382.7084,4,4,35624.3,1277.2,
H211-45.vsi - 20x,2c2bb6af-4dfb-4831-86de-a2bb1a964fb1,BTAN,,Image,Polygon,13745.3,10031.1,38.1417,0,0,17147.3,1215.8,
H211-45.vsi - 20x,97727b71-50ec-46f7-9aa7-aa5bb6ef7067,ATAN,,Image,Polygon,13665.5,9343.5,133.6721,1,1,29040.5,1224.5,
H211-45.vsi - 20x,87c8b17e-14b4-463d-bcd4-e6f7f385bbca,VMH,,Image,Geometry,13697.4,9464.9,352.4297,1,1,592575.8,4067.9,
H211-45.vsi - 20x,dcdf2b1b-28b8-4c94-841c-334c5bd9ea59,ARCx05,,Image,Geometry,13852.6,9803.7,107.149,1,1,127239.2,1873.9,
H211-45.vsi - 20x,fd685a20-9fd2-49c5-ba6c-1dfe82e7ed81,DMH,,Image,Geometry,13666.6,9047.8,355.0116,5,5,414441.5,4053.2,
H211-45.vsi - 20x,6783dec1-3edd-44ba-b293-f0a888ff4010,PH,,Image,Polygon,13671.8,8478,1993.5809,16,16,679578.7,3619.2,
H211-45.vsi - 20x,76990a9f-dd2b-47c0-b1af-e5991af2d61b,PH,,Image,Polygon,21673.6,7448.6,1928.2119,15,15,724271.5,3860.8,
H211-45.vsi - 20x,e5a82094-ea77-4741-b083-f042bccbb049,DMH,,Image,Geometry,21650.1,8184.9,282.2489,3,3,415903.7,3758.2,
H211-45.vsi - 20x,505f445a-009f-4832-a824-25f414bae58a,VMH,,Image,Geometry,21730.5,8513.6,733.3777,8,8,689038.4,4727.2,
H211-45.vsi - 20x,58b417de-6f35-480f-a018-85b0c51111b2,VMH,,Image,Geometry,21699.3,8827.8,583.2753,9,9,308233,3443.4,
H211-45.vsi - 20x,2f6eb62d-44ae-4f6d-b236-07d13873a693,ATAN,,Image,Polygon,21689.3,8337.3,4.6944,0,0,10310.2,781.69,
H211-45.vsi - 20x,487031b8-ffac-4a0b-9161-ef5c14f226a1,BTAN,,Image,Geometry,21743.2,8938.3,18.7775,0,0,13812.7,1017.4,
H211-45.vsi - 20x,cccd13f7-4d29-4f68-95e4-28b4e739d774,PT,,Image,Polygon,21717.8,9239.8,138.6012,2,2,46532.7,3271.4,
H211-45.vsi - 20x,649495c7-d9dd-4264-9bad-85a70ee32ff7,ME,,Image,Polygon,21616.8,9196.7,465.3293,6,6,133000.5,2411.1,
H216-39.vsi - 20x,e9ef0d7c-e3d1-41c3-b18b-d988620765b1,VMH,,Image,Geometry,9819.9,8426.7,561.3291,4,4,626706,4234.8,
H216-39.vsi - 20x,8ff38721-b33c-4ce3-83a2-310f5d3f347e,ARC,,Image,Geometry,9872.5,8834.1,662.7275,9,9,323151.3,3103.4,
H216-39.vsi - 20x,486acd5b-fc43-490e-9499-e5cb016dd349,DMH,,Image,Geometry,9777.4,8056.3,10279.7285,66,66,403750.7,3816.6,
H216-39.vsi - 20x,4a9d6fe5-a8fa-4903-86eb-3824557546ff,PH,,Image,Geometry,9653.5,7429.1,6091.6475,44,44,681039.3,4513.9,
H216-39.vsi - 20x,8c861baa-e9e3-4f61-adf2-984ca36262ff,ATAN,,Image,Polygon,9776.1,8094.1,161.721,2,2,53304.7,1892.8,
H216-39.vsi - 20x,066df675-01b3-41da-acac-62113947a003,BTAN,,Image,Polygon,9934.2,9031.9,1357.2593,10,10,42499.5,2384.8,
H216-39.vsi - 20x,fcb9f3c6-21f2-4528-b567-d9872f18526d,ME,,Image,Polygon,9908.3,9111.9,1194.13,13,13,85818.2,2534.4,
H216-39.vsi - 20x,ae6fc3f0-6cf1-415d-b591-8f89b9c72d95,PT,,Image,Polygon,9915.1,9162.2,9650.0957,25,25,86217.7,3463.8,
H216-39.vsi - 20x,bfe08bb8-b9e7-4b40-8596-7b6b2dc52dff,DMH,,Image,Geometry,16080.8,7875.2,6638.5415,54,54,401901.3,4067.2,
H216-39.vsi - 20x,6c3108fe-cfcf-498b-accf-d792960e4c38,VMH,,Image,Geometry,16183.4,8222.5,445.8477,7,7,714154.2,4486.7,
H216-39.vsi - 20x,fa205d07-81a9-41ea-b7f2-5f4d419a320f,ARC,,Image,Geometry,16140.1,8643.3,517.4368,7,7,326194.9,3235,
H216-39.vsi - 20x,c25ab2c2-23db-4643-9b03-f0b56e1eade9,PT,,Image,Polygon,16233.2,8963.5,11204.2842,31,31,96404.1,3164.7,
H216-39.vsi - 20x,962c5b57-4a97-42ae-979a-6d44c009fa6f,ME,,Image,Polygon,16257,8916.1,1901.1019,15,15,88584.1,2529.6,
H216-39.vsi - 20x,f4d5ac9b-cb19-4c8a-822b-2fe3903ae6a3,BTAN,,Image,Polygon,16233.2,8846.1,1148.9467,9,9,55401.9,2305.2,
H216-39.vsi - 20x,37750409-a01d-4e74-847d-1ff7572b5d51,ATAN,,Image,Polygon,16092.1,8018.9,53.8679,0,0,35903.9,1891.1,
H216-39.vsi - 20x,d1f8ffef-801c-4cd9-9a9b-15b4312d096a,PH,,Image,Geometry,15990.4,7226,5033.8887,43,43,700571.6,4828.1,
H216-39.vsi - 20x,08110d9d-5b14-4e79-9490-c306b548faca,PT,,Image,Polygon,34512.1,8130.2,14264.3086,25,25,61140.3,3203.8,
H216-39.vsi - 20x,0848771e-4f6a-4053-9ffa-9e7f5822364c,ME,,Image,Polygon,34498.7,8082.5,2209.1699,18,18,101066.6,2823.2,
H216-39.vsi - 20x,c8364a8e-ea32-416b-b5ba-b01b2f248a70,BTAN,,Image,Geometry,34597.4,7868.6,1379.5576,7,7,47568.2,2906.9,
H216-39.vsi - 20x,99bc0e49-54f5-40ee-bad8-8818b283472b,ATAN,,Image,Polygon,34430.2,7147.7,4896.5786,14,14,33431.9,1477.2,
H216-39.vsi - 20x,96abd76f-20c5-4ddb-b9c1-ec6a3776d9b1,VMH,,Image,Geometry,34480.3,7341.5,1195.7731,18,18,707912.5,4411.5,
H216-39.vsi - 20x,0eca5ed0-fcc4-483b-80fd-2cdb5eb542ff,ARC,,Image,Geometry,34533.1,7745.9,1358.1982,11,11,339468.2,3448.9,
H216-39.vsi - 20x,f64955c5-1fa7-4b47-98b3-c4808fc01ddd,DMH,,Image,Geometry,34438.7,7031.9,4069.9001,33,33,400620.9,4177.2,
H216-39.vsi - 20x,eec6764a-bade-4657-a6d8-f91ec0b3e67d,PH,,Image,Geometry,34331.3,6375.7,5270.8369,47,47,708947.5,4861.6,
H224-35.vsi - 20x,f6406927-52f2-4692-ac0d-0a90d3224de3,VMH,,Image,Geometry,4365.3,8599.3,768.5855,7,7,589015.7,4261,
H224-35.vsi - 20x,a25af26f-b7e8-4f26-b725-f70a9138d3b3,PH,,Image,Geometry,4210.1,7487.9,12779.3623,90,90,693601.8,5078.6,
H224-35.vsi - 20x,0d0037ba-f2e6-4701-9304-39ca8cb3700f,BTAN,,Image,Geometry,4336.3,9074.9,312.997,5,5,14516.8,1323.7,
H224-35.vsi - 20x,690745ec-5b43-4f0f-ba35-494ae2aa3a3e,DMH,,Image,Geometry,4334.8,8134.9,3769.9299,30,30,426813.7,4224,
H224-35.vsi - 20x,4691c477-f98a-4e86-82a3-b6085f75f3d4,ATAN,,Image,Polygon,4340,8231,297.5056,3,3,13806.9,1245.7,
H224-35.vsi - 20x,7b862ef0-89f8-49ca-a42f-709fd1c287d0,ME,,Image,Geometry,4353.5,9197.9,256.0778,3,3,40832.2,1427.5,
H224-35.vsi - 20x,991a64ed-d326-4534-ae87-d9fa106633fd,PT,,Image,Geometry,4286.9,9273.1,15.7261,0,0,13831.7,1320.7,
H224-35.vsi - 20x,126f0815-f9e3-47ed-ab49-6b7df55077a6,ARC,,Image,Geometry,4329.4,8975.1,628.3412,6,6,312583.2,3632.3,
H224-35.vsi - 20x,6621e2a4-bb46-4167-aa87-8aac4c16acde,BTAN,,Image,Geometry,12179.3,8628,296.6841,4,4,12026,1238.2,
H224-35.vsi - 20x,bc5de307-b2da-4308-9d4a-ea6f6d2fdaa0,PT,,Image,Geometry,12257.4,8822.8,30.396,1,1,14239.1,1527.1,
H224-35.vsi - 20x,6617d466-8e34-4007-b269-17b4357d191c,VMH,,Image,Geometry,12201.9,8201,788.6539,6,6,703458.2,4316.2,
H224-35.vsi - 20x,97cea2ca-94be-4b57-b1cd-ba077b63056f,DMH,,Image,Geometry,12196.8,7734.7,2089.8154,22,22,397453.5,3760.4,
H224-35.vsi - 20x,ca3a58e9-8c52-46ca-ae9f-9f2f5143d525,PH,,Image,Geometry,12110.4,7080.4,4869.5859,51,51,658046.4,4663.9,
H224-35.vsi - 20x,9f35234f-e58a-4e9f-a012-edcb3db0e54f,ARC,,Image,Geometry,12209.9,8580,1068.2036,6,6,302587.9,3513.9,
H224-35.vsi - 20x,590496f6-e8ae-4528-b186-36c2d2f2ab6a,ME,,Image,Geometry,12175.9,8772.5,247.6279,2,2,59872.6,1550.2,
H224-35.vsi - 20x,0c5cf7d9-cdee-4f27-a9d0-118543ad3230,VMH,,Image,Geometry,20546.1,8357,502.1801,3,3,605673.8,4059.4,
H224-35.vsi - 20x,21f6a396-10ab-4240-802b-4a1ebd3907ce,ATAN,,Image,Polygon,20544.4,8067.4,147.5205,1,1,22031.5,1166.7,
H224-35.vsi - 20x,7db4b700-329d-4e64-95dc-71b73aaa04f2,BTAN,,Image,Geometry,20501.5,8740.6,69.9461,1,1,15415.2,1402.3,
H224-35.vsi - 20x,ce850d70-54e3-4cf8-a8fb-2d2f62e22dbf,PT,,Image,Geometry,20467,8966.2,41.7799,1,1,18124,1598.9,
H224-35.vsi - 20x,f105d28f-dea0-49d7-bbaa-24a0dc0aa9d7,ME,,Image,Geometry,20519.9,8878.4,476.8305,5,5,54593.9,1455.1,
H224-35.vsi - 20x,39a52084-9d8b-4767-8059-7782374c02bb,ARC,,Image,Geometry,20559.8,8704,404.6546,3,3,292515.3,3548.2,
H224-35.vsi - 20x,b40be4e6-79c3-46b4-bf2e-de9270f555b2,DMH,,Image,Geometry,20539.8,7923.1,2078.3142,22,22,401127.8,3709.5,
H224-35.vsi - 20x,810bcd25-f747-4915-a53d-35eda7c1b593,PH,,Image,Polygon,20528.3,7330.2,5218.7295,50,50,717835.6,3269.3,
H236-39.vsi - 20x,4d97d419-3df9-4039-87d2-e051043f8377,VMHx05,,Image,Polygon,5416.4,7332.8,1113.6216,6,6,321136.5,2099.4,
H236-39.vsi - 20x,77e1ae38-1575-476d-b0d5-b600968e4710,ARCx05,,Image,Polygon,5412.8,7759.1,587.6176,5,5,150891.7,1614.9,
H236-39.vsi - 20x,27bcf25e-c399-40fb-ba7d-bf34b347ef19,DMHx05,,Image,Polygon,5205.4,6831.5,4213.8999,24,24,212103.2,2004.9,
H236-39.vsi - 20x,cc0f08d8-f49f-4052-9a90-9f4e1a256046,ATAN,,Image,Polygon,4979.7,6981.6,41.5452,1,1,13091.6,1069.8,
H236-39.vsi - 20x,fc8eb63d-e9c5-4ea9-bae2-da196b18cb4f,BTAN,,Image,Polygon,5113.2,7850.7,447.8428,3,3,6120.1,646.82,
H236-39.vsi - 20x,ff2b6ec1-ebc6-4749-a214-c00d5483439a,ME,,Image,Polygon,5101.5,7984,1156.3403,9,9,52172.9,1277.1,
H236-39.vsi - 20x,ca7e990c-4d5b-4424-baaf-05fefedecc4e,PT,,Image,Polygon,5011,8102.8,5771.8438,16,16,27606.4,1849.4,
H236-39.vsi - 20x,0a933d85-ddc0-400c-893f-d1d3636f650d,BTAN,,Image,Polygon,11300.5,7167,177.3298,2,2,12786.8,851.83,
H236-39.vsi - 20x,7f36081c-c25e-44be-816a-0fa947a75781,PT,,Image,Polygon,11197.6,7410,5843.5498,16,16,25724.9,1918.3,
H236-39.vsi - 20x,dfa011bb-42ad-48ea-a59b-ae0edc59953a,ME,,Image,Polygon,11281.8,7284.6,443.9699,7,7,41066.9,1000.2,
H236-39.vsi - 20x,0dda1d02-0f70-4787-968a-9450ab2353d9,ARCx05,,Image,Polygon,11563,7097.6,643.2458,5,5,144877.4,1549,
H236-39.vsi - 20x,4b207890-066b-48cc-839f-d1cb05feb97d,VMHx05,,Image,Polygon,11654.2,6604.3,824.2137,6,6,308994.7,2040.6,
H236-39.vsi - 20x,2f7ec88a-fbbb-49e0-98e3-656341f238a3,DMHx05,,Image,Polygon,11511.1,6211.8,1621.3175,15,15,208002.8,2006.5,
H236-39.vsi - 20x,eaf58d39-afc4-49ce-8bc3-063b049ee422,PH,,Image,Polygon,11369.3,5614.6,2184.9939,24,24,715019.5,3238.4,
H236-39.vsi - 20x,e1a60638-8e52-4639-b82f-5475632a08fa,PH,,Image,Polygon,4929.8,6282.2,4698.5933,40,40,696723.3,3276.9,
H236-39.vsi - 20x,ff98a917-334e-4f3d-a2ba-5c5a92bbb0d4,ATAN,,Image,Polygon,11235.3,6304.4,2.934,0,0,14924.2,1084.9,
H236-39.vsi - 20x,988b0ce8-bd70-4da0-8afb-6c5d00f7c358,PT,,Image,Polygon,18094.8,8120.3,9011.0752,20,20,40877.3,1949.7,
H236-39.vsi - 20x,cdf3408c-31fc-43c2-afc0-f9ffac1f970e,ME,,Image,Polygon,18107.2,8026,1046.2574,12,12,49338.5,1362.6,
H236-39.vsi - 20x,840d8d57-8cd3-4da0-9e3b-f0110d34c8a1,BTAN,,Image,Polygon,18120.1,7862.4,4223.8755,9,9,27783.5,1459.9,
H236-39.vsi - 20x,8fecde75-cae7-4e4e-972d-3103fc88b8cc,ARCx05,,Image,Polygon,18423.7,7725.4,237.0656,3,3,143954.4,1587.9,
H236-39.vsi - 20x,f20c90b9-2152-4af8-8081-386e6c4180c3,VMHx05,,Image,Polygon,18427.6,7302.6,218.2881,3,3,303987.9,2035.1,
H236-39.vsi - 20x,d244f6f9-4944-402e-8ac4-cd5d88ab4c51,DMHx05,,Image,Polygon,18203.9,6916.3,4652.4712,30,30,211103.5,1959.2,
H236-39.vsi - 20x,a7396e2a-8330-4bc8-95fb-28e1b4f81d75,ATAN,,Image,Polygon,17967.4,7060.2,21.9462,0,0,16608.9,1106.7,
H236-39.vsi - 20x,5e4ff0fb-02e6-4b5f-9ed6-34b3367021ad,PH,,Image,Polygon,17853.9,6251.2,2147.9084,27,27,712830.4,3321.6,
h241-39.vsi - 20x,ba379d31-d66c-4031-bd72-00b204a08761,ARC,,Image,Geometry,5070.3,8091.9,12461.6709,6,6,304375.1,3360.7,512.1534
h241-39.vsi - 20x,1078c4ff-35e4-4243-9fac-f3480802867f,BTAN,,Image,Polygon,5103.1,8280.2,991.4506,0,0,32531.5,2048.2,7.1589
h241-39.vsi - 20x,1f059402-8986-483b-bd67-03f116e83e99,ME,,Image,Polygon,5115.6,8376.4,1270.7656,1,1,69414,1398.5,26.0536
h241-39.vsi - 20x,42f49777-2bf3-4b6d-97e6-4d1422d525af,PT,,Image,Polygon,5095.5,8479.8,123.4619,0,0,14870.9,1419.2,6.3374
h241-39.vsi - 20x,5f3de78d-bb9c-46f3-8423-af5cdfad81fe,VMH,,Image,Geometry,5063.2,7619.7,51068.5117,3,3,708134.4,4411.2,200.214
h241-39.vsi - 20x,5621f13e-14d4-4ea4-93f7-740554ca5f42,DMH,,Image,Geometry,5080,6926.2,48245.668,63,63,416689.1,5048.7,6197.127
h241-39.vsi - 20x,85506726-2112-45f9-8aab-05a0fbef2a35,PH,,Image,Polygon,5038.8,6127.4,59906.0117,11,11,711397.3,3228.5,881.4813
h241-39.vsi - 20x,780d6932-0701-4662-a95f-8f60174da26b,ATAN,,Image,Polygon,5069.6,7139.3,1456.4279,0,0,35984.8,1578.2,27.5793
h241-39.vsi - 20x,07717636-fbfa-4737-8e25-be8acdbd70d1,DMH,,Image,Geometry,13358.7,7169.3,117229.6484,68,68,407676.9,4622.1,8542.0713
h241-39.vsi - 20x,950ba2b1-db68-404a-b806-bd1f0e2ca393,ATAN,,Image,Polygon,13375.5,7403.6,2647.7412,0,0,26385.2,1216.8,0
h241-39.vsi - 20x,a727e295-fd0f-41b5-9929-3c9b36452dba,VMH,,Image,Geometry,13387.9,7704.9,132530,3,3,599500.3,3970,150.8059
h241-39.vsi - 20x,68999137-4361-4f48-893d-bb89c8aaaa8d,ARC,,Image,Geometry,13335.8,8096.8,28266.4355,5,5,300967,3267.1,313.113
h241-39.vsi - 20x,dcf3ac71-be25-49eb-8a51-15ed8bdfe72c,BTAN,,Image,Polygon,13445.6,8281.3,2559.8391,1,1,38209.4,2529.4,99.2855
h241-39.vsi - 20x,b59d4ef6-db46-445a-8a4e-5f34959de6e4,PT,,Image,Polygon,13413.8,8465.4,280.2538,0,0,34915.6,2305.2,0.3521
h241-39.vsi - 20x,4e291492-bc81-4648-b863-8e15cdc97864,ME,,Image,Polygon,13377,8385.8,4506.5938,0,0,70674.5,1914.7,5.7506
h241-39.vsi - 20x,027777d9-9da5-48a2-b8d6-d2f491b871bc,PH,,Image,Polygon,13297.7,6452.2,126976.1016,34,34,723289.4,3099.2,4059.4377
h241-39.vsi - 20x,21783b03-9ec6-45fc-8553-3a7dbbce5a7c,DMH,,Image,Geometry,21963.6,7254.4,52376.832,33,33,400800.7,4213.6,3120.8027
h241-39.vsi - 20x,4e162807-d0d1-4d51-9faa-fb280be24ad7,VMH,,Image,Geometry,22005.9,7687.7,77398.75,4,4,601183.3,3963.4,267.9299
h241-39.vsi - 20x,cf6a4e10-b19a-4650-8c77-9947c2a26296,BTAN,,Image,Geometry,22173.3,8272.8,959.2942,0,0,43827.8,2957.4,0.3521
h241-39.vsi - 20x,08c8d256-be74-4974-ad2c-7a018f9c713e,PT,,Image,Polygon,22076.8,8455.8,280.9579,0,0,28617,2288.9,0
h241-39.vsi - 20x,f2444f5e-178e-4310-91e7-30e205f0071c,ME,,Image,Polygon,22083,8378,4891.8843,0,0,73910.1,1885.5,0.5868
h241-39.vsi - 20x,71cafb9e-4d07-4bea-960a-d923603c9cd9,ARC,,Image,Geometry,22028.8,8088.5,19725.0332,1,1,310542.2,3510.3,118.6497
h241-39.vsi - 20x,444f520b-baf4-4362-98a5-bb823c1adbff,ATAN,,Image,Polygon,21996,7342.9,2054.373,0,0,17756,1272.9,0
h241-39.vsi - 20x,9abf6d03-8a55-4512-bd8b-c71761419974,PH,,Image,Polygon,21877.8,6624.6,82576.1719,15,15,686946.1,3195.9,1238.9559
h241-39.vsi - 20x,57c3da7a-bbb4-4f03-97d6-71b31261afa9,cp,,Image,Polygon,1264.9,2705.8,69425.25,66,66,152006.9,3642.8,16012.6572
h241-39.vsi - 20x,49cc57ac-0e86-4030-b3c5-65db11344253,cp,,Image,Polygon,9341.8,2800.1,56310.125,59,59,167898.7,2602.2,8580.917
h241-39.vsi - 20x,1667f65d-4992-4901-a221-9344fac45808,cp,,Image,Polygon,17819.5,2946.4,40197.7617,29,29,172545.8,2403.1,3556.321
h241-39.vsi - 20x,733a650a-e4de-4822-82a2-e9fb7da72ef5,cp,,Image,Polygon,24747.8,5856.9,79601.3516,98,98,145508.5,1906.6,19188.3848
h241-39.vsi - 20x,ace229c0-b417-4b67-a147-6d28c7b868e2,cp,,Image,Polygon,33469.6,5404,148406.125,150,150,242039.5,2243.6,30099.459
h241-39.vsi - 20x,d792b5df-49a8-4995-a4bc-e422ba47be41,cp,,Image,Polygon,42041.8,4720.5,168810.3125,148,148,344766.4,2896.8,32185.1562
h243-39.vsi - 20x,c34bc3ef-0f86-44ba-bd99-c340d46bc1c3,VMH,,Image,Geometry,6019.5,8052.1,63.1393,0,0,590624.8,5038.3,
h243-39.vsi - 20x,5cb89586-4dc0-482e-a111-a24c66c64f0d,ARC,,Image,Geometry,6030.9,8376.2,345.8576,6,6,298127.1,3748.7,
h243-39.vsi - 20x,a9b87d11-1512-474d-ba3e-5af9e303229e,BTAN,,Image,Geometry,5988.2,8323.7,5.868,0,0,17343.8,1317.1,
h243-39.vsi - 20x,c737165b-e03c-4a18-ab97-b64292535732,ME,,Image,Polygon,5914.5,8510.1,69.4767,1,1,127574.4,1920.2,
h243-39.vsi - 20x,65dcf870-b35d-489e-aeee-f40fd0e1ec61,PT,,Image,Polygon,5917.7,8626,5.0464,0,0,17578.8,1577,
h243-39.vsi - 20x,4363c7f3-00a7-47b0-a405-b5dd1e69a1b7,DMH,,Image,Geometry,5939.1,7699.2,9276.7764,56,56,300883.2,4091.2,
h243-39.vsi - 20x,298c79b0-5e84-429b-8d5e-9d914208699f,PH,,Image,Polygon,5814.3,7013.4,2960.0342,28,28,738712.9,5070.2,
h243-39.vsi - 20x,e7e54890-77e8-4005-8d8b-542f0f56f244,ATAN,,Image,Polygon,5908.8,7844.8,323.6767,2,2,31742.3,1334.7,
h243-39.vsi - 20x,f232d676-6489-4ec6-be0e-da81dfaa81cc,ME,,Image,Polygon,13216.6,8178.3,0,0,0,51998.2,1053.2,
h243-39.vsi - 20x,da0ec58c-5e6d-41c9-a870-02a02d870493,VMH,,Image,Geometry,13152.9,7797.3,392.9186,5,5,594327.6,4894.5,
h243-39.vsi - 20x,9eb7ae7f-2ffc-4746-93ea-f3495e69e22f,ATAN,,Image,Polygon,13144.8,7462.1,437.5151,2,2,29412.8,1225.6,
h243-39.vsi - 20x,d3bff3c3-1590-4bfe-a318-3db384dcf662,DMH,,Image,Geometry,13076.4,7439.4,8498.333,62,62,413220.2,4352.7,
h243-39.vsi - 20x,da88e6fa-57c7-4196-931b-dea24d94c13f,PT,,Image,Polygon,13186.2,8308.4,14.9046,0,0,9643.4,1039.3,
h243-39.vsi - 20x,1e253a7b-8fc2-4074-89d1-f269f73ac6cf,PH,,Image,Geometry,13032.5,6733.6,3624.1699,31,31,712440.8,4931.3,
h243-39.vsi - 20x,a8360f61-d4ec-4c51-a5f9-d3cb1d8591d7,ARCx05,,Image,Polygon,12779.1,8187.8,81.7994,1,1,138241.4,1704.6,
h243-39.vsi - 20x,c77bc7b7-b25f-473b-a6e6-4ded32459097,PT,,Image,Polygon,20705.8,8221.4,5.6332,0,0,29726.3,1889.5,
h243-39.vsi - 20x,a812f071-6f8a-4b35-8476-8c02ed094463,ME,,Image,Polygon,20741.9,8097.8,40.4889,0,0,83494.6,1659.9,
h243-39.vsi - 20x,377fa56b-1fd8-495c-a077-4ab01cc34dce,BTAN,,Image,Polygon,20830.6,7940.4,128.2736,1,1,15440.1,1352.4,
h243-39.vsi - 20x,bb77e73d-dd26-4cfd-ba1d-a1abe18c5978,VMH,,Image,Geometry,20820.1,7669.3,132.0291,0,0,605276.2,4122.5,
h243-39.vsi - 20x,febe5652-f808-4566-b9b2-703f79402365,ARC,,Image,Geometry,20708,8024.9,143.413,1,1,320187.9,3684.4,
h243-39.vsi - 20x,2f408c18-77d1-40bf-804c-6c94db02e3ff,DMH,,Image,Geometry,20720.6,7313.2,4215.1909,50,50,399487.4,4067.8,
h243-39.vsi - 20x,a12701f9-9db9-4ee4-bda2-9b8984c55c85,ATAN,,Image,Polygon,20717.3,7379.4,2.8166,0,0,14625.2,1094.1,
h243-39.vsi - 20x,cf59d38c-e7fd-4753-8c8e-741629d6db5f,PH,,Image,Polygon,20591.6,6664,4833.0874,45,45,726744.1,3262,
H245-37.vsi - 20x,d20838a0-e27f-4492-9a05-28ca0d683590,cp,,Image,Geometry,31957.6,5560.7,1317.5919,7,7,831309.2,11167.7,
H245-37.vsi - 20x,5d41a5bc-8103-4f90-a2fc-5e881239a721,cp,,Image,Geometry,23597.8,7192.5,2853.2373,36,36,668280.8,9941.6,
H245-37.vsi - 20x,32d3b8df-20bc-404e-81be-aed979f368d5,cp,,Image,Geometry,15134.6,7415.9,1317.8267,12,12,381367.6,4387.5,
H245-37.vsi - 20x,249234c0-f00e-450e-8daa-721e5834bbf0,cp,,Image,Geometry,7842.3,3947,305.486,2,2,220739.4,3571.9,
H245-37.vsi - 20x,4daf26d1-7c50-4e8c-bae5-cc56aed1c620,ATAN,,Image,Polygon,3762.2,8673.4,242.3468,4,4,42726.4,1824.6,
H245-37.vsi - 20x,feb3aab7-f2b1-4089-80e5-bba462c03183,ARCx05,,Image,Polygon,3432.4,9484.5,92.3617,2,2,191152,1877.4,
H245-37.vsi - 20x,60f04c57-80ce-4b92-9107-e6e08a7a6788,VMHx05,,Image,Polygon,3310.9,8937.2,173.1048,2,2,322141.6,2100.3,
H245-37.vsi - 20x,98186d3e-22fe-4d57-b13b-e895ea70a24f,DMHx05,,Image,Polygon,3481.2,8374.1,1200.4674,3,3,222594.2,2085.8,
H245-37.vsi - 20x,d35df1b1-358b-4603-aaeb-62629a7b3f89,PHx05,,Image,Geometry,3436.7,7726.2,2220.6711,20,20,336963,3375.5,
H245-37.vsi - 20x,d8eccaf0-d7d2-4c6d-8787-813042dc6743,ARCx05,,Image,Polygon,19458,10222.2,61.6136,1,1,151046.8,1613.7,
H245-37.vsi - 20x,3995670a-661b-47e1-8d7c-4ee0ff5f37bd,VMHx05,,Image,Polygon,19237.7,9738.1,172.0486,1,1,305700.2,2042.1,
H245-37.vsi - 20x,673846c8-d095-45ed-b244-241e386c8de6,DMHx05,,Image,Polygon,19586.6,9362.6,2338.0303,18,18,194400.8,1980.1,
H245-37.vsi - 20x,0130dab0-d243-4e9e-aeec-dfe330eeb2ef,ATAN,,Image,Polygon,19798.4,9482.1,264.0582,1,1,17841.1,1277.8,
H245-37.vsi - 20x,304b111d-4b80-4b92-af1e-82ff0b5ca95f,PHx05,,Image,Polygon,19493.4,8708.8,1511.4694,9,9,343658.4,2374.9,
H245-37.vsi - 20x,b1be5af0-b777-4556-ba65-9bb8f4972968,ARCx05,,Image,Polygon,11225.5,9932.6,74.171,0,0,146858.3,1682.6,
H245-37.vsi - 20x,68e24b37-0368-4eb9-af7c-5bc71bdc5eca,VMHx05,,Image,Polygon,10998.3,9525,295.1584,3,3,322423.2,2135.9,
H245-37.vsi - 20x,94867103-3151-4214-98ac-d4ba3c2b491b,DMHx05,,Image,Polygon,11253.8,9127.7,1154.3452,6,6,206786,1992.4,
H245-37.vsi - 20x,909bb9a9-4cc3-411d-8bda-39519491c45a,ATAN,,Image,Polygon,11521.9,9394.1,152.3323,2,2,25575.2,1487.7,
H245-37.vsi - 20x,3fe5bd2f-2c1e-40fd-95a6-b7f6e26f7e9f,PHx05,,Image,Polygon,11268.4,8390.1,1068.0862,11,11,323809,2421.2,
H263-39.vsi - 20x,30d1cfde-067e-45fc-b308-6344a62e9666,PT,,Image,Polygon,2025.5,10213.9,5420.1182,11,11,23583.5,1476.3,
H263-39.vsi - 20x,dab949fb-6a31-486f-9467-fc9686bd6dd4,BTAN,,Image,Polygon,1889.3,10026.8,621.7691,5,5,10276,759.86,
H263-39.vsi - 20x,86f54dd5-48bb-4ea0-91e8-a200d0089e1f,ME,,Image,Polygon,1916.3,10167,227.4422,3,3,31058.4,1029.2,
H263-39.vsi - 20x,ecdfbe05-8486-4f97-86a6-7088edf9f14f,ARCx05,,Image,Polygon,2092,9989.5,854.6098,7,7,145078.5,1793.3,
H263-39.vsi - 20x,546dbb6a-bcd7-460f-b276-ace53192b553,VMHx05,,Image,Polygon,2116.4,9566.4,428.5959,3,3,297227.7,2006.1,
H263-39.vsi - 20x,3d4036de-a16a-476b-9f00-3683db7014d9,DMHx05,,Image,Polygon,1808.1,9249.2,2931.6331,25,25,208907.6,2233.3,
H263-39.vsi - 20x,ce34b606-ce2e-4584-aa94-11c67537bb2e,ATAN,,Image,Polygon,1585.8,9420.1,284.1266,3,3,14839.3,1211.5,
H263-39.vsi - 20x,03fc433c-b220-4817-ad19-5cf67c00a504,cp,,Image,Polygon,5023.9,7553.4,276864.8125,2,2,293876.3,3628,
H263-39.vsi - 20x,788de58e-d93e-4342-8459-6cd1d3611410,PHx05,,Image,Polygon,1747.1,8563,2249.1895,23,23,413887.7,2741.9,
H263-39.vsi - 20x,2f76f920-c49d-4fdc-bf87-a9cfdaec3a35,PT,,Image,Polygon,8612,10276.3,3257.8918,11,11,23432.3,1638.7,
H263-39.vsi - 20x,be6c5903-c728-4246-b639-bc687d98ee8b,ME,,Image,Polygon,8535.3,10242.2,231.1976,6,6,31450.6,1107.8,
H263-39.vsi - 20x,40786cfb-c096-4e1e-8c31-22d4d37dfab6,BTAN,,Image,Polygon,8536.5,10171.9,1218.4233,6,6,7295.8,688.61,
H263-39.vsi - 20x,0710283d-3f31-43cc-9e87-d33512d2e767,ARCx05,,Image,Polygon,8642.9,10034,546.6592,5,5,151344.8,1691.5,
H263-39.vsi - 20x,a0963b09-fcd9-421f-84a8-b73ce0f3646e,VMHx05,,Image,Polygon,8727.3,9650.8,459.4613,7,7,297884.9,2103.1,
H263-39.vsi - 20x,dff2f515-fdac-463e-864c-ca36c11992f5,DMHx05,,Image,Polygon,8500.6,9279.7,3609.9695,25,25,202291.3,2086.3,
H263-39.vsi - 20x,787c46df-a1ee-467a-92f5-9a3ee14fbabd,ATAN,,Image,Geometry,8261.4,9384.9,795.9302,7,7,19274.6,1345.5,
H263-39.vsi - 20x,18273a28-2301-4fbc-9933-76bf7e4c3b87,PHx05,,Image,Polygon,8464.9,8625.9,3236.1804,33,33,347179,2426,
H263-39.vsi - 20x,466386da-ff83-4474-b313-0c4c9a6f82b7,cp,,Image,Polygon,12111.7,7629.1,268233.1562,1,1,288103,3569.4,
H263-39.vsi - 20x,239c5092-8f28-490e-ae10-124c215c5fb2,PT,,Image,Polygon,25479.4,9725.8,11136.333,14,14,26494.4,1785.5,
H263-39.vsi - 20x,8500c4cb-0258-46bb-94b6-aa2c98878428,ME,,Image,Polygon,25442,9684.4,3832.8345,23,23,75232.2,1456.9,
H263-39.vsi - 20x,9c7807a2-82f7-4f43-9bd8-41a238031f3a,BTAN,,Image,Polygon,25338.8,9580.1,511.5688,7,7,11179.5,806,
H263-39.vsi - 20x,9b150312-d32c-4536-a020-51a25012bb40,ARCx05,,Image,Polygon,25380.5,9353.4,1902.8623,20,20,162927.2,1672.1,
H263-39.vsi - 20x,434e6303-4388-4825-8830-c45a5d113bd7,DMHx05,,Image,Polygon,25443.1,8958.4,1008.4677,8,8,307177.3,2092.5,
H263-39.vsi - 20x,7029133f-b028-48f9-b16a-fe1eefc02a20,DMHx05,,Image,Polygon,25231.9,8547.8,1977.8549,19,19,207813.2,2132.3,
H263-39.vsi - 20x,8aee650e-e924-4ad3-8c51-e27d523ab3a2,ATAN,,Image,Polygon,24996.9,8700.3,2146.6174,8,8,28007.6,1526.2,
H263-39.vsi - 20x,204a6b8f-bd3a-40e9-b9ab-3d86adeb9159,PHx05,,Image,Polygon,25174.5,7958.4,3107.9067,30,30,344476.6,2374.8,
H263-39.vsi - 20x,366bf239-5696-4e63-85b9-edbeb69daf77,cp,,Image,Polygon,29425.6,6155.2,124280.5938,10,10,172442.4,3939.2,
H264-37.vsi - 20x,0de4f840-3841-49a6-a393-991aa1245e50,PT,,Image,Polygon,30833.9,9124.1,1352.5649,6,6,54075.4,3160.5,
H264-37.vsi - 20x,2f39e339-dfe4-4ddb-98f4-6a8cf26045f0,ME,,Image,Polygon,30824.7,9078.5,142.9435,1,1,90189.1,2606.6,
H264-37.vsi - 20x,01e7365e-0d9e-4301-be05-c2219f206a09,BTAN,,Image,Geometry,30910.1,8921.3,12.7922,0,0,23944.6,1124.1,
H264-37.vsi - 20x,919156d6-1275-48e5-8f48-191e83203f6b,ARC,,Image,Geometry,30920.8,8752.1,104.3323,0,0,302597.2,3219,
H264-37.vsi - 20x,83a60dc5-54bc-436d-bcca-493b29c3850d,VMH,,Image,Geometry,30763.2,8446,2508.0837,26,26,593044,4250.8,
H264-37.vsi - 20x,87cb6b84-47cf-499e-be54-7ed85020ae13,DMH,,Image,Geometry,30704.6,8040.3,5026.73,42,42,404970.5,3929.4,
H264-37.vsi - 20x,7e640e6a-734c-4a36-bcde-e16d18236232,PH,,Image,Polygon,30505.1,7440.3,3457.1677,39,39,732197.2,3639.5,
H264-37.vsi - 20x,965166b4-6506-4220-9af8-66f71ca4979c,PT,,Image,Polygon,23894.5,10043.1,23.2371,0,0,19560.4,1722.9,
H264-37.vsi - 20x,0e6129d3-be06-4c8d-b850-64ca517148ff,ME,,Image,Polygon,23823.7,10011.3,448.899,3,3,72126.2,1965.3,
H264-37.vsi - 20x,2784b8fd-33e8-4688-b373-25c15d5e12cd,BTAN,,Image,Polygon,23983.1,9784.2,5.7506,0,0,9434.7,994.56,
H264-37.vsi - 20x,8cbb6d3b-de18-4b1a-a105-e62d77cb45e3,ARC,,Image,Geometry,23902.3,9753.1,95.413,1,1,324666.6,3253.5,
H264-37.vsi - 20x,10603986-2578-400a-9b8a-dabd09e4f48d,DMH,,Image,Geometry,23866,9351.7,603.5784,10,10,607772.3,4121,
H264-37.vsi - 20x,1fa12702-880d-4e95-995f-7b9f7e722a69,ATAN,,Image,Polygon,23802.9,9056.8,410.1704,3,3,17832.1,1235.7,
H264-37.vsi - 20x,b877891f-a0e0-42a9-9a10-bd8f8266b4fa,PH,,Image,Polygon,23577.9,8314,4096.6582,39,39,602956.4,2920.8,
H264-37.vsi - 20x,c68162d7-4076-47bb-8d43-1591629b231d,PT,,Image,Polygon,17701.9,9105.5,106.6795,2,2,25230.4,1715.9,
H264-37.vsi - 20x,9c1b7dd7-7a2a-4cad-91e2-fd5d39a748cf,ME,,Image,Polygon,17561.6,9125,195.5204,1,1,53820.3,1473.4,
H264-37.vsi - 20x,b98cfebf-b5e1-4d62-aed8-c82802ded32f,BTAN,,Image,Polygon,17525,9001.7,36.264,0,0,20605.9,1350.5,
H264-37.vsi - 20x,51b00fee-76a4-45a2-9e1d-d31c43846218,ATAN,,Image,Polygon,17250.8,8277.8,341.2806,3,3,9049.2,1041,
H264-37.vsi - 20x,ccf3d4e3-2841-4686-ba5a-91a45c8ed3f2,PH,,Image,Polygon,16982.8,7657,2731.5356,31,31,667887,3142.9,
H264-37.vsi - 20x,2a46fba3-3722-476c-a816-6cbc41255de8,cp,,Image,Polygon,6015.1,5217.7,6676.5659,44,44,396272.1,3925.4,
H264-37.vsi - 20x,a9c14271-63de-4546-a7bf-68fa681fc940,cp,,Image,Polygon,5941.4,6858.5,5050.7886,33,33,245698.2,3262.1,
H264-37.vsi - 20x,e1cfbd1f-1aac-4d87-8261-83ee22d6ac4a,cp,,Image,Polygon,13304.7,4168.2,8924.8164,40,40,223678.9,3686.4,
H264-37.vsi - 20x,1ead2d38-3dfd-49b2-9b64-f7733692446c,cp,,Image,Polygon,19878.3,3191.9,1609.699,14,14,120799.5,2560.3,
H264-37.vsi - 20x,371c71f1-cd98-4bb5-a3ea-2ed8638d523d,DMH,,Image,Geometry,17213.1,8197,,32,32,395599.4,3927.4,
H264-37.vsi - 20x,e59d3baa-188e-4524-a315-0c73c31d203e,VMH,,Image,Geometry,17396.7,8557,,7,7,517980.2,4149.3,
H264-37.vsi - 20x,90d8247b-a3a4-44d0-ab6b-6bee4f476517,DMH,,Image,Geometry,23778.5,8923.6,,50,50,404105,3479.7,
H264-37.vsi - 20x,7f0ad37f-7f57-4bed-8bac-8c29cacbad64,ARC,,Image,Geometry,17502.9,8909.3,,5,5,303944.1,3233.8,
H273-43.vsi - 20x,9cd8c363-a6a3-4abe-b0db-f103fecc6c84,PT,,Image,Polygon,4320.6,10524.1,12287.3926,27,27,75312,3510.9,
H273-43.vsi - 20x,95e6585f-c3a6-4c7b-9db6-9482fbdef9a4,ME,,Image,Polygon,4340.9,10438.2,2355.5168,17,17,104205.6,2384.1,
H273-43.vsi - 20x,98f9efc9-a736-4dd9-861b-4ba6326ce9f7,BTAN,,Image,Polygon,4218.6,10347.4,372.2634,5,5,26595.3,1924.2,
H273-43.vsi - 20x,b4fd4b58-52c6-492d-9ecd-7949ef249e8a,ARC,,Image,Geometry,4420.8,10242.8,1352.2129,14,14,313839.5,3347.4,
H273-43.vsi - 20x,1c838f18-5199-4a58-979a-fcf984db143d,DMH,,Image,Geometry,4455.9,9473.7,1881.3856,25,25,408548.2,4136.4,
H273-43.vsi - 20x,1f4bb9ec-8ba9-4596-90ef-5821ea9c8d85,ATAN,,Image,Polygon,4457.7,9811.7,3291.3391,5,5,22294.2,1160.5,
H273-43.vsi - 20x,a51ec388-680d-4cfd-887c-59db3f3320b3,VMH,,Image,Geometry,4491.2,9860.1,3132.4348,26,26,607368,4105.6,
H273-43.vsi - 20x,126ba7a5-1dd7-4aaa-966d-148938696f0a,PT,,Image,Polygon,12642.9,9440.3,14961.5391,19,19,65337.3,3573.4,
H273-43.vsi - 20x,6ebc2006-3cf9-4e7c-b4fc-5d765853c7b1,ME,,Image,Polygon,12747.6,9358.7,1670.2563,15,15,81476.1,2181.7,
H273-43.vsi - 20x,261d79d5-f3b8-4cdf-9212-830408d98c23,BTAN,,Image,Polygon,12822.1,9256,1147.421,16,16,26305,1558.1,
H273-43.vsi - 20x,2f8ba047-f259-4f73-89a7-ab9758b94b08,ARC,,Image,Geometry,12843.1,9166.9,4165.6655,38,38,285292,3180.7,
H273-43.vsi - 20x,bdc1d1dc-e202-420f-89ab-737172245943,VMH,,Image,Geometry,12946.9,8750.6,1716.8479,19,19,594754.2,4085,
H273-43.vsi - 20x,70d9cb59-ef6c-454f-82bb-3f23496387dd,DMH,,Image,Geometry,12905.7,8392.3,1873.6399,20,20,407527.7,3969.8,
H273-43.vsi - 20x,7e9a4371-d0a7-4162-b789-886b0d2c720b,PH,,Image,Geometry,12860.7,7808.8,5210.9839,56,56,702607.8,4943.6,
H273-43.vsi - 20x,dc8eaaf3-c185-4b6c-8a5e-79afaf1bc90c,PH,,Image,Geometry,4467,8830.9,4535.5815,43,43,690049.6,4295.4,
H273-43.vsi - 20x,a08d8886-5b3a-40e9-a647-ff22322b9874,PT,,Image,Polygon,37302.8,9560.2,27240.834,32,32,174324.6,4293.9,
H273-43.vsi - 20x,ac13f6f0-5f62-4cef-9cc4-6f758df00776,ME,,Image,Polygon,37225.3,9475.1,3223.8577,23,23,147976.5,2569.7,
H273-43.vsi - 20x,2ddecce7-9644-426e-ac3b-ae4a6adf5f23,BTAN,,Image,Polygon,37363.3,9305.1,1613.6892,12,12,71020.6,2335.6,
H273-43.vsi - 20x,37c84ee0-5f37-454a-9de7-884d41590699,ATAN,,Image,Polygon,12878.4,8674.2,1035.1083,8,8,31787.4,1099.2,
H273-43.vsi - 20x,28adce65-b39a-4732-9f71-d4634b5d8f87,ARC,,Image,Geometry,37502.4,9209.1,2017.6396,20,20,294177.8,3257.4,
H273-43.vsi - 20x,d30e71a4-0441-4ca1-808e-e5b2dd04cdcc,ATAN,,Image,Polygon,37448.3,8860.2,282.0142,5,5,18472,877.92,
H273-43.vsi - 20x,c7794a71-8b7f-4435-b609-e8846b6138bb,VMH,,Image,Geometry,37464.5,8888.2,2362.2063,28,28,570474.5,4494.3,
H273-43.vsi - 20x,869087b8-7695-41e0-b76c-a6c7a510a817,DMH,,Image,Geometry,37423.1,8575.1,2145.7959,18,18,406404.9,4044.7,
H273-43.vsi - 20x,d566d6e0-7224-440b-a538-172c358bd119,PH,,Image,Polygon,37458.6,7860,5510.8364,45,45,691606,4244.4,
H274-35.vsi - 20x,c10dbf43-0994-4e3e-ab44-109ef6906fe7,PT,,Image,Geometry,3802.4,5709.8,48.9388,1,1,25043.6,1870.3,
H274-35.vsi - 20x,0053b9d2-720c-4ad4-85fc-7aab23b717bc,ME,,Image,Polygon,3884,5602.4,220.1659,1,1,113518.4,1707.6,
H274-35.vsi - 20x,06ef98cb-bfdf-4637-9f11-f887a6e3c837,BTAN,,Image,Polygon,3877,5439.8,10.445,0,0,31804.2,1779.5,
H274-35.vsi - 20x,1b8df6d4-74f1-4d57-8c4c-f673cd8fcbce,VMH,,Image,Geometry,3815,5028.3,713.7787,9,9,638421,4234.1,
H274-35.vsi - 20x,2dab106f-45c6-465f-8f67-cae7cff6e039,ARC,,Image,Geometry,3830.5,5429.2,612.8498,6,6,327453.1,3315.5,
H274-35.vsi - 20x,50e9e209-9317-4e47-beb3-3b607ded7ae6,DMH,,Image,Geometry,3838.7,4588.9,1250.3451,18,18,398485.4,4126.5,
H274-35.vsi - 20x,28656209-7c3d-40b1-91ac-c324038348de,ATAN,,Image,Geometry,3837.3,4734.4,4.3423,0,0,10974.6,1331.5,
H274-35.vsi - 20x,b6a3d25f-7129-4803-9608-b626acf652c1,PH,,Image,Polygon,3689.8,3721.9,2873.8923,29,29,689717.8,4384.5,
H274-35.vsi - 20x,3ba5557b-4692-48e1-a22e-c8eb68f24b19,PT,,Image,Polygon,9723.6,5633.2,8.5672,0,0,29393,2232.5,
H274-35.vsi - 20x,5b64f309-8e38-4b0d-aa41-e78fe4d03851,ME,,Image,Polygon,9673.8,5539,91.8923,1,1,67423.6,1672.8,
H274-35.vsi - 20x,46cecdc6-8cb5-4264-87a7-d3445fd112f4,BTAN,,Image,Geometry,9665.7,5393.9,189.8872,3,3,28494.1,2128.6,
H274-35.vsi - 20x,502ecace-9ac8-48b5-8f7a-ea4e71912ee7,ARC,,Image,Geometry,9654.8,5405.8,533.7497,6,6,285272.9,2952.6,
H274-35.vsi - 20x,e9cda3b4-79d0-4b32-8901-4d07a4c161c4,VMH,,Image,Geometry,9585,4944.8,255.3737,3,3,605831.5,4026.5,
H274-35.vsi - 20x,b908f47e-ba60-49e1-a987-cdae2b8dd525,DMH,,Image,Geometry,9537.3,4599,1126.1791,15,15,406520.3,4050.1,
H274-35.vsi - 20x,2a6b59ef-0d4c-48aa-9439-9df10ba6a890,PH,,Image,Polygon,9502,3779.8,2899.2419,30,30,718682,4506.6,
H274-35.vsi - 20x,df7615d0-e3d8-4cd1-9c35-d2c169360dfd,PT,,Image,Polygon,28129.1,4975.3,0.7042,0,0,28528.3,1897.9,
H274-35.vsi - 20x,3830cad2-3ceb-49cc-b542-42dbea633de5,ME,,Image,Polygon,28098.9,4892.8,360.6449,3,3,91242.8,2099.1,
H274-35.vsi - 20x,c5e3c952-fe70-4cfe-a0e6-89433eab5376,BTAN,,Image,Polygon,28066.6,4685,26.1711,0,0,28435,1917.2,
H274-35.vsi - 20x,da3dca0c-9087-4225-a975-42ab26203c88,ARC,,Image,Geometry,28266.6,4745.6,2458.3235,16,16,287964.8,3125.7,
H274-35.vsi - 20x,d84d64e5-196d-4d2e-9cc7-26d617817b7d,DMH,,Image,Geometry,27935.4,4130.4,2252.4753,26,26,398884.7,4056,
H274-35.vsi - 20x,4897728c-b7f7-4b2a-9356-5f1bd03f7d3f,VMH,,Image,Geometry,28208,4385.4,1085.338,13,13,618710.5,4359,
H274-35.vsi - 20x,0f86f8c8-f19d-4c04-9da2-dc48484aac86,PH,,Image,Polygon,27768.4,3465.4,3377.4807,28,28,742887,3611.5,
H275-41.vsi - 20x,f17a5109-4d57-434e-81db-de37b6ff361b,PT,,Image,Polygon,12117.4,9823.2,0,0,0,15374.4,1397.7,
H275-41.vsi - 20x,61281f98-4bc4-49f0-88a5-19db56e6e65b,ME,,Image,Polygon,12092.4,9744.9,18.7775,0,0,69188.3,1505.4,
H275-41.vsi - 20x,de3a788f-e179-469a-ac00-5cb3bf1d6dcf,BTAN,,Image,Polygon,12074.6,9629.4,1.1736,0,0,13193,1464,
H275-41.vsi - 20x,093e1299-0c18-4d93-9dc0-f5d22753ad39,ARC,,Image,Geometry,12125.4,9530.4,114.7773,0,0,306628.1,3272.8,
H275-41.vsi - 20x,212ca48d-96eb-42d7-b9a7-6afec8cbc711,VMH,,Image,Geometry,12158.8,9162,510.5126,3,3,576111.9,4046.9,
H275-41.vsi - 20x,c68c9fc1-0eb6-4365-82a4-d80c759a6ad6,DMH,,Image,Geometry,12206.6,8744.7,48.4694,0,0,397416.6,3723.2,
H275-41.vsi - 20x,005c189a-f7dc-4491-9f14-44fa8c56f94d,ATAN,,Image,Polygon,12189.5,8836.6,38.0244,1,1,13839,940.96,
H275-41.vsi - 20x,dac6a499-83ec-40b0-8f5e-d5850a185e86,PH,,Image,Polygon,12206,8113.3,218.8749,1,1,688822.7,3560.1,
H275-41.vsi - 20x,c34a26a5-a8dd-48a1-9a37-24ebace7434e,PT,,Image,Polygon,20008.1,10108.9,15.8435,0,0,30761.2,1893.7,
H275-41.vsi - 20x,722804a4-3bc8-44c8-b51d-5d817d14a526,ME,,Image,Polygon,20020.1,10033.9,33.2127,0,0,65910.5,1895,
H275-41.vsi - 20x,917134d5-583d-4e42-91b8-c917c12dfcf6,BTAN,,Image,Polygon,20119.9,9921.4,170.4056,1,1,23975.3,1757.3,
H275-41.vsi - 20x,e42a0a8c-dfcd-47da-b320-a10a8f3927f4,ARC,,Image,Geometry,20198.1,9701.8,25.3496,0,0,319133.6,3357.5,
H275-41.vsi - 20x,1547f94a-673b-40d4-8641-a107407e850d,VMH,,Image,Geometry,20257.9,9290,795.8128,5,5,611638.1,4150.6,
H275-41.vsi - 20x,525d8882-70c6-45ac-b6a3-c3b2f7784825,ATAN,,Image,Polygon,20277.8,8959.8,0.4694,0,0,20451.4,1091,
H275-41.vsi - 20x,8211c379-16a5-4b0f-8666-09b3e8dd570f,DMH,,Image,Geometry,20281.9,8878.5,217.9361,1,1,414460.4,3886.9,
H275-41.vsi - 20x,0d1413d9-1409-4e08-b03d-7c91912394c1,PH,,Image,Geometry,20265.3,8222.3,489.3879,2,2,682895.9,4756.5,
H275-41.vsi - 20x,b47baab3-0df1-4755-8fd1-330554181f6d,PT,,Image,Polygon,28696.2,9479.2,3.0513,0,0,20682.3,1932.9,
H275-41.vsi - 20x,4379649b-2a62-4c3f-aebc-2e6a9bfdb562,ME,,Image,Polygon,28694.4,9402.4,2.6993,0,0,71941,1668.8,
H275-41.vsi - 20x,466d4997-56b1-4a89-a96d-354d1515631a,BTAN,,Image,Polygon,28568.8,9342.8,0,0,0,20701.8,1647.7,
H275-41.vsi - 20x,1eeeef10-9e78-437a-924f-e5f45a5cc010,ARC,,Image,Geometry,28714.7,9189.2,7.0416,0,0,299172.9,3184.9,
H275-41.vsi - 20x,07850f6a-2566-4d53-a08f-4bd9f3ad3491,VMH,,Image,Geometry,28725,8748.4,1.8777,0,0,596107,4594.8,
H275-41.vsi - 20x,b66ac175-f919-4bab-9bff-5d20bd4d9757,DMH,,Image,Geometry,28607.5,8279,85.9069,1,1,407710.4,3950.1,
H275-41.vsi - 20x,2d42cae0-44a1-441a-966f-62d65a048561,PH,,Image,Geometry,28591.5,7518.7,282.7184,3,3,707770.3,4931.6,
H275-41.vsi - 20x,5e0f4a6c-3687-4b51-987d-19712de56ca4,ATAN,,Image,Polygon,28653.9,8355.9,0,0,0,21542.9,1093.1,
H276-33.vsi - 20x,9d5e6230-b97f-4b80-98ed-cf0f62ff7adc,PT,,Image,Geometry,13724.5,7698.5,14268.5332,13,13,41752.7,2566.6,
H276-33.vsi - 20x,230dc2a6-3654-4a2d-8a0d-0f9dd8f488d6,ME,,Image,Geometry,13555,7706.9,2679.7803,18,18,116352.6,2190.9,
H276-33.vsi - 20x,0ad07789-e665-4123-8074-0e7126bbec84,BTAN,,Image,Polygon,13581.8,7576.7,2519.8196,9,9,22628.5,1585.9,
H276-33.vsi - 20x,67917078-00e0-4932-9bfc-0652c9f3dbd5,ARCx05,,Image,Polygon,13714.8,7360.5,3392.7375,22,22,157932.2,1844.9,
H276-33.vsi - 20x,9cff2fd2-6909-4f57-b4cc-e9efe33e4f79,VMHx05,,Image,Geometry,13660.4,6910.5,651.6957,6,6,298088.5,2250.7,
H276-33.vsi - 20x,4a0a05a0-2623-4c0b-9a17-bfe28c9768a9,DMHx05,,Image,Polygon,13315.4,6715,5955.041,34,34,201316,2275.7,
H276-33.vsi - 20x,62942336-3cdd-481b-81f5-7514eb6d17a6,ATAN,,Image,Polygon,13151.6,6963.6,2735.0564,11,11,18343.9,1197.5,
H276-33.vsi - 20x,88a85549-d13f-4fa4-8b8a-64a90a2b5e70,PHx05,,Image,Polygon,13133.4,6178.2,5427.2769,39,39,368106.6,2470.8,
H276-33.vsi - 20x,ff473367-abe6-4be8-9861-14814b43a0fd,ME,,Image,Geometry,21458.8,7710.3,7028.5259,39,39,130801.1,2665,
H276-33.vsi - 20x,b2bd7b31-3680-44af-8a14-77213f8f24b5,PT,,Image,Geometry,21545.8,7725.1,16473.8301,21,21,85686.9,3257.7,
H276-33.vsi - 20x,14cd2d6f-821d-4d11-9cc0-34149daac048,BTAN,,Image,Polygon,21531.4,7568.3,4589.9189,13,13,40958.4,2324.6,
H276-33.vsi - 20x,ff2c7eac-d09b-491b-b67e-1f809475ee36,ARCx05,,Image,Polygon,21692.3,7361.2,4378.0854,30,30,160529.9,1741.1,
H276-33.vsi - 20x,7e5daaf9-833d-4d31-bc6b-76011319fbe9,VMHx05,,Image,Polygon,21701,6941.6,3308.7083,23,23,358096.1,2221.1,
H276-33.vsi - 20x,439b9268-f9eb-460e-9a1a-77085f8f300d,DMHx05,,Image,Polygon,21353.2,6645.5,3921.3235,27,27,200038.4,2148.7,
H276-33.vsi - 20x,32f3306f-b524-48bd-a809-fe4ede8884c7,ATAN,,Image,Polygon,21168.6,6890.7,4667.376,18,18,16330.6,1289.3,
H276-33.vsi - 20x,901dff81-94e1-4d71-894a-a0983b46838d,PHx05,,Image,Polygon,21158.9,6092.1,4153.812,31,31,356102.8,2452.7,
H276-33.vsi - 20x,241e3af6-c8fd-43f0-9195-2f06744fc843,ATAN,,Image,Polygon,35362,7349.2,11887.5498,9,9,25809.4,1407.9,
H276-33.vsi - 20x,c9627ba1-1bbc-40be-9dfd-7ba49e515055,PT,,Image,Geometry,35611,8256.2,12041.6426,18,18,80929.3,3822.4,
H276-33.vsi - 20x,9c1b3e7a-2573-41d4-8bc8-c4fc512a8193,ARCx05,,Image,Polygon,35816.5,7876.2,2885.511,17,17,150786.9,1940.2,
H276-33.vsi - 20x,44589b68-dcaa-435e-916f-77070a0f3b39,ME,,Image,Polygon,35763.3,8226.7,2093.4536,14,14,86768.1,2018.7,
H276-33.vsi - 20x,8c92ca91-2a88-44db-8ab1-b3fedc41d50a,BTAN,,Image,Polygon,35772,8115.1,1233.2106,7,7,30755.3,2386,
H276-33.vsi - 20x,563bad33-bd13-4a2d-be73-30e1006894ea,VMHx05,,Image,Polygon,35919,7496.4,1494.2175,19,19,351129.8,2911.2,
H276-33.vsi - 20x,4ae50f3e-d353-47ca-8b44-e65f3cb3ed3e,DMHx05,,Image,Polygon,35647.4,7142.4,2287.918,16,16,214296.7,1957.8,
H276-33.vsi - 20x,6884ab39-bb4e-4c82-bb66-688b5388d7d6,PHx05,,Image,Polygon,35504.4,6583.1,1623.4301,16,16,358760.9,2450.8,
H278-37.vsi - 20x,7bad0902-8a8e-493d-8630-5c2895d60790,PT,,Image,Polygon,33387.5,9716.7,66.4253,1,1,15566.1,1120.5,
H278-37.vsi - 20x,939c6db0-eb5c-4a03-8042-73754ce1fcef,ME,,Image,Polygon,33271.7,9671.3,59.9706,1,1,43256.8,1043,
H278-37.vsi - 20x,151d1d8f-9ce6-49b5-b834-160c9b8ab48f,BTAN,,Image,Polygon,33243.5,9585.9,322.0337,3,3,6208.6,650.1,
H278-37.vsi - 20x,f9e9933a-2989-4228-ac28-032968c1a17b,ARCx05,,Image,Polygon,33485.7,9445.6,423.08,3,3,147219,1746.5,
H278-37.vsi - 20x,aead0dac-c3ca-4f3b-b53c-ac6c99abd308,VMHx05,,Image,Polygon,33551,9086.8,211.3639,3,3,301534.7,2063,
H278-37.vsi - 20x,3d07cda1-68cc-4f4e-bca6-1dc6702d61e2,DMHx05,,Image,Polygon,33421.5,8721.6,522.6006,5,5,204459.9,2004.8,
H278-37.vsi - 20x,ace7021f-9b48-4562-89f2-0146d818d67b,ATAN,,Image,Polygon,33131.8,8779.7,150.8066,2,2,11428.6,940.63,
H278-37.vsi - 20x,68bbb0b1-be30-4710-b559-7ccc44e0ff4d,PHx05,,Image,Polygon,32575.3,8064.6,320.6254,4,4,343244.7,2424.5,
H278-37.vsi - 20x,6b7bd227-bf5d-4eb5-8084-59c645afb06c,PT,,Image,Polygon,26925.7,8700.2,0.7042,0,0,7452.8,829.52,
H278-37.vsi - 20x,16a7b17e-59f5-4d8a-84f6-a4f684e7649d,ME,,Image,Polygon,26869.2,8635.7,77.3397,1,1,39355,929.22,
H278-37.vsi - 20x,4c16e7f4-68f6-4973-bd4e-d68c59f3e267,BTAN,,Image,Polygon,26776.9,8530.4,2.934,0,0,8020.2,701.39,
H278-37.vsi - 20x,ee99b777-ac9b-487d-be1a-5d4fb892445a,ARCx05,,Image,Polygon,27034.3,8411.4,41.3104,0,0,153250.5,1647.5,
H278-37.vsi - 20x,459892f6-a1f8-434d-b4ef-7d1071f70369,VMHx05,,Image,Polygon,27122.1,8042.1,131.325,1,1,309941.3,2139.4,
H278-37.vsi - 20x,7065a3a7-30bb-414d-89e3-10f0e5b9690c,DMHx05,,Image,Polygon,26970.5,7659.2,363.3441,4,4,210661.3,2094,
H278-37.vsi - 20x,7d7f4246-911f-411b-9ca6-098983c082a9,ATAN,,Image,Polygon,26679.7,7767.3,546.4245,2,2,19311.2,1165.8,
H278-37.vsi - 20x,6bcc2e85-6fdc-43db-b0f9-b7d3044e5679,PHx05,,Image,Polygon,26143.7,6965,609.329,6,6,384118,2549.8,
H278-37.vsi - 20x,7e4abb87-e6f3-4669-b1ae-42d610a1a0f0,cp,,Image,Polygon,36431.2,7236.5,117.0071,0,0,181927,3448.4,
H278-37.vsi - 20x,937812fa-2b17-4201-b3ba-f6fd5f5de6a3,cp,,Image,Polygon,21681.3,6858.4,797.2211,5,5,339350.5,3840.3,
H278-37.vsi - 20x,42903c38-0de4-4282-87c2-44cff4167229,cp,,Image,Polygon,708.01,7640.8,476.3611,7,7,335498.9,4390.5,
H278-37.vsi - 20x,34bef639-e305-4adf-a207-522953b1f1ac,ME,,Image,Geometry,18696,9622.5,1399.5087,7,7,67708.2,1550.3,
H278-37.vsi - 20x,f7af46b6-bced-4672-bcce-81a1339591fb,PT,,Image,Geometry,18664.7,9706.8,15.2567,0,0,13000.2,1372.7,
H278-37.vsi - 20x,7630dcc1-dc2e-42e0-91bf-87184df0a90f,BTAN,,Image,Geometry,18673.4,9514.4,65.3691,1,1,12527,991.9,
H278-37.vsi - 20x,6a1955bd-b843-4a78-bda4-c29fa44c6ddb,ARCx05,,Image,Polygon,19137.1,9340.1,20.5379,0,0,150166.3,1785.5,
H278-37.vsi - 20x,4396ff75-af8f-4ed0-8300-f5626f5b6f27,VMHx05,,Image,Polygon,19291.4,9005.6,179.5596,2,2,304989.7,2125.8,
H278-37.vsi - 20x,75988c20-1373-41fc-8f81-683f96182c88,ATAN,,Image,Polygon,18761.4,8774.4,38.4938,1,1,11269.3,882.18,
H278-37.vsi - 20x,f4118582-93d8-443a-8ec3-c7e59f1775a9,DMHx05,,Image,Polygon,19030.8,8683.4,187.6574,3,3,206500.2,2162,
H278-37.vsi - 20x,f2a544c5-e576-46ca-8e13-0db90204166c,PHx05,,Image,Polygon,19038.4,8121.5,501.4759,7,7,355883.1,2255.3,
H298-41.vsi - 20x,333f999c-2eeb-42d1-89ba-ccd126fca451,PT,,Image,Polygon,36493.2,10570.1,4632.2856,22,22,26027.1,2667,
H298-41.vsi - 20x,92ddd94d-590d-4182-97cb-b5f6b41fb39d,ME,,Image,Polygon,36573.1,10522.2,2251.0671,21,21,84803.6,2048.9,
H298-41.vsi - 20x,b8b3a682-9b5f-4f54-b520-18fae4ee0ad6,BTAN,,Image,Polygon,36544.7,10454.4,755.3239,7,7,16804.4,1754.9,
H298-41.vsi - 20x,73a6cea7-f32b-4b25-a08a-fe1b18be6b36,ARC,,Image,Geometry,36476,10273.2,2554.5581,12,12,303251.9,3476.6,
H298-41.vsi - 20x,67913424-5ee4-473f-b10e-98ae681d7dea,VMH,,Image,Geometry,36436.7,9956.5,658.1505,6,6,603036.3,4350.4,
H298-41.vsi - 20x,08d67b2a-e4d7-4712-b22b-bc5f4a5a974b,ATAN,,Image,Polygon,36434.4,9644.5,2488.25,20,20,19342.7,1188.7,
H298-41.vsi - 20x,bc45649f-76f2-4dd6-8b9a-e0ebe996522e,DMH,,Image,Geometry,36428.9,9564,1687.6255,19,19,402266.4,4194.5,
H298-41.vsi - 20x,ca275e68-2765-4ab6-bd89-a0a780d38c5d,PH,,Image,Geometry,36444.7,8948.6,2361.1501,23,23,708404.8,4884.2,
H298-41.vsi - 20x,45905ed6-4af4-4ad6-aff2-bfaa225c2806,PT,,Image,Polygon,30089.5,8523.2,4794.4761,19,19,28378,2384.2,
H298-41.vsi - 20x,79663ce9-18c9-43f0-913f-c74939989423,ME,,Image,Polygon,30090.7,8463.8,2104.2507,15,15,69358.7,2037.5,
H298-41.vsi - 20x,e7750263-f922-464f-85f5-6504bb474153,BTAN,,Image,Polygon,30094.9,8391.9,1929.1508,18,18,18229.1,2023.1,
H298-41.vsi - 20x,7ba79684-464d-4073-9939-e4fb065d830f,ARC,,Image,Geometry,29999.4,8244.1,960.3505,12,12,304863.1,3551,
H298-41.vsi - 20x,cfa7dda8-41aa-42d3-a0d8-271e7f5f394c,VMH,,Image,Geometry,29975.6,7905.6,645.593,6,6,603188.1,4183.3,
H298-41.vsi - 20x,8e411f3d-d2bb-4dd5-9786-9a898c396672,DMH,,Image,Geometry,29927.4,7533.3,1141.4357,8,8,404658.5,3931.8,
H298-41.vsi - 20x,f3df32ce-7abb-477b-92f2-e5152e60b351,ATAN,,Image,Polygon,29934.8,7680.4,965.2795,10,10,12388.2,1302.9,
H298-41.vsi - 20x,773e7cba-0a4e-445e-a759-a14d0c22122f,PH,,Image,Geometry,29814.6,6959.5,4207.6797,29,29,699993.6,4612.8,
H298-41.vsi - 20x,a91f9352-9d5a-43f4-af11-475ae3fc0663,PT,,Image,Polygon,2830.1,7779.3,5051.4927,22,22,31893.4,2478.7,
H298-41.vsi - 20x,398fa72b-a391-4f7d-adf5-8f62e3d022cc,ME,,Image,Polygon,2813.5,7732,2621.218,19,19,72242.4,1758,
H298-41.vsi - 20x,501ad920-8ad2-4f42-a101-d5b253b41248,BTAN,,Image,Polygon,2832.6,7648.5,1140.8489,7,7,16713,1429.9,
H298-41.vsi - 20x,1653f945-4028-498a-a593-d632848040b3,ARC,,Image,Geometry,2803.6,7530.4,1123.5972,11,11,307071.4,3723.3,
H298-41.vsi - 20x,084a84fb-5c9b-4c17-8ef8-c01ced1f350e,VMH,,Image,Geometry,2783.4,7236.8,711.4316,6,6,605728.2,4174.1,
H298-41.vsi - 20x,ed7c42a6-5392-4d4b-9dd3-055ca59f82dd,ATAN,,Image,Polygon,2723.6,6897.8,3377.9502,19,19,31188.6,1405.3,
H298-41.vsi - 20x,99b9ef8b-0f58-4f7c-8e22-fdf97fa65af8,DMH,,Image,Geometry,2727.9,6848.4,6335.6372,55,55,405955.4,4061.5,
H298-41.vsi - 20x,b002b7d3-453c-42db-853c-d64aa30990ed,PH,,Image,Geometry,2609.2,6186.4,3052.1611,29,29,711758.7,5128.5,
H300-19.vsi - 20x,8994d2c9-989f-49af-8846-cdc4d51f82e9,PT,,Image,Geometry,25676.5,3752.2,7553.2393,20,20,43188.8,2837.7,
H300-19.vsi - 20x,facbb1a6-29b2-4a9d-802f-455c8a06c516,ME,,Image,Polygon,25478.6,3730.2,3644.5903,26,26,141171.5,3044.6,
H300-19.vsi - 20x,ae8647c4-2274-41e7-a29e-418d01ec3d11,BTAN,,Image,Polygon,25557.5,3665,1785.0337,9,9,20663.4,1717.4,
H300-19.vsi - 20x,1a60505f-b540-4ecb-bfdc-a83c4d5d12f6,ARC,,Image,Geometry,25925.3,3450,2556.9053,22,22,307075.9,3472.4,
H300-19.vsi - 20x,bf936cd1-0891-4491-a991-1666ac7a719d,VMH,,Image,Geometry,25989.1,3025.1,1703.2343,14,14,602294.7,4525.7,
H300-19.vsi - 20x,f94e2112-1230-410f-a43a-a67c35eb20b0,DMH,,Image,Geometry,26075.9,2700.8,1348.9268,12,12,401343,4130.2,
H300-19.vsi - 20x,a8ac3e82-a834-4a8d-a2ae-f32ec34fab7a,ATAN,,Image,Polygon,26065.2,2834.7,762.6002,7,7,34499.2,1453.1,
H300-19.vsi - 20x,314cc974-8d95-4edd-a0de-280cbd465783,PH,,Image,Polygon,26430.1,1924.2,2025.62,13,13,349599.2,2445.6,
H300-19.vsi - 20x,4bdc112b-50c3-4bce-8f83-901691bb736c,PT,,Image,Geometry,13003.5,4281.1,3439.3291,14,14,28410,2573.3,
H300-19.vsi - 20x,a54e2a7a-96e9-4467-b7c2-9673c8a97cb3,ME,,Image,Polygon,13035,4293.3,853.3188,5,5,67291.5,1478.9,
H300-19.vsi - 20x,c365d420-7a23-4796-8f84-0796672d62c8,BTAN,,Image,Polygon,13169.9,4176.9,1131.4602,7,7,17353.7,1830.2,
H300-19.vsi - 20x,82066440-fead-4607-9656-02bdf0d59241,ARC,,Image,Geometry,13540.3,4026,1718.0215,14,14,278971.8,3247.3,
H300-19.vsi - 20x,af7db929-9172-45ce-941b-9b985a81b15d,VMH,,Image,Geometry,13661.2,3663.5,634.9133,8,8,615468.9,4299.5,
H300-19.vsi - 20x,50389aca-e0a3-4c7a-a86a-75bd6c402916,DMH,,Image,Geometry,13738.3,3292.3,1108.9272,15,15,401785.3,3869.4,
H300-19.vsi - 20x,1c484988-3bde-4d25-8699-4a0232cd07e2,ATAN,,Image,Polygon,13797.9,3375.4,154.4447,1,1,20927.1,1210.8,
H300-19.vsi - 20x,6f82549f-ee39-4d9b-8b94-b83e46ad7eda,PH,,Image,Polygon,14002.2,2643.5,4384.0708,30,30,682376.8,4033.7,
H300-19.vsi - 20x,939d571d-6f97-4d78-8c0c-0125bc97a735,PT,,Image,Polygon,7789,4463.6,6791.3428,15,15,34104.6,2924.4,
H300-19.vsi - 20x,515eb30d-c5a3-4fef-8521-bafb732f54c4,ME,,Image,Polygon,7790.5,4478.1,3649.05,17,17,73634.9,1895.4,
H300-19.vsi - 20x,353dfdf9-c3e4-47d9-830e-656f15e7dac5,BTAN,,Image,Geometry,7728.7,4436.6,7737.3755,9,9,14849.7,1164.1,
H300-19.vsi - 20x,fb4e2860-2415-4a06-97bc-cc4dd77c8ebf,ARC,,Image,Geometry,7517.4,4238.7,4377.6162,32,32,284897.4,3314.5,
H300-19.vsi - 20x,0b488c0a-cf01-449e-a0c0-a982028b6213,VMH,,Image,Geometry,7221.9,3942.8,1140.7316,11,11,599090.3,4239.8,
H300-19.vsi - 20x,5b42da7c-db13-4ee3-b978-e3f33c0cd694,DMH,,Image,Geometry,7101.6,3538,1569.3274,18,18,392666.4,3998.2,
H300-19.vsi - 20x,dcfebae4-02bd-4f24-8465-ea605e5c869c,PH,,Image,Geometry,6815.8,2959.7,2974.4692,32,32,705685.2,4630.4,
H300-19.vsi - 20x,d3858848-2217-4580-b58d-a1bace423c02,ATAN,,Image,Polygon,7113.3,3715.8,1741.6107,10,10,13563.3,1049.7,
H301-23.vsi - 20x,5ef6783a-57a8-4238-adcb-fb57cf60850a,PT,,Image,Polygon,35561.7,9470.8,6.9242,0,0,36145.3,2249.4,
H301-23.vsi - 20x,913f642d-b96f-48cb-9e09-4b1901a17f17,ME,,Image,Polygon,35574,9448.9,51.6381,0,0,40098.8,825.1,
H301-23.vsi - 20x,626f52bb-abb8-4132-b7c3-53fb6ba4bc1d,ARC,,Image,Geometry,35660.9,9206.4,136.4888,2,2,309301.2,3178.1,
H301-23.vsi - 20x,832a3a0a-76e7-4371-9aca-b8a7e28ecfac,VMH,,Image,Geometry,35594.6,8796,395.6179,3,3,591041.5,4034.6,
H301-23.vsi - 20x,ec4fb8b8-7a14-4d7b-9930-abb7e53d3c4b,DMH,,Image,Geometry,35645.6,8378.3,113.9558,1,1,432419.8,4060.3,
H301-23.vsi - 20x,8fe23615-7bbf-4b03-8b47-1dae73acc8ed,ATAN,,Image,Polygon,35633,8540.3,25.3496,1,1,16762.6,1036,
H301-23.vsi - 20x,298fc3c7-a59a-48d0-a1ab-906d8f471fd2,BTAN,,Image,Polygon,35648.3,9118.2,0.3521,0,0,18769.5,1063.6,
H301-23.vsi - 20x,27060a92-a8e8-4637-8fe4-83b59f069eca,PT,,Image,Polygon,26711,10779.8,2.1125,0,0,114413.4,2573.7,
H301-23.vsi - 20x,8abee4d4-659f-4fa0-8c3f-8c86834d694c,ME,,Image,Polygon,26651.2,10619.3,90.7187,0,0,176755.9,1620.7,
H301-23.vsi - 20x,94fbd632-d59a-4378-92d4-f90eba0484fb,BTAN,,Image,Polygon,26721,10280.9,1.643,0,0,44810.6,830.22,
H301-23.vsi - 20x,b115c2cc-5dda-4a03-899c-1caac276edef,ARC,,Image,Geometry,26712.6,10437.4,226.738,2,2,317155.1,3534.3,
H301-23.vsi - 20x,cc2868c8-5fff-4a89-ae89-0fa233c5628f,VMH,,Image,Geometry,26792.1,10042.2,362.4052,2,2,606652.8,4129.7,
H301-23.vsi - 20x,61ca622d-6e6b-4063-b310-6d92433e3184,DMH,,Image,Geometry,26830.5,9658,215.3542,2,2,391543.5,3891.9,
H301-23.vsi - 20x,e6f23476-bee4-4b94-aa2d-1dc5d331a5db,PH,,Image,Polygon,26858.1,9015.5,605.2215,7,7,744859,4076.8,
H301-23.vsi - 20x,1d9253af-3801-4521-a5a3-fa8b3919a238,PT,,Image,Polygon,11975.5,9196.2,50.4645,1,1,149956.2,2924.6,
H301-23.vsi - 20x,1f8072a4-dc27-4989-b0a9-16740d9d390b,ME,,Image,Geometry,12070.5,8966.2,437.0457,4,4,249477.3,2125.7,
H301-23.vsi - 20x,0398cf5a-2f35-41d4-9c08-2deb1dad36a1,BTAN,,Image,Polygon,12278.3,8570.6,2.6993,0,0,57564.1,1101,
H301-23.vsi - 20x,19f43f10-8b2c-40ea-ad27-488d50c5ccad,ARC,,Image,Geometry,12149.5,8865.7,280.3712,1,1,318154,3931.3,
H301-23.vsi - 20x,7ba425bb-7631-49ee-979a-c4f3b029fb2c,VMH,,Image,Geometry,12405.4,8452.2,861.534,4,4,591179.7,4120.7,
H301-23.vsi - 20x,4a1fe93c-a968-4b7e-affa-1398f8fe18a5,ATAN,,Image,Polygon,12353.3,8060.5,4.8117,0,0,19439.5,1054,
H301-23.vsi - 20x,3b5962b3-946e-456a-b346-6d7e2e48d8f6,DMH,,Image,Geometry,12355.6,8025.2,100.5768,1,1,413659.8,3910,
H301-23.vsi - 20x,590bc101-381f-4f6b-a37b-b6c4b8953731,PH,,Image,Polygon,12425.9,7263.3,264.9971,2,2,762642,3222.9,
H319 - MBH.vsi - 20x,4f544f3d-cb04-4fad-91e6-39db9815f9b0,PT,,Image,Polygon,3578.5,10990.2,37.0855,0,0,51102.2,2112.4,
H319 - MBH.vsi - 20x,92afdc31-54b2-47c5-8a64-791faf9801e8,ME,,Image,Geometry,3345.6,10937.7,79.2175,1,1,47382,1221.5,
H319 - MBH.vsi - 20x,337c94a9-dead-4c48-bde3-2b3459c65872,BTAN,,Image,Polygon,3283.4,10851.9,121.2321,1,1,6815.3,864.37,
H319 - MBH.vsi - 20x,11b80165-998a-41cf-b03b-590fa7b1ef8f,ARC,,Image,Geometry,3317.8,10777.6,671.5294,5,5,305322,3520,
H319 - MBH.vsi - 20x,819dd475-6eeb-4acf-ad24-d34c9f31695b,VMH,,Image,Geometry,3329.1,10276.5,723.2849,4,4,604196.5,4055.3,
H319 - MBH.vsi - 20x,430d05cf-725d-4e00-b428-3214860d6d81,DMH,,Image,Geometry,3266.7,9661.4,17452.959,114,114,408763,4374.1,
H319 - MBH.vsi - 20x,59008316-e53a-4368-8656-1840a4404aef,ATAN,,Image,Polygon,3249.5,9850.3,7.511,0,0,24305,1287.2,
H319 - MBH.vsi - 20x,cd3a35f1-2bda-47ba-9e7c-0d771f1e48e7,PT,,Image,Polygon,8088.3,11124.4,14.6699,0,0,19356.7,1528.2,
H319 - MBH.vsi - 20x,213dfe76-53aa-42fa-aa4e-8d6d70e0d587,ME,,Image,Polygon,8112.9,11050,277.0851,2,2,32752.8,958.32,
H319 - MBH.vsi - 20x,0054bd5c-5878-44d6-8800-f31b980d89e4,BTAN,,Image,Polygon,8067.9,10980,200.5669,3,3,9327,986.49,
H319 - MBH.vsi - 20x,b2a3398e-5aca-4c0d-a577-10ec7b50845e,ARC,,Image,Geometry,8071.6,10879.7,377.3099,3,3,311740.9,3311.2,
H319 - MBH.vsi - 20x,af32bc85-2a6b-4908-b47d-3f061572956d,VMH,,Image,Geometry,8025.3,10353.3,58.797,0,0,601220.8,3939.5,
H319 - MBH.vsi - 20x,8be8003a-c258-476e-b2c3-4e5f41b3bd1c,DMH,,Image,Geometry,7928.4,9843.2,16410.3398,96,96,411683.4,4764.6,
H319 - MBH.vsi - 20x,8c2c015a-f3fe-417d-9848-89fb12e582ac,PH,,Image,Geometry,7678.2,9070.9,3300.6106,31,31,703067.2,4708.6,
H319 - MBH.vsi - 20x,810b4cab-b417-4733-b9d8-dfd86e960c9a,PT,,Image,Geometry,18527,9617.3,279.7844,2,2,57385.4,3124.6,
H319 - MBH.vsi - 20x,5bdfaf6b-5c92-431a-a7bc-a9c4777ac30a,ME,,Image,Polygon,18724.1,9366,113.0169,2,2,36252.9,1297.6,
H319 - MBH.vsi - 20x,4eefd4dc-1ff0-45bb-bfe7-f2bbdb9e9010,BTAN,,Image,Geometry,18743.4,9284.6,150.8066,1,1,20963.7,2078,
H319 - MBH.vsi - 20x,ee99479b-8f64-412f-9d7c-d915f5ee0d8b,ARC,,Image,Geometry,18755.9,9183.8,754.033,8,8,310697.4,3379.5,
H319 - MBH.vsi - 20x,7178c34e-1ecc-4b05-9fb0-cda4a48e99b8,VMH,,Image,Geometry,18722.7,8816.7,740.4193,9,9,618909.8,4250.2,
H319 - MBH.vsi - 20x,994e1262-be91-4ec1-a916-2d1677eeff3d,DMH,,Image,Geometry,18673,8428.3,9015.5352,77,77,404450.3,4162.5,
H319 - MBH.vsi - 20x,a413c586-3c8e-442c-b7c9-63fc95f84399,ATAN,,Image,Polygon,18696.6,8592,86.259,2,2,21498.6,1462.8,
H319 - MBH.vsi - 20x,3d2347ff-6226-4659-b6fe-3a82d1455139,PH,,Image,Polygon,18471.7,7453.7,3721.1086,36,36,715588.9,4244.5,
H319 - MBH.vsi - 20x,4e6e857f-a17e-4022-a8b3-93d29ea8da47,ATAN,,Image,Polygon,7924.8,10010,14.6699,0,0,32753,1289.6,
H319 - MBH.vsi - 20x,5ff06816-e0bb-4fa9-b18c-45a327d0d49f,PH,,Image,Polygon,3130.7,8958.2,2076.554,18,18,673133.5,3507.1,
H327-37.vsi - 20x,2026d23a-080c-4849-b446-4a39a6f3f60d,PT,,Image,Polygon,5790.3,10005.8,75.462,1,1,36744.5,2343.8,
H327-37.vsi - 20x,6a36348f-0cdb-4b4a-8c95-58c937f84eb3,ME,,Image,Polygon,5880.9,9916.2,111.0218,1,1,65845.9,1269.3,
H327-37.vsi - 20x,87f8218d-b716-4710-a8e8-85c9bd59d026,BTAN,,Image,Polygon,5874.3,9776.8,51.0513,1,1,11630.7,1055.3,
H327-37.vsi - 20x,0fc7d426-8f3d-492f-b174-d1d95edd1b9f,ARC,,Image,Geometry,5890.4,9748,45.8875,0,0,323402.9,3491.5,
H327-37.vsi - 20x,ad9a856a-dace-49a9-84d9-43fe7a03a433,VMH,,Image,Geometry,5743.1,9394.8,113.1343,1,1,602133.6,4283.1,
H327-37.vsi - 20x,732750bc-6c27-4d2f-8e71-befd278d8a8b,DMH,,Image,Geometry,5781.4,9013.6,165.007,1,1,400426.8,4048.2,
H327-37.vsi - 20x,5fa25bbb-7a14-46af-a143-7f063800c6ac,ATAN,,Image,Polygon,5758.2,9109.7,0.2347,0,0,12477.7,1067.4,
H327-37.vsi - 20x,9e3c4636-7ee5-4e80-898b-48ed7deef5be,PH,,Image,Geometry,5725.2,8330.3,337.6425,3,3,700393.8,4638.5,
H327-37.vsi - 20x,a562496d-329d-45e5-8b76-249355249545,PT,,Image,Polygon,27717.9,9123.6,17.956,0,0,13690.3,1534.8,
H327-37.vsi - 20x,7c56ed35-3a6f-4040-8708-0d3e82f4065f,ME,,Image,Polygon,27703.4,9017.4,0.5868,0,0,27570.5,777.74,
H327-37.vsi - 20x,d69276d6-c161-469e-a8e8-7d9042441cb7,BTAN,,Image,Polygon,27645.6,8934.9,100.9289,1,1,9683.5,1668.8,
H327-37.vsi - 20x,5345a28f-6be3-41e4-a323-8dd36456d3ef,ARC,,Image,Geometry,27671.8,8886.1,66.7774,2,2,302811.9,3322.9,
H327-37.vsi - 20x,47375377-3fc4-4612-9938-63977ced190d,VMH,,Image,Geometry,27572.4,8546.7,73.4669,1,1,608483.8,4360.6,
H327-37.vsi - 20x,c753ff3f-7a61-486b-8bb5-7626ed7e6e28,DMH,,Image,Geometry,27577.6,8171.8,118.1807,1,1,400199.6,3603.5,
H327-37.vsi - 20x,0584ad11-e3bd-45e5-986e-3f01c843a59d,PH,,Image,Geometry,27495.3,7383.3,321.2122,6,6,678562.7,4528.1,
H327-37.vsi - 20x,43eb82cf-88a4-40f0-9641-49854ef3a0d6,ATAN,,Image,Polygon,27548.7,8247.5,0,0,0,12986,873.12,
H327-37.vsi - 20x,601b31de-2aaa-4ab8-81f9-5f6969cb6d29,PT,,Image,Polygon,20400.6,10059.5,18.1907,0,0,21480.2,1753.8,
H327-37.vsi - 20x,941dd6bd-1087-4ac4-bd45-8a2d51921086,ME,,Image,Polygon,20486.8,9956.6,3.5208,0,0,65016.7,1164.3,
H327-37.vsi - 20x,b26dca7f-5e21-46ca-b8c9-9ce0c12eee42,ARC,,Image,Geometry,20473.5,9656.8,31.687,0,0,310856.4,3276.8,
H327-37.vsi - 20x,05972cc5-94ec-4f51-bd68-5ad2cbc8a404,BTAN,,Image,Polygon,20465.3,9834.9,0,0,0,17865.1,1635.7,
H327-37.vsi - 20x,500099ef-a006-447d-bced-bf238cb5c902,DMH,,Image,Geometry,20329.9,8822.1,30.044,0,0,407411.6,3662.1,
H327-37.vsi - 20x,643852e7-3505-467d-b7a3-75ebaa5df4d0,PH,,Image,Geometry,20276.6,8137.9,234.0143,1,1,701572.3,4642,
H327-37.vsi - 20x,f474edcd-43de-4694-929b-03ef07dd1bf7,ATAN,,Image,Polygon,20328.3,8912.2,0,0,0,11890.1,852.53,
H327-37.vsi - 20x,8eb32db8-1d41-4473-bd77-13c52bd1f9a1,VMHx05,,Image,Polygon,34197.5,8297.2,108.3226,2,2,306923.6,2000.2,
SH4-36.vsi - 20x,42ea8f00-e2ae-4391-9dbc-e507124ceafc,PT,,Image,Geometry,9314.1,5898.2,8785.8633,23,23,72951.2,3719.5,
SH4-36.vsi - 20x,cf8bcb87-eee5-4907-8144-0d454c035f58,ME,,Image,Polygon,9269.6,5832.2,2963.6721,20,20,153072.1,2217.6,
SH4-36.vsi - 20x,b8b7678a-681e-423d-a998-9a3a5f62d39b,BTAN,,Image,Polygon,9061.3,6077.9,1285.2008,5,5,22701.9,1815.6,
SH4-36.vsi - 20x,03879e66-823a-4feb-91d0-496aa4b019c6,ARC,,Image,Geometry,8922.3,6014.8,1599.0193,11,11,297252.1,3204.8,
SH4-36.vsi - 20x,850359a2-127d-478f-b704-2e90938b63a3,VMH,,Image,Geometry,8534.6,6020.6,623.2948,5,5,604587,4191.3,
SH4-36.vsi - 20x,b849cd9e-9e1f-40c3-a3f2-10df8916aa9c,DMH,,Image,Geometry,8270.6,5967.8,2532.7292,27,27,254684.8,3514.5,
SH4-36.vsi - 20x,96271645-86c4-4383-bf1c-a19c5e7dbe6e,ATAN,,Image,Geometry,8409.8,6053.8,781.1429,11,11,30574.2,3176.6,
SH4-36.vsi - 20x,a0da1d8b-fd0b-4043-8f9d-90fdf500e809,PH,,Image,Geometry,7473.9,6000.3,4645.7817,33,33,708438.7,4966.7,
SH4-36.vsi - 20x,ac4e524f-146d-4a6a-a446-f6103f48ee3b,PT,,Image,Polygon,29734.1,5610.9,4064.8538,29,29,49618.9,3197.6,
SH4-36.vsi - 20x,a132db24-924b-41db-9f2d-a6b361f0dd7e,BTAN,,Image,Polygon,29434.6,5635.3,900.3799,10,10,49248.4,3299.8,
SH4-36.vsi - 20x,70a6e07e-4bed-431b-b8ac-ba62dcdca227,ME,,Image,Polygon,29522.8,5738.8,11336.9004,77,77,202291.6,3507.4,
SH4-36.vsi - 20x,4ea61fe7-1a23-471b-85c4-41bf4529a9a3,ARC,,Image,Geometry,29033.7,5646.5,527.9991,3,3,309014,3600.7,
SH4-36.vsi - 20x,c114f754-f84e-446c-a01b-de9fc2573c4b,DMH,,Image,Geometry,28386.6,5672.5,1335.1958,10,10,413370.8,3802.7,
SH4-36.vsi - 20x,82dd341c-588b-4755-ae8b-c204d6fab39f,ATAN,,Image,Polygon,28518,5709.6,990.9812,13,13,37165.6,2232.5,
SH4-36.vsi - 20x,0190fca3-7b00-451d-98d5-09bb11d53dd2,PH,,Image,Geometry,27684.2,5636,6955.646,53,53,714276.6,4671.3,
SH4-36.vsi - 20x,d2ceff01-1db8-4d2e-b94a-9e4c93157eb4,VMH,,Image,Geometry,28758.9,5762.6,1722.4812,16,16,599946.7,4253,
SH4-36.vsi - 20x,ceeb7685-bdf9-4a21-b282-b4f7f5c0cacd,PT,,Image,Polygon,33327.2,4862.5,2536.8367,15,15,40498.5,2661.5,
SH4-36.vsi - 20x,caefd8a3-0b39-4ce1-bf4e-39f539737bd7,ME,,Image,Polygon,33431.5,4951.1,10898.7979,59,59,159038.4,2814.4,
SH4-36.vsi - 20x,ab1f5682-f5a9-4c24-83cf-f0e95e1c265f,BTAN,,Image,Polygon,33814.8,5043.7,325.085,4,4,51819.4,3148,
SH4-36.vsi - 20x,2a0ace5a-4436-4754-afa0-d0a4c4fc9693,ARC,,Image,Geometry,34060.4,4934.7,1395.8705,11,11,306885.9,3605.2,
SH4-36.vsi - 20x,b606ca37-77ed-45bc-9493-ad5ca2365a56,VMH,,Image,Geometry,34405.6,4885.1,1416.7604,13,13,608325.1,4294.1,
SH4-36.vsi - 20x,4b9003b2-6252-4f4b-bcc0-6b680f3426f4,ATAN,,Image,Polygon,34526.8,4876.1,754.2677,7,7,26550.4,1855.1,
SH4-36.vsi - 20x,3ac53a1a-57df-40e6-9a83-fff4b2818b01,DMH,,Image,Geometry,34772.9,4885.4,954.0131,11,11,404766.7,3720.3,
SH4-36.vsi - 20x,5679715d-f1c0-4faf-b6f6-27617a97bf8d,PH,,Image,Geometry,35467.7,4845.5,4347.5723,39,39,707844.1,4722.9,
SH6-30.vsi - 20x,3fd863fb-68dd-4ead-a325-6884316c982b,PT,,Image,Polygon,35613.4,5629,3007.4473,4,4,26454,2135,
SH6-30.vsi - 20x,92d99f78-09ee-4dc4-817d-757cca537f01,ME,,Image,Polygon,35615.9,5464,102.1025,0,0,50080.9,1543,
SH6-30.vsi - 20x,e41cba5b-5448-4325-8edc-a19d3547e797,BTAN,,Image,Polygon,35746.3,5524.6,1862.4907,15,15,9017.1,1381.9,
SH6-30.vsi - 20x,1c38daa5-e7b9-4681-98a6-d3222ebe69b0,ARC,,Image,Geometry,35821.1,5458.3,3579.3386,31,31,302431.6,3238.6,
SH6-30.vsi - 20x,748fd8ca-2d5b-4d1d-9bec-de15717da80e,VMH,,Image,Geometry,36167.6,5423.9,3065.3054,29,29,594982.5,4189.7,
SH6-30.vsi - 20x,4704cb01-c22a-4830-98b8-caa6cf77d531,DMH,,Image,Geometry,36574,5348.5,7486.9312,49,49,412535.6,3650.8,
SH6-30.vsi - 20x,35c36401-b26e-46e1-8d26-06a6702d568e,ATAN,,Image,Polygon,36409.4,5354.1,12884.9854,16,16,26361.3,1779.2,
SH6-30.vsi - 20x,7fbd5a2a-ac4b-4829-a88a-6b595d07e092,PH,,Image,Geometry,37302.8,5304.8,7945.4536,54,54,701922.3,4823.8,
SH6-30.vsi - 20x,6ede248d-4c70-480f-a715-4a0324c6284d,PT,,Image,Geometry,13195.9,4970.6,4096.7754,11,11,16113.9,1572.3,
SH6-30.vsi - 20x,90b4f793-8ee0-4ef2-8e17-d4f6c945e49b,BTAN,,Image,Polygon,13298.2,4619.5,930.4238,5,5,8109.5,748.46,
SH6-30.vsi - 20x,ab8d4453-a662-4efb-8125-bc33dbe2384f,ARC,,Image,Geometry,13414.6,4659.1,4550.9556,36,36,300549.9,3491.9,
SH6-30.vsi - 20x,bbbc45bd-e16c-46a9-a506-b1b4864a54a0,VMH,,Image,Geometry,13954.9,4674,1572.144,14,14,618078.2,4041,
SH6-30.vsi - 20x,0a04e4d8-1ea3-4ca4-b870-4fabb2b5892c,ATAN,,Image,Polygon,14166.1,4610.1,2821.1982,10,10,23875.7,1125.4,
SH6-30.vsi - 20x,91966ed0-8cb0-4514-a8af-cb9639aae8bb,DMH,,Image,Geometry,14401.2,4654.8,9853.1279,57,57,400983.8,4010,
SH6-30.vsi - 20x,82831b01-5d63-48b7-91c0-c659d4af7994,BTAN,,Image,Polygon,13357.8,4937.3,2549.2769,10,10,8023.4,939.02,
SH6-30.vsi - 20x,b780235f-9d9a-4906-8613-382cdc333d3c,PT,,Image,Polygon,10436,6129.7,2304.583,5,5,15337.8,627.13,
SH6-30.vsi - 20x,a4d07c75-fbda-45fc-bad2-905de5416638,ME,,Image,Polygon,10297.9,5269.5,263.4714,2,2,21552,652.16,
SH6-30.vsi - 20x,d66bf699-33ac-4d8c-9b10-7500501caecd,ME,,Image,Polygon,31861,6058.2,108.3226,1,1,15320.4,580.83,
SH6-30.vsi - 20x,83b3de9b-f733-49c5-a1a9-bca3c6562cb1,PT,,Image,Polygon,31766.5,5500,566.1409,2,2,6635.2,547.86,
SH6-30.vsi - 20x,aa7988fd-fb7a-4f31-a3d4-614247c3a516,BTAN,,Image,Geometry,31621.2,6047.5,3649.8716,14,14,16785.6,1338.4,
SH6-30.vsi - 20x,3428ec20-a082-4154-b681-894eae1bdb7d,ARC,,Image,Geometry,31700.2,6039.8,1967.6445,18,18,304523,3339.9,
SH6-30.vsi - 20x,b3971f92-9394-41d9-831b-d5086dde2a12,ATAN,,Image,Polygon,31134.5,6198.3,5141.3896,11,11,14486.6,1209.7,
SH6-30.vsi - 20x,b0be82be-b27d-4b56-a617-1e3e4b450610,VMH,,Image,Geometry,31223.8,6120.1,1939.7131,12,12,607935.7,4038.2,
SH6-30.vsi - 20x,90e13f7f-09e4-4bc5-89b7-c548cb2e845d,DMH,,Image,Geometry,30832.3,6231.7,7918.2261,60,60,401808.9,4187.7,
SH6-30.vsi - 20x,5dc8196d-6fa8-4172-a496-4c3e342fdcda,PH,,Image,Geometry,30077.8,6192.2,4627.8257,38,38,694449.7,4883.2,
SH14-34.vsi - 20x,7e76c065-2c72-4995-96e2-f966b5ea649f,PT,,Image,Polygon,9491.8,7229.8,1133.5726,12,12,27940.9,2448.7,
SH14-34.vsi - 20x,74eedcd9-5d6b-40f6-8b4b-3de0d8f886aa,ME,,Image,Polygon,9413.7,7209.4,1136.8588,11,11,75733.5,2209.4,
SH14-34.vsi - 20x,3be963af-9b51-468b-b3a2-7046ff27c04f,BTAN,,Image,Polygon,9326.1,7326.8,2150.0208,20,20,25976.1,2866.4,
SH14-34.vsi - 20x,65e3409d-10ce-4efa-a449-84bb80661ae2,ARC,,Image,Geometry,9213.9,7193.9,1074.1888,13,13,298477,3757.3,
SH14-34.vsi - 20x,e5ccaf62-dce4-4637-bdae-122f63936cd9,VMH,,Image,Geometry,8778.6,7227.3,1018.2086,8,8,582451.7,4122.7,
SH14-34.vsi - 20x,190b50a9-b20e-477f-a1f0-c8a741977a0d,DMH,,Image,Geometry,8344.8,7232.6,2018.109,27,27,408592.4,4035.3,
SH14-34.vsi - 20x,82aa5a4f-5b4b-4908-8b23-7c2a02f38ad4,ATAN,,Image,Geometry,8469,7207.2,849.5634,8,8,25810.3,2556.3,
SH14-34.vsi - 20x,ab1e406b-4882-43db-aa8f-82f550c8dd91,PH,,Image,Geometry,7492,7153.8,3205.5496,28,28,699437.1,4533.9,
SH14-34.vsi - 20x,20e93595-ded0-4815-8121-b8b6bb79ab13,cp,,Image,Geometry,5871,2887.1,211667.7812,3,3,247225.1,8547.7,
SH14-34.vsi - 20x,61781651-5ede-426b-856c-6ba088b67233,PT,,Image,Geometry,12259.8,7569.6,1078.5311,12,12,16366.6,2016.8,
SH14-34.vsi - 20x,7a2c71a8-29b4-4a6a-a321-6cf4f29f48bb,ME,,Image,Geometry,12266.1,7473.4,392.5666,7,7,61096.2,1591.2,
SH14-34.vsi - 20x,fe92e8d4-b68e-4c41-9f72-8fe96511c6a8,BTAN,,Image,Geometry,12445,7610.3,2158.3533,23,23,17012,2238.7,
SH14-34.vsi - 20x,9022de53-c034-4bd4-89c2-db1cd0e69a7c,ARC,,Image,Geometry,12569.1,7590.8,1508.77,18,18,306620.7,3415.6,
SH14-34.vsi - 20x,286d0d9b-9cc7-4433-a9b0-d43b2f35a4fe,VMH,,Image,Geometry,12967.3,7567.5,363.5789,5,5,599828.5,4059.3,
SH14-34.vsi - 20x,29ed7304-7cae-47e0-9bee-546b42d4a8c6,DMH,,Image,Geometry,13415,7574.4,1747.4788,24,24,401194.3,3980.5,
SH14-34.vsi - 20x,47e88b7c-afe7-4fa6-a6a0-c18b127bff00,ATAN,,Image,Geometry,13263.4,7562.3,2309.1599,20,20,26718.2,3330,
SH14-34.vsi - 20x,e4aef573-4045-4254-b834-19d295194b28,PH,,Image,Geometry,14218.4,7556.9,2707.3596,28,28,693279,4623.2,
SH14-34.vsi - 20x,841fac08-9433-44a5-9f38-f57397580e53,PT,,Image,Polygon,34005.9,5815.8,248.2147,5,5,7021.8,753.03,
SH14-34.vsi - 20x,8df74e52-8282-45f1-93c2-5c9571ceeec9,ME,,Image,Polygon,34044.6,5752.1,816.7028,10,10,33584.4,799.2,
SH14-34.vsi - 20x,1dafca92-afac-48ee-b722-a4ee1383ecb1,BTAN,,Image,Geometry,34266,5392.5,1558.6477,9,9,14963.7,1472.8,
SH14-34.vsi - 20x,4e604d38-5914-4abe-a4c0-63ddebb51d4a,ARC,,Image,Geometry,34331.3,5430.6,2695.2717,30,30,299607,3369,
SH14-34.vsi - 20x,9fb625a1-fd0e-4347-8134-a8a08828bca9,VMH,,Image,Geometry,34655.6,5372.9,692.6541,9,9,598824.3,4280,
SH14-34.vsi - 20x,ce65a0a1-492c-4f4d-8459-d39581fb2fea,DMH,,Image,Geometry,35039.3,5400,2743.9758,27,27,403689,3741.5,
SH14-34.vsi - 20x,bd3834ce-ffeb-4588-a063-7ef726a84e66,ATAN,,Image,Polygon,34988.6,5366.8,6437.5049,27,27,16561.2,2390.8,
SH14-34.vsi - 20x,b4cd06db-b8aa-40cf-a92c-715ece5d0cc2,PH,,Image,Geometry,35727.5,5363.3,3324.1997,38,38,710551.2,4603,
SH14-34.vsi - 20x,0ade32ab-31f5-4a17-a437-6cbf5e90d4c8,cp,,Image,Geometry,16487.6,12068.1,62948.6641,4,4,94478.6,4679.7,
SH19-11.vsi - 20x,8ae8dc66-d926-4c4b-b484-0ff7395c0f82,ATAN,,Image,Polygon,31398.3,5820.9,8953.6865,12,12,23981.2,1370,
SH19-11.vsi - 20x,17018f6c-1589-479b-be7d-d7619182f4a9,BTAN,,Image,Polygon,30610.3,5944.8,1628.4764,12,12,11624.1,1021.3,
SH19-11.vsi - 20x,847aa54c-2dd1-4aca-bf8c-99dd2684c232,PT,,Image,Polygon,30435.1,5986.2,3425.3633,15,15,24334.4,2863.8,
SH19-11.vsi - 20x,41d50803-faf3-49df-913b-25a54becc63f,ME,,Image,Polygon,30515.3,5838.2,6665.2993,33,33,120456.4,2574.4,
SH19-11.vsi - 20x,b4814859-1ed2-4acf-8151-a349e68e564f,VMH,,Image,Geometry,31169.4,5843.9,904.7222,12,12,567193.3,3971.7,
SH19-11.vsi - 20x,88810a29-4549-472d-989d-6728e8e72415,DMH,,Image,Geometry,31523.7,5847,3339.9258,35,35,413643.4,4083.7,
SH19-11.vsi - 20x,1d7e5480-df38-42d5-8284-dc66564e03db,PH,,Image,Polygon,32437.1,5837.1,5926.2881,45,45,717598.1,4519.2,
SH19-11.vsi - 20x,55285edb-c12b-4990-8b78-f7975edafda3,ATAN,,Image,Polygon,28377.8,5645.6,4939.6494,7,7,15137.2,847.71,
SH19-11.vsi - 20x,e88edb48-ed1d-452a-84a4-a514a78bde86,ATAN,,Image,Polygon,7110,6174.7,7280.4961,1,1,10530.7,629.56,
SH19-11.vsi - 20x,a640904a-ec54-4a0d-862f-e20f7f950d90,cp,,Image,Polygon,5166.8,1730.4,37760.3281,1,1,37852.1,1594.8,
SH19-11.vsi - 20x,6f1a3853-fece-4f6e-b5c4-6a7186c15a73,cp,,Image,Polygon,12769.4,9929.3,102789.6562,3,3,108680.1,3664.5,
SH19-11.vsi - 20x,a7e672b2-1935-4d12-8be0-086223f5f75e,cp,,Image,Polygon,33820.2,10104.3,128181.1406,0,0,135880.8,4767,
SH21-12.vsi - 20x,6497d7b9-d9c3-43b1-a38a-1864333e3b38,cp,,Image,Geometry,45469.9,8498.9,572411.375,16,16,661369.3,10481.2,
SH21-12.vsi - 20x,e401f460-90eb-485d-a897-3e7beb144428,ME,,Image,Polygon,41093.1,5989.9,990.7465,9,9,67984.8,1545.5,
SH21-12.vsi - 20x,4845ffe9-136d-48b6-8aaa-91b99f23f131,BTAN,,Image,Polygon,41286.2,6118.3,1473.5623,7,7,11292.2,475.29,
SH21-12.vsi - 20x,be035db4-c4c7-4a48-850e-198a8328dc8a,PT,,Image,Polygon,41045,5851,44013.9297,26,26,85846.2,5006.6,
SH21-12.vsi - 20x,2e3f815f-52b7-4343-90e3-5ba966722b51,ARC,,Image,Geometry,41317.7,6169.3,326.6107,5,5,301826.9,3244.5,
SH21-12.vsi - 20x,3927d0fa-4a29-498b-976b-864d17b81f9e,VMH,,Image,Geometry,41846.9,6211,637.9647,6,6,609441.7,4109.2,
SH21-12.vsi - 20x,beea16e8-1a77-468f-8c03-a56260ca10c8,DMH,,Image,Geometry,42561.9,6258.3,12784.9951,80,80,415978.7,4300.1,
SH21-12.vsi - 20x,73569359-0d3c-45ee-bbf0-ec49e4af7566,ATAN,,Image,Polygon,42422.4,6207.2,484.5762,5,5,27055.5,1425.7,
SH21-12.vsi - 20x,389824ed-8221-421f-ad9c-7c292a18b5b4,PH,,Image,Geometry,43264.5,6334.3,2217.2676,23,23,705568,4655.6,
SH21-12.vsi - 20x,ffe62f07-5daa-48e2-bf48-c014c00f7926,PT,,Image,Geometry,10124.5,4366.3,24494.7461,40,40,81826.3,5798,
SH21-12.vsi - 20x,6eb6edbf-e2b4-4419-a214-6c9cdb5c9af6,BTAN,,Image,Polygon,10295.3,4619.3,1117.7291,7,7,9366.9,534.26,
SH21-12.vsi - 20x,6d1f7b7f-03df-4828-82a5-9a370d117edf,ME,,Image,Polygon,10025.2,4531.2,5703.4229,33,33,187037.2,2946.3,
SH21-12.vsi - 20x,2f762e2c-ef67-4024-96a4-efc7780b9a2e,ARC,,Image,Geometry,10342.4,4668.2,1599.8408,15,15,303816.7,3419.2,
SH21-12.vsi - 20x,32904a1d-9a76-4b6d-ba1d-fc775a89b4e0,VMH,,Image,Geometry,10701.4,4667.4,1023.3724,14,14,604488.3,4078.8,
SH21-12.vsi - 20x,a71a9d0e-8689-45a0-8cc5-b238dadff991,DMH,,Image,Geometry,11125,4720.8,7633.1606,62,62,404625.3,3709,
SH21-12.vsi - 20x,485cc263-9106-4071-af10-30404440de50,ATAN,,Image,Polygon,10997.3,4696.4,2172.9058,22,22,27398.5,2469.6,
SH21-12.vsi - 20x,89338293-8f37-41d1-b8a9-0d5fd3df36e6,PH,,Image,Geometry,11944.1,4864.1,5433.7314,56,56,703400.8,4547,
SH21-12.vsi - 20x,89660367-da4a-40de-8436-851db1762829,VMH,,Image,Geometry,31482.9,5701.9,741.1234,7,7,595357,3977.2,
SH21-12.vsi - 20x,43d52adb-806b-4ee4-bfa1-7d9e262ab4f0,DMH,,Image,Geometry,32000.2,5682.4,12541.3574,86,86,396747.7,3764,
SH21-12.vsi - 20x,710020dd-4cc2-4c18-8ae3-2cce25428919,ATAN,,Image,Polygon,31925.1,5741,329.4273,2,2,24588.8,1204.7,
SH21-12.vsi - 20x,e99a24d8-230d-411a-b0bf-3cfae522699a,ARC,,Image,Geometry,30935.4,5572.2,1068.9077,10,10,314830.8,3072,
SH21-12.vsi - 20x,3975742f-08dc-4703-853b-42123272f8f8,PT,,Image,Polygon,29525.5,6232.9,26308.416,18,18,55429.3,3952.3,
SH21-12.vsi - 20x,c0e6e5d9-bf21-4e66-bf87-0202d3ad6fc0,ME,,Image,Polygon,29498.7,6343.9,744.7616,8,8,42153.6,1228.9,
SH21-12.vsi - 20x,0b529c9d-524e-4e4d-8c18-57f9424da4a4,BTAN,,Image,Polygon,29393.9,6275,3234.3025,5,5,7692.6,860.81,
SH21-12.vsi - 20x,d280f32f-7dea-4bc3-b665-04c81f1aae92,cp,,Image,Polygon,25764.3,1903.9,386568.9375,3,3,403312.9,8280.6,
SH26-25.vsi - 20x,396e0133-869d-4902-972c-08cf8ce9a98d,PT,,Image,Polygon,8606.2,5416.3,3339.4565,21,21,17240.2,1703.2,
SH26-25.vsi - 20x,114832ff-047b-496c-a1a0-96525103df78,BTAN,,Image,Polygon,8368,5406.5,3808.1892,17,17,12346.6,1562.1,
SH26-25.vsi - 20x,f68b5656-51e7-4641-b500-e13b63d1ada0,ME,,Image,Polygon,8548.3,5386.2,2278.7639,20,20,52111.1,1504.2,
SH26-25.vsi - 20x,9df2171c-e823-4c0b-af94-f264b074fba1,VMH,,Image,Geometry,7733.7,5260.5,1300.1053,7,7,613892.5,4005.3,
SH26-25.vsi - 20x,6fd131c0-b343-4a77-8e9c-1c6e8111029d,ATAN,,Image,Geometry,7240.8,5267,1176.2914,7,7,24560.9,2477.9,
SH26-25.vsi - 20x,71ceba93-cb19-4cd4-855a-c30e5fe4685e,DMH,,Image,Geometry,7159.3,5265,5708.939,52,52,412313.7,4060.9,
SH26-25.vsi - 20x,58216922-b124-4a94-9cb8-360d12b1bac4,PH,,Image,Geometry,6435.6,5248.2,16735.4238,121,121,698961.6,4525.8,
SH26-25.vsi - 20x,d58902be-3a03-49a7-8497-5b3e1a95d52c,cp,,Image,Geometry,5221.5,677.92,109390.1719,3,3,120654.2,4411.8,
SH26-25.vsi - 20x,a820d98f-13d9-4b18-8d85-c8d2227d7ffb,ARC,,Image,Geometry,8283.8,5352.8,2655.4871,21,21,302741.9,3090.8,
SH26-25.vsi - 20x,87365a78-b33f-400b-bfa1-5509b3fcbc79,BTAN,,Image,Polygon,12249.2,4634.6,2175.3704,9,9,10172.3,891.03,
SH26-25.vsi - 20x,67ddca91-d2b5-4a6b-9b5b-609c2d9b1c65,BTAN,,Image,Polygon,12175.6,4233.4,1180.7511,9,9,9769.2,1050,
SH26-25.vsi - 20x,7d48de86-6707-4311-a2cb-aec159955d1c,ARC,,Image,Geometry,12389.8,4499.3,1399.2739,17,17,292366.1,3230.5,
SH26-25.vsi - 20x,617136e8-7aea-4535-86aa-8a3b70e6bc2f,VMH,,Image,Geometry,12918.3,4522.6,494.5517,5,5,598512.7,3976.1,
SH26-25.vsi - 20x,2e1a2043-e059-4a6f-8836-d7f8735cf061,DMH,,Image,Geometry,13379.4,4431.4,5522.9248,38,38,400343,4244,
SH26-25.vsi - 20x,819d10a7-e130-4778-9bd0-c8e5eb955445,ATAN,,Image,Polygon,13216.5,4455.1,1328.5063,9,9,32110.1,1443,
SH26-25.vsi - 20x,75ba76ae-5d1e-4944-aeab-551eb3aa579c,PH,,Image,Geometry,14090.7,4376.9,5670.3276,39,39,605338.5,4497,
SH26-25.vsi - 20x,30a8958e-b460-44df-b1f3-234db8b63e34,BTAN,,Image,Geometry,29005.6,5133.2,1416.1736,9,9,20141.2,1592.4,
SH26-25.vsi - 20x,9d32bcfd-d003-4d23-b4a1-b61f7d749543,ARC,,Image,Geometry,28830.2,5056.2,1001.4261,8,8,312530.2,3456.9,
SH26-25.vsi - 20x,d1f14b6c-ce60-4329-869c-04c467b2b5f6,VMH,,Image,Geometry,28369,5026.9,2058.8328,8,8,606647.5,4009.5,
SH26-25.vsi - 20x,81d1a8bd-c6f9-455b-9942-f5a7abdf42ea,DMH,,Image,Geometry,27933.4,5012.8,6276.2534,54,54,410383.5,4229,
SH26-25.vsi - 20x,b113a35f-29b5-4a34-9e25-db15d482b8ef,ATAN,,Image,Polygon,28061.4,5029.6,1449.5037,12,12,15322.8,2048.1,
SH26-25.vsi - 20x,e83dbcf8-45db-4678-8d71-d2a13448744d,PH,,Image,Geometry,27217.5,5041.3,5889.5547,38,38,712463.4,4728.7,
