"Date and Time","Time (seconds)","60 deg N day90 lock (lx)"
"2021-03-12 11:04:40",0.0,252.5479
"2021-03-12 11:09:41",301.0,252.5479
"2021-03-12 11:14:42",602.0,252.5479
"2021-03-12 11:19:43",903.0,252.5479
"2021-03-12 11:24:44",1204.0,252.5479
"2021-03-12 11:29:45",1505.0,252.5479
"2021-03-12 11:34:46",1806.0,252.5479
"2021-03-12 11:39:47",2107.0,252.5479
"2021-03-12 11:44:48",2408.0,252.5479
"2021-03-12 11:49:49",2709.0,252.5479
"2021-03-12 11:54:50",3010.0,252.5479
"2021-03-12 11:59:51",3311.0,276.3161
"2021-03-12 12:04:52",3612.0,289.0264
"2021-03-12 12:09:53",3913.0,289.0264
"2021-03-12 12:14:54",4214.0,289.0264
"2021-03-12 12:19:55",4515.0,289.0264
"2021-03-12 12:24:56",4816.0,289.0264
"2021-03-12 12:29:57",5117.0,289.0264
"2021-03-12 12:34:58",5418.0,289.0264
"2021-03-12 12:39:59",5719.0,289.0264
"2021-03-12 12:45:00",6020.0,289.0264
"2021-03-12 12:50:01",6321.0,289.0264
"2021-03-12 12:55:02",6622.0,289.0264
"2021-03-12 13:00:03",6923.0,289.0264
"2021-03-12 13:05:04",7224.0,289.0264
"2021-03-12 13:10:05",7525.0,289.0264
"2021-03-12 13:15:06",7826.0,289.0264
"2021-03-12 13:20:07",8127.0,289.0264
"2021-03-12 13:25:08",8428.0,289.0264
"2021-03-12 13:30:09",8729.0,289.0264
"2021-03-12 13:35:10",9030.0,289.0264
"2021-03-12 13:40:11",9331.0,289.0264
"2021-03-12 13:45:12",9632.0,289.0264
"2021-03-12 13:50:13",9933.0,289.0264
"2021-03-12 13:55:14",10234.0,289.0264
"2021-03-12 14:00:15",10535.0,289.0264
"2021-03-12 14:05:16",10836.0,289.0264
"2021-03-12 14:10:17",11137.0,289.0264
"2021-03-12 14:15:18",11438.0,289.0264
"2021-03-12 14:20:19",11739.0,289.0264
"2021-03-12 14:25:20",12040.0,289.0264
"2021-03-12 14:30:21",12341.0,289.0264
"2021-03-12 14:35:22",12642.0,289.0264
"2021-03-12 14:40:23",12943.0,289.0264
"2021-03-12 14:45:24",13244.0,289.0264
"2021-03-12 14:50:25",13545.0,289.0264
"2021-03-12 14:55:26",13846.0,289.0264
"2021-03-12 15:00:27",14147.0,289.0264
"2021-03-12 15:05:28",14448.0,276.3161
"2021-03-12 15:10:29",14749.0,276.3161
"2021-03-12 15:15:30",15050.0,252.5479
"2021-03-12 15:20:31",15351.0,241.4418
"2021-03-12 15:25:32",15652.0,230.8242
"2021-03-12 15:30:33",15953.0,220.6734
"2021-03-12 15:35:34",16254.0,201.6915
"2021-03-12 15:40:35",16555.0,201.6915
"2021-03-12 15:45:36",16856.0,184.3423
"2021-03-12 15:50:37",17157.0,168.4855
"2021-03-12 15:55:38",17458.0,147.2207
"2021-03-12 16:00:39",17759.0,147.2207
"2021-03-12 16:05:40",18060.0,128.6397
"2021-03-12 16:10:41",18361.0,112.4039
"2021-03-12 16:15:42",18662.0,112.4039
"2021-03-12 16:20:43",18963.0,98.2172
"2021-03-12 16:25:44",19264.0,82.0470
"2021-03-12 16:30:45",19565.0,82.0470
"2021-03-12 16:35:46",19866.0,68.5390
"2021-03-12 16:40:47",20167.0,57.2549
"2021-03-12 16:45:48",20468.0,54.7370
"2021-03-12 16:50:49",20769.0,45.7253
"2021-03-12 16:55:50",21070.0,41.7921
"2021-03-12 17:00:51",21371.0,41.7921
"2021-03-12 17:05:52",21672.0,41.7921
"2021-03-12 17:10:53",21973.0,34.9115
"2021-03-12 17:15:54",22274.0,29.1638
"2021-03-12 17:20:55",22575.0,29.1638
"2021-03-12 17:25:56",22876.0,24.3623
"2021-03-12 17:30:57",23177.0,20.3514
"2021-03-12 17:35:58",23478.0,20.3514
"2021-03-12 17:40:59",23779.0,15.5384
"2021-03-12 17:46:00",24080.0,12.4094
"2021-03-12 17:51:01",24381.0,9.4746
"2021-03-12 17:56:02",24682.0,9.4746
"2021-03-12 18:01:03",24983.0,7.5667
"2021-03-12 18:06:04",25284.0,6.3209
"2021-03-12 18:11:05",25585.0,6.3209
"2021-03-12 18:16:06",25886.0,5.5232
"2021-03-12 18:21:07",26187.0,4.8261
"2021-03-12 18:26:08",26488.0,4.8261
"2021-03-12 18:31:09",26789.0,4.4109
"2021-03-12 18:36:10",27090.0,4.0315
"2021-03-12 18:41:11",27391.0,3.6847
"2021-03-12 18:46:12",27692.0,3.6847
"2021-03-12 18:51:13",27993.0,3.6847
"2021-03-12 18:56:14",28294.0,3.5227
"2021-03-12 19:01:15",28595.0,3.5227
"2021-03-12 19:06:16",28896.0,3.5227
"2021-03-12 19:11:17",29197.0,3.5227
"2021-03-12 19:16:18",29498.0,3.5227
"2021-03-12 19:21:19",29799.0,3.5227
"2021-03-12 19:26:20",30100.0,3.5227
"2021-03-12 19:31:21",30401.0,3.5227
"2021-03-12 19:36:22",30702.0,3.5227
"2021-03-12 19:41:23",31003.0,3.5227
"2021-03-12 19:46:24",31304.0,3.5227
"2021-03-12 19:51:25",31605.0,3.5227
"2021-03-12 19:56:26",31906.0,3.5227
"2021-03-12 20:01:27",32207.0,3.5227
"2021-03-12 20:06:28",32508.0,3.5227
"2021-03-12 20:11:29",32809.0,3.5227
"2021-03-12 20:16:30",33110.0,3.5227
"2021-03-12 20:21:31",33411.0,3.5227
"2021-03-12 20:26:32",33712.0,3.5227
"2021-03-12 20:31:33",34013.0,3.5227
"2021-03-12 20:36:34",34314.0,3.5227
"2021-03-12 20:41:35",34615.0,3.5227
"2021-03-12 20:46:36",34916.0,3.5227
"2021-03-12 20:51:37",35217.0,3.5227
"2021-03-12 20:56:38",35518.0,3.5227
"2021-03-12 21:01:39",35819.0,3.5227
"2021-03-12 21:06:40",36120.0,3.5227
"2021-03-12 21:11:41",36421.0,3.5227
"2021-03-12 21:16:42",36722.0,3.5227
"2021-03-12 21:21:43",37023.0,3.5227
"2021-03-12 21:26:44",37324.0,3.5227
"2021-03-12 21:31:45",37625.0,3.5227
"2021-03-12 21:36:46",37926.0,3.5227
"2021-03-12 21:41:47",38227.0,3.5227
"2021-03-12 21:46:48",38528.0,3.5227
"2021-03-12 21:51:49",38829.0,3.5227
"2021-03-12 21:56:50",39130.0,3.5227
"2021-03-12 22:01:51",39431.0,3.5227
"2021-03-12 22:06:52",39732.0,3.5227
"2021-03-12 22:11:53",40033.0,3.5227
"2021-03-12 22:16:54",40334.0,3.5227
"2021-03-12 22:21:55",40635.0,3.5227
"2021-03-12 22:26:56",40936.0,3.5227
"2021-03-12 22:31:57",41237.0,3.5227
"2021-03-12 22:36:58",41538.0,3.5227
"2021-03-12 22:41:59",41839.0,3.5227
"2021-03-12 22:47:00",42140.0,3.5227
"2021-03-12 22:52:01",42441.0,3.5227
"2021-03-12 22:57:02",42742.0,3.5227
"2021-03-12 23:02:03",43043.0,3.5227
"2021-03-12 23:07:04",43344.0,3.5227
"2021-03-12 23:12:05",43645.0,3.5227
"2021-03-12 23:17:06",43946.0,3.5227
"2021-03-12 23:22:07",44247.0,3.5227
"2021-03-12 23:27:08",44548.0,3.5227
"2021-03-12 23:32:09",44849.0,3.5227
"2021-03-12 23:37:10",45150.0,3.5227
"2021-03-12 23:42:11",45451.0,3.5227
"2021-03-12 23:47:12",45752.0,3.5227
"2021-03-12 23:52:13",46053.0,3.5227
"2021-03-12 23:57:14",46354.0,3.5227
"2021-03-13 00:02:15",46655.0,3.5227
"2021-03-13 00:07:16",46956.0,3.5227
"2021-03-13 00:12:17",47257.0,3.5227
"2021-03-13 00:17:18",47558.0,3.5227
"2021-03-13 00:22:19",47859.0,3.5227
"2021-03-13 00:27:20",48160.0,3.5227
"2021-03-13 00:32:21",48461.0,3.5227
"2021-03-13 00:37:22",48762.0,3.5227
"2021-03-13 00:42:23",49063.0,3.5227
"2021-03-13 00:47:24",49364.0,3.5227
"2021-03-13 00:52:25",49665.0,3.5227
"2021-03-13 00:57:26",49966.0,3.5227
"2021-03-13 01:02:27",50267.0,3.5227
"2021-03-13 01:07:28",50568.0,3.5227
"2021-03-13 01:12:29",50869.0,3.5227
"2021-03-13 01:17:30",51170.0,3.5227
"2021-03-13 01:22:31",51471.0,3.5227
"2021-03-13 01:27:32",51772.0,3.5227
"2021-03-13 01:32:33",52073.0,3.5227
"2021-03-13 01:37:34",52374.0,3.5227
"2021-03-13 01:42:35",52675.0,3.5227
"2021-03-13 01:47:36",52976.0,3.5227
"2021-03-13 01:52:37",53277.0,3.5227
"2021-03-13 01:57:38",53578.0,3.5227
"2021-03-13 02:02:39",53879.0,3.5227
"2021-03-13 02:07:40",54180.0,3.5227
"2021-03-13 02:12:41",54481.0,3.5227
"2021-03-13 02:17:42",54782.0,3.5227
"2021-03-13 02:22:43",55083.0,3.5227
"2021-03-13 02:27:44",55384.0,3.5227
"2021-03-13 02:32:45",55685.0,3.5227
"2021-03-13 02:37:46",55986.0,3.5227
"2021-03-13 02:42:47",56287.0,3.5227
"2021-03-13 02:47:48",56588.0,3.5227
"2021-03-13 02:52:49",56889.0,3.5227
"2021-03-13 02:57:50",57190.0,3.5227
"2021-03-13 03:02:51",57491.0,3.6847
"2021-03-13 03:07:52",57792.0,3.8542
"2021-03-13 03:12:53",58093.0,4.0315
"2021-03-13 03:17:54",58394.0,4.0315
"2021-03-13 03:22:55",58695.0,4.4109
"2021-03-13 03:27:56",58996.0,5.0481
"2021-03-13 03:32:57",59297.0,4.8261
"2021-03-13 03:37:58",59598.0,5.5232
"2021-03-13 03:42:59",59899.0,6.3209
"2021-03-13 03:48:00",60200.0,6.3209
"2021-03-13 03:53:01",60501.0,7.5667
"2021-03-13 03:58:02",60802.0,9.4746
"2021-03-13 04:03:03",61103.0,9.4746
"2021-03-13 04:08:04",61404.0,12.4094
"2021-03-13 04:13:05",61705.0,15.5384
"2021-03-13 04:18:06",62006.0,20.3514
"2021-03-13 04:23:07",62307.0,20.3514
"2021-03-13 04:28:08",62608.0,24.3623
"2021-03-13 04:33:09",62909.0,29.1638
"2021-03-13 04:38:10",63210.0,34.9115
"2021-03-13 04:43:11",63511.0,34.9115
"2021-03-13 04:48:12",63812.0,41.7921
"2021-03-13 04:53:13",64113.0,41.7921
"2021-03-13 04:58:14",64414.0,39.9542
"2021-03-13 05:03:15",64715.0,45.7253
"2021-03-13 05:08:16",65016.0,54.7370
"2021-03-13 05:13:17",65317.0,54.7370
"2021-03-13 05:18:18",65618.0,68.5390
"2021-03-13 05:23:19",65919.0,82.0470
"2021-03-13 05:28:20",66220.0,82.0470
"2021-03-13 05:33:21",66521.0,98.2172
"2021-03-13 05:38:22",66822.0,112.4039
"2021-03-13 05:43:23",67123.0,128.6397
"2021-03-13 05:48:24",67424.0,128.6397
"2021-03-13 05:53:25",67725.0,147.2207
"2021-03-13 05:58:26",68026.0,161.0762
"2021-03-13 06:03:27",68327.0,161.0762
"2021-03-13 06:08:28",68628.0,184.3423
"2021-03-13 06:13:29",68929.0,201.6915
"2021-03-13 06:18:30",69230.0,201.6915
"2021-03-13 06:23:31",69531.0,220.6734
"2021-03-13 06:28:32",69832.0,241.4418
"2021-03-13 06:33:33",70133.0,241.4418
"2021-03-13 06:38:34",70434.0,252.5479
"2021-03-13 06:43:35",70735.0,276.3161
"2021-03-13 06:48:36",71036.0,289.0264
"2021-03-13 06:53:37",71337.0,289.0264
"2021-03-13 06:58:38",71638.0,289.0264
"2021-03-13 07:03:39",71939.0,289.0264
"2021-03-13 07:08:40",72240.0,289.0264
"2021-03-13 07:13:41",72541.0,289.0264
"2021-03-13 07:18:42",72842.0,289.0264
"2021-03-13 07:23:43",73143.0,289.0264
"2021-03-13 07:28:44",73444.0,289.0264
"2021-03-13 07:33:45",73745.0,289.0264
"2021-03-13 07:38:46",74046.0,289.0264
"2021-03-13 07:43:47",74347.0,289.0264
"2021-03-13 07:48:48",74648.0,289.0264
"2021-03-13 07:53:49",74949.0,289.0264
"2021-03-13 07:58:50",75250.0,289.0264
"2021-03-13 08:03:51",75551.0,289.0264
"2021-03-13 08:08:52",75852.0,289.0264
"2021-03-13 08:13:53",76153.0,289.0264
"2021-03-13 08:18:54",76454.0,289.0264
"2021-03-13 08:23:55",76755.0,289.0264
"2021-03-13 08:28:56",77056.0,289.0264
"2021-03-13 08:33:57",77357.0,289.0264
"2021-03-13 08:38:58",77658.0,289.0264
"2021-03-13 08:43:59",77959.0,289.0264
"2021-03-13 08:49:00",78260.0,289.0264
"2021-03-13 08:54:01",78561.0,289.0264
"2021-03-13 08:59:02",78862.0,289.0264
"2021-03-13 09:04:03",79163.0,289.0264
"2021-03-13 09:09:04",79464.0,289.0264
"2021-03-13 09:14:05",79765.0,289.0264
"2021-03-13 09:19:06",80066.0,289.0264
"2021-03-13 09:24:07",80367.0,289.0264
"2021-03-13 09:29:08",80668.0,289.0264
"2021-03-13 09:34:09",80969.0,289.0264
"2021-03-13 09:39:10",81270.0,289.0264
"2021-03-13 09:44:11",81571.0,289.0264
"2021-03-13 09:49:12",81872.0,289.0264
"2021-03-13 09:54:13",82173.0,289.0264
"2021-03-13 09:59:14",82474.0,289.0264
"2021-03-13 10:04:15",82775.0,302.3213
"2021-03-13 10:09:16",83076.0,289.0264
"2021-03-13 10:14:17",83377.0,289.0264
"2021-03-13 10:19:18",83678.0,289.0264
"2021-03-13 10:24:19",83979.0,289.0264
"2021-03-13 10:29:20",84280.0,289.0264
"2021-03-13 10:34:21",84581.0,289.0264
"2021-03-13 10:39:22",84882.0,289.0264
"2021-03-13 10:44:23",85183.0,289.0264
"2021-03-13 10:49:24",85484.0,289.0264
"2021-03-13 10:54:25",85785.0,289.0264
"2021-03-13 10:59:26",86086.0,289.0264
"2021-03-13 11:04:27",86387.0,289.0264
"2021-03-13 11:09:28",86688.0,289.0264
"2021-03-13 11:14:29",86989.0,289.0264
"2021-03-13 11:19:30",87290.0,289.0264
"2021-03-13 11:24:31",87591.0,289.0264
"2021-03-13 11:29:32",87892.0,289.0264
"2021-03-13 11:34:33",88193.0,289.0264
"2021-03-13 11:39:34",88494.0,289.0264
"2021-03-13 11:44:35",88795.0,289.0264
"2021-03-13 11:49:36",89096.0,289.0264
"2021-03-13 11:54:37",89397.0,289.0264
"2021-03-13 11:59:38",89698.0,289.0264
"2021-03-13 12:04:39",89999.0,289.0264
"2021-03-13 12:09:40",90300.0,289.0264
"2021-03-13 12:14:41",90601.0,289.0264
"2021-03-13 12:19:42",90902.0,289.0264
"2021-03-13 12:24:43",91203.0,289.0264
"2021-03-13 12:29:44",91504.0,289.0264
"2021-03-13 12:34:45",91805.0,289.0264
"2021-03-13 12:39:46",92106.0,289.0264
"2021-03-13 12:44:47",92407.0,289.0264
"2021-03-13 12:49:48",92708.0,289.0264
"2021-03-13 12:54:49",93009.0,289.0264
"2021-03-13 12:59:50",93310.0,289.0264
"2021-03-13 13:04:51",93611.0,289.0264
"2021-03-13 13:09:52",93912.0,289.0264
"2021-03-13 13:14:53",94213.0,289.0264
"2021-03-13 13:19:54",94514.0,289.0264
"2021-03-13 13:24:55",94815.0,289.0264
"2021-03-13 13:29:56",95116.0,289.0264
"2021-03-13 13:34:57",95417.0,289.0264
"2021-03-13 13:39:58",95718.0,289.0264
"2021-03-13 13:44:59",96019.0,289.0264
"2021-03-13 13:50:00",96320.0,289.0264
"2021-03-13 13:55:01",96621.0,289.0264
"2021-03-13 14:00:02",96922.0,289.0264
"2021-03-13 14:05:03",97223.0,289.0264
"2021-03-13 14:10:04",97524.0,289.0264
"2021-03-13 14:15:05",97825.0,289.0264
"2021-03-13 14:20:06",98126.0,289.0264
"2021-03-13 14:25:07",98427.0,289.0264
"2021-03-13 14:30:08",98728.0,289.0264
"2021-03-13 14:35:09",99029.0,302.3213
"2021-03-13 14:40:10",99330.0,289.0264
"2021-03-13 14:45:11",99631.0,289.0264
"2021-03-13 14:50:12",99932.0,289.0264
"2021-03-13 14:55:13",100233.0,289.0264
"2021-03-13 15:00:14",100534.0,289.0264
"2021-03-13 15:05:15",100835.0,276.3161
"2021-03-13 15:10:16",101136.0,276.3161
"2021-03-13 15:15:17",101437.0,264.1648
"2021-03-13 15:20:18",101738.0,241.4418
"2021-03-13 15:25:19",102039.0,241.4418
"2021-03-13 15:30:20",102340.0,220.6734
"2021-03-13 15:35:21",102641.0,201.6915
"2021-03-13 15:40:22",102942.0,201.6915
"2021-03-13 15:45:23",103243.0,184.3423
"2021-03-13 15:50:24",103544.0,168.4855
"2021-03-13 15:55:25",103845.0,147.2207
"2021-03-13 16:00:26",104146.0,147.2207
"2021-03-13 16:05:27",104447.0,128.6397
"2021-03-13 16:10:28",104748.0,112.4039
"2021-03-13 16:15:29",105049.0,112.4039
"2021-03-13 16:20:30",105350.0,98.2172
"2021-03-13 16:25:31",105651.0,82.0470
"2021-03-13 16:30:32",105952.0,82.0470
"2021-03-13 16:35:33",106253.0,68.5390
"2021-03-13 16:40:34",106554.0,57.2549
"2021-03-13 16:45:35",106855.0,54.7370
"2021-03-13 16:50:36",107156.0,47.8286
"2021-03-13 16:55:37",107457.0,41.7921
"2021-03-13 17:00:38",107758.0,41.7921
"2021-03-13 17:05:39",108059.0,41.7921
"2021-03-13 17:10:40",108360.0,34.9115
"2021-03-13 17:15:41",108661.0,29.1638
"2021-03-13 17:20:42",108962.0,29.1638
"2021-03-13 17:25:43",109263.0,24.3623
"2021-03-13 17:30:44",109564.0,20.3514
"2021-03-13 17:35:45",109865.0,20.3514
"2021-03-13 17:40:46",110166.0,15.5384
"2021-03-13 17:45:47",110467.0,12.4094
"2021-03-13 17:50:48",110768.0,9.9105
"2021-03-13 17:55:49",111069.0,9.9105
"2021-03-13 18:00:50",111370.0,7.9148
"2021-03-13 18:05:51",111671.0,6.6117
"2021-03-13 18:10:52",111972.0,6.6117
"2021-03-13 18:15:53",112273.0,5.5232
"2021-03-13 18:20:54",112574.0,5.0481
"2021-03-13 18:25:55",112875.0,5.0481
"2021-03-13 18:30:56",113176.0,4.4109
"2021-03-13 18:35:57",113477.0,4.0315
"2021-03-13 18:40:58",113778.0,4.0315
"2021-03-13 18:45:59",114079.0,3.6847
"2021-03-13 18:51:00",114380.0,3.6847
"2021-03-13 18:56:01",114681.0,3.6847
"2021-03-13 19:01:02",114982.0,3.6847
"2021-03-13 19:06:03",115283.0,3.5227
"2021-03-13 19:11:04",115584.0,3.5227
"2021-03-13 19:16:05",115885.0,3.5227
"2021-03-13 19:21:06",116186.0,3.5227
"2021-03-13 19:26:07",116487.0,3.5227
"2021-03-13 19:31:08",116788.0,3.5227
"2021-03-13 19:36:09",117089.0,3.5227
"2021-03-13 19:41:10",117390.0,3.5227
"2021-03-13 19:46:11",117691.0,3.5227
"2021-03-13 19:51:12",117992.0,3.5227
"2021-03-13 19:56:13",118293.0,3.5227
"2021-03-13 20:01:14",118594.0,3.5227
"2021-03-13 20:06:15",118895.0,3.5227
"2021-03-13 20:11:16",119196.0,3.5227
"2021-03-13 20:16:17",119497.0,3.5227
"2021-03-13 20:21:18",119798.0,3.5227
"2021-03-13 20:26:19",120099.0,3.5227
"2021-03-13 20:31:20",120400.0,3.5227
"2021-03-13 20:36:21",120701.0,3.5227
"2021-03-13 20:41:22",121002.0,3.5227
"2021-03-13 20:46:23",121303.0,3.5227
"2021-03-13 20:51:24",121604.0,3.5227
"2021-03-13 20:56:25",121905.0,3.5227
"2021-03-13 21:01:26",122206.0,3.5227
"2021-03-13 21:06:27",122507.0,3.5227
"2021-03-13 21:11:28",122808.0,3.5227
"2021-03-13 21:16:29",123109.0,3.5227
"2021-03-13 21:21:30",123410.0,3.5227
"2021-03-13 21:26:31",123711.0,3.5227
"2021-03-13 21:31:32",124012.0,3.5227
"2021-03-13 21:36:33",124313.0,3.5227
"2021-03-13 21:41:34",124614.0,3.5227
"2021-03-13 21:46:35",124915.0,3.5227
"2021-03-13 21:51:36",125216.0,3.5227
"2021-03-13 21:56:37",125517.0,3.5227
"2021-03-13 22:01:38",125818.0,3.5227
"2021-03-13 22:06:39",126119.0,3.5227
"2021-03-13 22:11:40",126420.0,3.5227
"2021-03-13 22:16:41",126721.0,3.5227
"2021-03-13 22:21:42",127022.0,3.5227
"2021-03-13 22:26:43",127323.0,3.5227
"2021-03-13 22:31:44",127624.0,3.5227
"2021-03-13 22:36:45",127925.0,3.5227
"2021-03-13 22:41:46",128226.0,3.5227
"2021-03-13 22:46:47",128527.0,3.5227
"2021-03-13 22:51:48",128828.0,3.5227
"2021-03-13 22:56:49",129129.0,3.5227
"2021-03-13 23:01:50",129430.0,3.5227
"2021-03-13 23:06:51",129731.0,3.5227
"2021-03-13 23:11:52",130032.0,3.5227
"2021-03-13 23:16:53",130333.0,3.5227
"2021-03-13 23:21:54",130634.0,3.5227
"2021-03-13 23:26:55",130935.0,3.5227
"2021-03-13 23:31:56",131236.0,3.5227
"2021-03-13 23:36:57",131537.0,3.5227
"2021-03-13 23:41:58",131838.0,3.5227
"2021-03-13 23:46:59",132139.0,3.5227
"2021-03-13 23:52:00",132440.0,3.5227
"2021-03-13 23:57:01",132741.0,3.5227
"2021-03-14 00:02:02",133042.0,3.5227
"2021-03-14 00:07:03",133343.0,3.5227
"2021-03-14 00:12:04",133644.0,3.5227
"2021-03-14 00:17:05",133945.0,3.5227
"2021-03-14 00:22:06",134246.0,3.5227
"2021-03-14 00:27:07",134547.0,3.5227
"2021-03-14 00:32:08",134848.0,3.5227
"2021-03-14 00:37:09",135149.0,3.5227
"2021-03-14 00:42:10",135450.0,3.5227
"2021-03-14 00:47:11",135751.0,3.5227
"2021-03-14 00:52:12",136052.0,3.5227
"2021-03-14 00:57:13",136353.0,3.5227
"2021-03-14 01:02:14",136654.0,3.5227
"2021-03-14 01:07:15",136955.0,3.5227
"2021-03-14 01:12:16",137256.0,3.5227
"2021-03-14 01:17:17",137557.0,3.5227
"2021-03-14 01:22:18",137858.0,3.5227
"2021-03-14 01:27:19",138159.0,3.5227
"2021-03-14 01:32:20",138460.0,3.5227
"2021-03-14 01:37:21",138761.0,3.5227
"2021-03-14 01:42:22",139062.0,3.5227
"2021-03-14 01:47:23",139363.0,3.5227
"2021-03-14 01:52:24",139664.0,3.5227
"2021-03-14 01:57:25",139965.0,3.5227
"2021-03-14 02:02:26",140266.0,3.5227
"2021-03-14 02:07:27",140567.0,3.5227
"2021-03-14 02:12:28",140868.0,3.5227
"2021-03-14 02:17:29",141169.0,3.5227
"2021-03-14 02:22:30",141470.0,3.5227
"2021-03-14 02:27:31",141771.0,3.5227
"2021-03-14 02:32:32",142072.0,3.5227
"2021-03-14 02:37:33",142373.0,3.5227
"2021-03-14 02:42:34",142674.0,3.5227
"2021-03-14 02:47:35",142975.0,3.5227
"2021-03-14 02:52:36",143276.0,3.5227
"2021-03-14 02:57:37",143577.0,3.5227
"2021-03-14 03:02:38",143878.0,3.6847
"2021-03-14 03:07:39",144179.0,3.8542
"2021-03-14 03:12:40",144480.0,4.0315
"2021-03-14 03:17:41",144781.0,4.0315
"2021-03-14 03:22:42",145082.0,4.4109
"2021-03-14 03:27:43",145383.0,4.8261
"2021-03-14 03:32:44",145684.0,4.8261
"2021-03-14 03:37:45",145985.0,5.7772
"2021-03-14 03:42:46",146286.0,6.3209
"2021-03-14 03:47:47",146587.0,6.6117
"2021-03-14 03:52:48",146888.0,7.5667
"2021-03-14 03:57:49",147189.0,9.9105
"2021-03-14 04:02:50",147490.0,9.9105
"2021-03-14 04:07:51",147791.0,12.4094
"2021-03-14 04:12:52",148092.0,16.2531
"2021-03-14 04:17:53",148393.0,20.3514
"2021-03-14 04:22:54",148694.0,20.3514
"2021-03-14 04:27:55",148995.0,24.3623
"2021-03-14 04:32:56",149296.0,29.1638
"2021-03-14 04:37:57",149597.0,29.1638
"2021-03-14 04:42:58",149898.0,34.9115
"2021-03-14 04:47:59",150199.0,41.7921
"2021-03-14 04:53:00",150500.0,41.7921
"2021-03-14 04:58:01",150801.0,41.7921
"2021-03-14 05:03:02",151102.0,47.8286
"2021-03-14 05:08:03",151403.0,54.7370
"2021-03-14 05:13:04",151704.0,54.7370
"2021-03-14 05:18:05",152005.0,68.5390
"2021-03-14 05:23:06",152306.0,82.0470
"2021-03-14 05:28:07",152607.0,82.0470
"2021-03-14 05:33:08",152908.0,98.2172
"2021-03-14 05:38:09",153209.0,112.4039
"2021-03-14 05:43:10",153510.0,128.6397
"2021-03-14 05:48:11",153811.0,128.6397
"2021-03-14 05:53:12",154112.0,147.2207
"2021-03-14 05:58:13",154413.0,161.0762
"2021-03-14 06:03:14",154714.0,168.4855
"2021-03-14 06:08:15",155015.0,184.3423
"2021-03-14 06:13:16",155316.0,201.6915
"2021-03-14 06:18:17",155617.0,201.6915
"2021-03-14 06:23:18",155918.0,220.6734
"2021-03-14 06:28:19",156219.0,241.4418
"2021-03-14 06:33:20",156520.0,241.4418
"2021-03-14 06:38:21",156821.0,252.5479
"2021-03-14 06:43:22",157122.0,276.3161
"2021-03-14 06:48:23",157423.0,289.0264
"2021-03-14 06:53:24",157724.0,289.0264
"2021-03-14 06:58:25",158025.0,289.0264
"2021-03-14 07:03:26",158326.0,289.0264
"2021-03-14 07:08:27",158627.0,289.0264
"2021-03-14 07:13:28",158928.0,289.0264
"2021-03-14 07:18:29",159229.0,289.0264
"2021-03-14 07:23:30",159530.0,289.0264
"2021-03-14 07:28:31",159831.0,289.0264
"2021-03-14 07:33:32",160132.0,289.0264
"2021-03-14 07:38:33",160433.0,289.0264
"2021-03-14 07:43:34",160734.0,289.0264
"2021-03-14 07:48:35",161035.0,289.0264
"2021-03-14 07:53:36",161336.0,289.0264
"2021-03-14 07:58:37",161637.0,289.0264
"2021-03-14 08:03:38",161938.0,289.0264
"2021-03-14 08:08:39",162239.0,289.0264
"2021-03-14 08:13:40",162540.0,289.0264
"2021-03-14 08:18:41",162841.0,289.0264
"2021-03-14 08:23:42",163142.0,289.0264
"2021-03-14 08:28:43",163443.0,289.0264
"2021-03-14 08:33:44",163744.0,289.0264
"2021-03-14 08:38:45",164045.0,289.0264
"2021-03-14 08:43:46",164346.0,289.0264
"2021-03-14 08:48:47",164647.0,289.0264
"2021-03-14 08:53:48",164948.0,302.3213
"2021-03-14 08:58:49",165249.0,289.0264
"2021-03-14 09:03:50",165550.0,289.0264
"2021-03-14 09:08:51",165851.0,302.3213
"2021-03-14 09:13:52",166152.0,289.0264
"2021-03-14 09:18:53",166453.0,289.0264
"2021-03-14 09:23:54",166754.0,289.0264
"2021-03-14 09:28:55",167055.0,289.0264
"2021-03-14 09:33:56",167356.0,289.0264
"2021-03-14 09:38:57",167657.0,289.0264
"2021-03-14 09:43:58",167958.0,289.0264
"2021-03-14 09:48:59",168259.0,289.0264
"2021-03-14 09:54:00",168560.0,289.0264
"2021-03-14 09:59:01",168861.0,289.0264
"2021-03-14 10:04:02",169162.0,289.0264
"2021-03-14 10:09:03",169463.0,289.0264
"2021-03-14 10:14:04",169764.0,289.0264
"2021-03-14 10:19:05",170065.0,289.0264
"2021-03-14 10:24:06",170366.0,289.0264
"2021-03-14 10:29:07",170667.0,289.0264
"2021-03-14 10:34:08",170968.0,289.0264
"2021-03-14 10:39:09",171269.0,289.0264
"2021-03-14 10:44:10",171570.0,289.0264
"2021-03-14 10:49:11",171871.0,289.0264
"2021-03-14 10:54:12",172172.0,289.0264
"2021-03-14 10:59:13",172473.0,289.0264
"2021-03-14 11:04:14",172774.0,289.0264
"2021-03-14 11:09:15",173075.0,302.3213
"2021-03-14 11:14:16",173376.0,289.0264
"2021-03-14 11:19:17",173677.0,289.0264
"2021-03-14 11:24:18",173978.0,302.3213
"2021-03-14 11:29:19",174279.0,289.0264
"2021-03-14 11:34:20",174580.0,289.0264
"2021-03-14 11:39:21",174881.0,289.0264
"2021-03-14 11:44:22",175182.0,289.0264
"2021-03-14 11:49:23",175483.0,289.0264
"2021-03-14 11:54:24",175784.0,289.0264
"2021-03-14 11:59:25",176085.0,289.0264
"2021-03-14 12:04:26",176386.0,289.0264
"2021-03-14 12:09:27",176687.0,289.0264
"2021-03-14 12:14:28",176988.0,289.0264
"2021-03-14 12:19:29",177289.0,289.0264
"2021-03-14 12:24:30",177590.0,289.0264
"2021-03-14 12:29:31",177891.0,289.0264
"2021-03-14 12:34:32",178192.0,289.0264
"2021-03-14 12:39:33",178493.0,289.0264
"2021-03-14 12:44:34",178794.0,289.0264
"2021-03-14 12:49:35",179095.0,289.0264
"2021-03-14 12:54:36",179396.0,289.0264
"2021-03-14 12:59:37",179697.0,289.0264
"2021-03-14 13:04:38",179998.0,289.0264
"2021-03-14 13:09:39",180299.0,289.0264
"2021-03-14 13:14:40",180600.0,289.0264
"2021-03-14 13:19:41",180901.0,289.0264
"2021-03-14 13:24:42",181202.0,289.0264
"2021-03-14 13:29:43",181503.0,289.0264
"2021-03-14 13:34:44",181804.0,289.0264
"2021-03-14 13:39:45",182105.0,289.0264
"2021-03-14 13:44:46",182406.0,289.0264
"2021-03-14 13:49:47",182707.0,289.0264
"2021-03-14 13:54:48",183008.0,289.0264
"2021-03-14 13:59:49",183309.0,289.0264
"2021-03-14 14:04:50",183610.0,289.0264
"2021-03-14 14:09:51",183911.0,289.0264
"2021-03-14 14:14:52",184212.0,289.0264
"2021-03-14 14:19:53",184513.0,289.0264
"2021-03-14 14:24:54",184814.0,289.0264
"2021-03-14 14:29:55",185115.0,289.0264
"2021-03-14 14:34:56",185416.0,289.0264
"2021-03-14 14:39:57",185717.0,289.0264
"2021-03-14 14:44:58",186018.0,289.0264
"2021-03-14 14:49:59",186319.0,289.0264
"2021-03-14 14:55:00",186620.0,302.3213
"2021-03-14 15:00:01",186921.0,289.0264
"2021-03-14 15:05:02",187222.0,289.0264
"2021-03-14 15:10:03",187523.0,276.3161
"2021-03-14 15:15:04",187824.0,264.1648
"2021-03-14 15:20:05",188125.0,241.4418
"2021-03-14 15:25:06",188426.0,241.4418
"2021-03-14 15:30:07",188727.0,220.6734
"2021-03-14 15:35:08",189028.0,201.6915
"2021-03-14 15:40:09",189329.0,201.6915
"2021-03-14 15:45:10",189630.0,184.3423
"2021-03-14 15:50:11",189931.0,168.4855
"2021-03-14 15:55:12",190232.0,147.2207
"2021-03-14 16:00:13",190533.0,147.2207
"2021-03-14 16:05:14",190834.0,128.6397
"2021-03-14 16:10:15",191135.0,112.4039
"2021-03-14 16:15:16",191436.0,112.4039
"2021-03-14 16:20:17",191737.0,98.2172
"2021-03-14 16:25:18",192038.0,82.0470
"2021-03-14 16:30:19",192339.0,82.0470
"2021-03-14 16:35:20",192640.0,68.5390
"2021-03-14 16:40:21",192941.0,57.2549
"2021-03-14 16:45:22",193242.0,57.2549
"2021-03-14 16:50:23",193543.0,47.8286
"2021-03-14 16:55:24",193844.0,41.7921
"2021-03-14 17:00:25",194145.0,41.7921
"2021-03-14 17:05:26",194446.0,41.7921
"2021-03-14 17:10:27",194747.0,34.9115
"2021-03-14 17:15:28",195048.0,30.5053
"2021-03-14 17:20:29",195349.0,29.1638
"2021-03-14 17:25:30",195650.0,24.3623
"2021-03-14 17:30:31",195951.0,20.3514
"2021-03-14 17:35:32",196252.0,20.3514
"2021-03-14 17:40:33",196553.0,15.5384
"2021-03-14 17:45:34",196854.0,12.4094
"2021-03-14 17:50:35",197155.0,9.9105
"2021-03-14 17:55:36",197456.0,9.9105
"2021-03-14 18:00:37",197757.0,7.5667
"2021-03-14 18:05:38",198058.0,6.6117
"2021-03-14 18:10:39",198359.0,6.6117
"2021-03-14 18:15:40",198660.0,5.7772
"2021-03-14 18:20:41",198961.0,5.0481
"2021-03-14 18:25:42",199262.0,5.0481
"2021-03-14 18:30:43",199563.0,4.4109
"2021-03-14 18:35:44",199864.0,4.0315
"2021-03-14 18:40:45",200165.0,4.0315
"2021-03-14 18:45:46",200466.0,3.8542
"2021-03-14 18:50:47",200767.0,3.6847
"2021-03-14 18:55:48",201068.0,3.6847
"2021-03-14 19:00:49",201369.0,3.6847
"2021-03-14 19:05:50",201670.0,3.5227
"2021-03-14 19:10:51",201971.0,3.5227
"2021-03-14 19:15:52",202272.0,3.5227
"2021-03-14 19:20:53",202573.0,3.5227
"2021-03-14 19:25:54",202874.0,3.5227
"2021-03-14 19:30:55",203175.0,3.5227
"2021-03-14 19:35:56",203476.0,3.5227
"2021-03-14 19:40:57",203777.0,3.5227
"2021-03-14 19:45:58",204078.0,3.5227
"2021-03-14 19:50:59",204379.0,3.5227
"2021-03-14 19:56:00",204680.0,3.5227
"2021-03-14 20:01:01",204981.0,3.5227
"2021-03-14 20:06:02",205282.0,3.5227
"2021-03-14 20:11:03",205583.0,3.5227
"2021-03-14 20:16:04",205884.0,3.5227
"2021-03-14 20:21:05",206185.0,3.5227
"2021-03-14 20:26:06",206486.0,3.5227
"2021-03-14 20:31:07",206787.0,3.5227
"2021-03-14 20:36:08",207088.0,3.5227
"2021-03-14 20:41:09",207389.0,3.5227
"2021-03-14 20:46:10",207690.0,3.5227
"2021-03-14 20:51:11",207991.0,3.5227
"2021-03-14 20:56:12",208292.0,3.5227
"2021-03-14 21:01:13",208593.0,3.5227
"2021-03-14 21:06:14",208894.0,3.5227
"2021-03-14 21:11:15",209195.0,3.5227
"2021-03-14 21:16:16",209496.0,3.5227
"2021-03-14 21:21:17",209797.0,3.5227
"2021-03-14 21:26:18",210098.0,3.5227
"2021-03-14 21:31:19",210399.0,3.5227
"2021-03-14 21:36:20",210700.0,3.5227
"2021-03-14 21:41:21",211001.0,3.5227
"2021-03-14 21:46:22",211302.0,3.5227
"2021-03-14 21:51:23",211603.0,3.5227
"2021-03-14 21:56:24",211904.0,3.5227
"2021-03-14 22:01:25",212205.0,3.5227
"2021-03-14 22:06:26",212506.0,3.5227
"2021-03-14 22:11:27",212807.0,3.5227
"2021-03-14 22:16:28",213108.0,3.5227
"2021-03-14 22:21:29",213409.0,3.5227
"2021-03-14 22:26:30",213710.0,3.5227
"2021-03-14 22:31:31",214011.0,3.5227
"2021-03-14 22:36:32",214312.0,3.5227
"2021-03-14 22:41:33",214613.0,3.5227
"2021-03-14 22:46:34",214914.0,3.5227
"2021-03-14 22:51:35",215215.0,3.5227
"2021-03-14 22:56:36",215516.0,3.5227
"2021-03-14 23:01:37",215817.0,3.5227
"2021-03-14 23:06:38",216118.0,3.5227
"2021-03-14 23:11:39",216419.0,3.5227
"2021-03-14 23:16:40",216720.0,3.5227
"2021-03-14 23:21:41",217021.0,3.5227
"2021-03-14 23:26:42",217322.0,3.5227
"2021-03-14 23:31:43",217623.0,3.5227
"2021-03-14 23:36:44",217924.0,3.5227
"2021-03-14 23:41:45",218225.0,3.5227
"2021-03-14 23:46:46",218526.0,3.5227
"2021-03-14 23:51:47",218827.0,3.5227
"2021-03-14 23:56:48",219128.0,3.5227
"2021-03-15 00:01:49",219429.0,3.5227
"2021-03-15 00:06:50",219730.0,3.5227
"2021-03-15 00:11:51",220031.0,3.5227
"2021-03-15 00:16:52",220332.0,3.5227
"2021-03-15 00:21:53",220633.0,3.5227
"2021-03-15 00:26:54",220934.0,3.5227
"2021-03-15 00:31:55",221235.0,3.5227
"2021-03-15 00:36:56",221536.0,3.5227
"2021-03-15 00:41:57",221837.0,3.5227
"2021-03-15 00:46:58",222138.0,3.5227
"2021-03-15 00:51:59",222439.0,3.5227
"2021-03-15 00:57:00",222740.0,3.5227
"2021-03-15 01:02:01",223041.0,3.5227
"2021-03-15 01:07:02",223342.0,3.5227
"2021-03-15 01:12:03",223643.0,3.5227
"2021-03-15 01:17:04",223944.0,3.5227
"2021-03-15 01:22:05",224245.0,3.5227
"2021-03-15 01:27:06",224546.0,3.5227
"2021-03-15 01:32:07",224847.0,3.5227
"2021-03-15 01:37:08",225148.0,3.5227
"2021-03-15 01:42:09",225449.0,3.5227
"2021-03-15 01:47:10",225750.0,3.5227
"2021-03-15 01:52:11",226051.0,3.5227
"2021-03-15 01:57:12",226352.0,3.5227
"2021-03-15 02:02:13",226653.0,3.5227
"2021-03-15 02:07:14",226954.0,3.5227
"2021-03-15 02:12:15",227255.0,3.5227
"2021-03-15 02:17:16",227556.0,3.5227
"2021-03-15 02:22:17",227857.0,3.5227
"2021-03-15 02:27:18",228158.0,3.5227
"2021-03-15 02:32:19",228459.0,3.5227
"2021-03-15 02:37:20",228760.0,3.5227
"2021-03-15 02:42:21",229061.0,3.5227
"2021-03-15 02:47:22",229362.0,3.5227
"2021-03-15 02:52:23",229663.0,3.5227
"2021-03-15 02:57:24",229964.0,3.5227
"2021-03-15 03:02:25",230265.0,3.6847
"2021-03-15 03:07:26",230566.0,3.8542
"2021-03-15 03:12:27",230867.0,4.0315
"2021-03-15 03:17:28",231168.0,4.0315
"2021-03-15 03:22:29",231469.0,4.4109
"2021-03-15 03:27:30",231770.0,5.0481
"2021-03-15 03:32:31",232071.0,5.0481
"2021-03-15 03:37:32",232372.0,5.5232
"2021-03-15 03:42:33",232673.0,6.6117
"2021-03-15 03:47:34",232974.0,6.6117
"2021-03-15 03:52:35",233275.0,7.5667
"2021-03-15 03:57:36",233576.0,9.9105
"2021-03-15 04:02:37",233877.0,9.9105
"2021-03-15 04:07:38",234178.0,12.4094
"2021-03-15 04:12:39",234479.0,15.5384
"2021-03-15 04:17:40",234780.0,20.3514
"2021-03-15 04:22:41",235081.0,20.3514
"2021-03-15 04:27:42",235382.0,24.3623
"2021-03-15 04:32:43",235683.0,29.1638
"2021-03-15 04:37:44",235984.0,29.1638
"2021-03-15 04:42:45",236285.0,34.9115
"2021-03-15 04:47:46",236586.0,41.7921
"2021-03-15 04:52:47",236887.0,41.7921
"2021-03-15 04:57:48",237188.0,41.7921
"2021-03-15 05:02:49",237489.0,47.8286
"2021-03-15 05:07:50",237790.0,54.7370
"2021-03-15 05:12:51",238091.0,57.2549
"2021-03-15 05:17:52",238392.0,68.5390
"2021-03-15 05:22:53",238693.0,82.0470
"2021-03-15 05:27:54",238994.0,82.0470
"2021-03-15 05:32:55",239295.0,98.2172
"2021-03-15 05:37:56",239596.0,112.4039
"2021-03-15 05:42:57",239897.0,112.4039
"2021-03-15 05:47:58",240198.0,128.6397
"2021-03-15 05:52:59",240499.0,147.2207
"2021-03-15 05:58:00",240800.0,147.2207
"2021-03-15 06:03:01",241101.0,168.4855
"2021-03-15 06:08:02",241402.0,184.3423
"2021-03-15 06:13:03",241703.0,201.6915
"2021-03-15 06:18:04",242004.0,201.6915
"2021-03-15 06:23:05",242305.0,220.6734
"2021-03-15 06:28:06",242606.0,241.4418
"2021-03-15 06:33:07",242907.0,241.4418
"2021-03-15 06:38:08",243208.0,264.1648
"2021-03-15 06:43:09",243509.0,276.3161
"2021-03-15 06:48:10",243810.0,289.0264
"2021-03-15 06:53:11",244111.0,302.3213
"2021-03-15 06:58:12",244412.0,302.3213
"2021-03-15 07:03:13",244713.0,289.0264
"2021-03-15 07:08:14",245014.0,289.0264
"2021-03-15 07:13:15",245315.0,289.0264
"2021-03-15 07:18:16",245616.0,289.0264
"2021-03-15 07:23:17",245917.0,289.0264
"2021-03-15 07:28:18",246218.0,289.0264
"2021-03-15 07:33:19",246519.0,289.0264
"2021-03-15 07:38:20",246820.0,289.0264
"2021-03-15 07:43:21",247121.0,289.0264
"2021-03-15 07:48:22",247422.0,289.0264
"2021-03-15 07:53:23",247723.0,289.0264
"2021-03-15 07:58:24",248024.0,289.0264
"2021-03-15 08:03:25",248325.0,289.0264
"2021-03-15 08:08:26",248626.0,289.0264
"2021-03-15 08:13:27",248927.0,289.0264
"2021-03-15 08:18:28",249228.0,289.0264
"2021-03-15 08:23:29",249529.0,289.0264
"2021-03-15 08:28:30",249830.0,289.0264
"2021-03-15 08:33:31",250131.0,289.0264
"2021-03-15 08:38:32",250432.0,289.0264
"2021-03-15 08:43:33",250733.0,289.0264
"2021-03-15 08:48:34",251034.0,289.0264
"2021-03-15 08:53:35",251335.0,289.0264
"2021-03-15 08:58:36",251636.0,289.0264
"2021-03-15 09:03:37",251937.0,289.0264
