"Date and Time","Time (seconds)","D66 (lx)"
"2021-03-01 18:36:07",0.0,679.2525
"2021-03-01 18:46:07",600.0,567.4221
"2021-03-01 18:56:07",1200.0,567.4221
"2021-03-01 19:06:07",1800.0,710.4974
"2021-03-01 19:16:07",2400.0,679.2525
"2021-03-01 19:26:07",3000.0,649.3816
"2021-03-01 19:36:07",3600.0,4.6138
"2021-03-01 19:46:07",4200.0,4.6138
"2021-03-01 19:56:07",4800.0,4.6138
"2021-03-01 20:06:07",5400.0,4.8261
"2021-03-01 20:16:07",6000.0,4.8261
"2021-03-01 20:26:07",6600.0,4.8261
"2021-03-01 20:36:07",7200.0,4.6138
"2021-03-01 20:46:07",7800.0,4.6138
"2021-03-01 20:56:07",8400.0,4.6138
"2021-03-01 21:06:07",9000.0,4.6138
"2021-03-01 21:16:07",9600.0,4.6138
"2021-03-01 21:26:07",10200.0,4.6138
"2021-03-01 21:36:07",10800.0,4.6138
"2021-03-01 21:46:07",11400.0,4.6138
"2021-03-01 21:56:07",12000.0,4.6138
"2021-03-01 22:06:07",12600.0,4.6138
"2021-03-01 22:16:07",13200.0,4.6138
"2021-03-01 22:26:07",13800.0,4.6138
"2021-03-01 22:36:07",14400.0,4.6138
"2021-03-01 22:46:07",15000.0,4.6138
"2021-03-01 22:56:07",15600.0,4.6138
"2021-03-01 23:06:07",16200.0,4.6138
"2021-03-01 23:16:07",16800.0,4.6138
"2021-03-01 23:26:07",17400.0,4.6138
"2021-03-01 23:36:07",18000.0,4.6138
"2021-03-01 23:46:07",18600.0,4.6138
"2021-03-01 23:56:07",19200.0,4.6138
"2021-03-02 00:06:07",19800.0,4.6138
"2021-03-02 00:16:07",20400.0,4.6138
"2021-03-02 00:26:07",21000.0,4.6138
"2021-03-02 00:36:07",21600.0,4.4109
"2021-03-02 00:46:07",22200.0,4.4109
"2021-03-02 00:56:07",22800.0,4.4109
"2021-03-02 01:06:07",23400.0,4.6138
"2021-03-02 01:16:07",24000.0,4.6138
"2021-03-02 01:26:07",24600.0,4.4109
"2021-03-02 01:36:07",25200.0,4.4109
"2021-03-02 01:46:07",25800.0,4.4109
"2021-03-02 01:56:07",26400.0,4.6138
"2021-03-02 02:06:07",27000.0,4.4109
"2021-03-02 02:16:07",27600.0,4.4109
"2021-03-02 02:26:07",28200.0,4.4109
"2021-03-02 02:36:07",28800.0,4.6138
"2021-03-02 02:46:07",29400.0,4.4109
"2021-03-02 02:56:07",30000.0,4.4109
"2021-03-02 03:06:07",30600.0,4.6138
"2021-03-02 03:16:07",31200.0,4.4109
"2021-03-02 03:26:07",31800.0,4.4109
"2021-03-02 03:36:07",32400.0,4.4109
"2021-03-02 03:46:07",33000.0,4.4109
"2021-03-02 03:56:07",33600.0,4.6138
"2021-03-02 04:06:07",34200.0,4.4109
"2021-03-02 04:16:07",34800.0,4.4109
"2021-03-02 04:26:07",35400.0,4.4109
"2021-03-02 04:36:07",36000.0,4.4109
"2021-03-02 04:46:07",36600.0,4.6138
"2021-03-02 04:56:07",37200.0,4.6138
"2021-03-02 05:06:07",37800.0,4.6138
"2021-03-02 05:16:07",38400.0,5.0481
"2021-03-02 05:26:07",39000.0,5.7772
"2021-03-02 05:36:07",39600.0,6.6117
"2021-03-02 05:46:07",40200.0,8.2788
"2021-03-02 05:56:07",40800.0,12.4094
"2021-03-02 06:06:07",41400.0,19.4564
"2021-03-02 06:16:07",42000.0,27.8813
"2021-03-02 06:26:07",42600.0,16.2531
"2021-03-02 06:36:07",43200.0,38.1972
"2021-03-02 06:46:07",43800.0,41.7921
"2021-03-02 06:56:07",44400.0,57.2549
"2021-03-02 07:06:07",45000.0,65.5249
"2021-03-02 07:16:07",45600.0,89.7687
"2021-03-02 07:26:07",46200.0,117.5743
"2021-03-02 07:36:07",46800.0,147.2207
"2021-03-02 07:46:07",47400.0,710.4974
"2021-03-02 07:56:07",48000.0,649.3816
"2021-03-02 08:06:07",48600.0,593.5229
"2021-03-02 08:16:07",49200.0,593.5229
"2021-03-02 08:26:07",49800.0,679.2525
"2021-03-02 08:36:07",50400.0,777.3650
"2021-03-02 08:46:07",51000.0,743.1795
"2021-03-02 08:56:07",51600.0,777.3650
"2021-03-02 09:06:07",52200.0,1064.9856
"2021-03-02 09:16:07",52800.0,850.5258
"2021-03-02 09:26:07",53400.0,850.5258
"2021-03-02 09:36:07",54000.0,889.6491
"2021-03-02 09:46:07",54600.0,889.6491
"2021-03-02 09:56:07",55200.0,679.2525
"2021-03-02 10:06:07",55800.0,620.8244
"2021-03-02 10:16:07",56400.0,813.1230
"2021-03-02 10:26:07",57000.0,649.3816
"2021-03-02 10:36:07",57600.0,813.1230
"2021-03-02 10:46:07",58200.0,777.3650
"2021-03-02 10:56:07",58800.0,710.4974
"2021-03-02 11:06:07",59400.0,930.5720
"2021-03-02 11:16:07",60000.0,813.1230
"2021-03-02 11:26:07",60600.0,850.5258
"2021-03-02 11:36:07",61200.0,777.3650
"2021-03-02 11:46:07",61800.0,649.3816
"2021-03-02 11:56:07",62400.0,889.6491
"2021-03-02 12:06:07",63000.0,930.5720
"2021-03-02 12:16:07",63600.0,930.5720
"2021-03-02 12:26:07",64200.0,649.3816
"2021-03-02 12:36:07",64800.0,777.3650
"2021-03-02 12:46:07",65400.0,743.1795
"2021-03-02 12:56:07",66000.0,710.4974
"2021-03-02 13:06:07",66600.0,743.1795
"2021-03-02 13:16:07",67200.0,813.1230
"2021-03-02 13:26:07",67800.0,743.1795
"2021-03-02 13:36:07",68400.0,743.1795
"2021-03-02 13:46:07",69000.0,777.3650
"2021-03-02 13:56:07",69600.0,620.8244
"2021-03-02 14:06:07",70200.0,710.4974
"2021-03-02 14:16:07",70800.0,649.3816
"2021-03-02 14:26:07",71400.0,649.3816
"2021-03-02 14:36:07",72000.0,620.8244
"2021-03-02 14:46:07",72600.0,679.2525
"2021-03-02 14:56:07",73200.0,649.3816
"2021-03-02 15:06:07",73800.0,593.5229
"2021-03-02 15:16:07",74400.0,593.5229
"2021-03-02 15:26:07",75000.0,679.2525
"2021-03-02 15:36:07",75600.0,679.2525
"2021-03-02 15:46:07",76200.0,620.8244
"2021-03-02 15:56:07",76800.0,620.8244
"2021-03-02 16:06:07",77400.0,649.3816
"2021-03-02 16:16:07",78000.0,679.2525
"2021-03-02 16:26:07",78600.0,620.8244
"2021-03-02 16:36:07",79200.0,593.5229
"2021-03-02 16:46:07",79800.0,593.5229
"2021-03-02 16:56:07",80400.0,4.8261
"2021-03-02 17:06:07",81000.0,4.8261
"2021-03-02 17:16:07",81600.0,4.8261
"2021-03-02 17:26:07",82200.0,4.8261
"2021-03-02 17:36:07",82800.0,4.6138
"2021-03-02 17:46:07",83400.0,4.8261
"2021-03-02 17:56:07",84000.0,4.8261
"2021-03-02 18:06:07",84600.0,4.8261
"2021-03-02 18:16:07",85200.0,4.6138
"2021-03-02 18:26:07",85800.0,4.6138
"2021-03-02 18:36:07",86400.0,4.8261
"2021-03-02 18:46:07",87000.0,4.6138
"2021-03-02 18:56:07",87600.0,4.6138
"2021-03-02 19:06:07",88200.0,4.6138
"2021-03-02 19:16:07",88800.0,4.6138
"2021-03-02 19:26:07",89400.0,4.6138
"2021-03-02 19:36:07",90000.0,4.6138
"2021-03-02 19:46:07",90600.0,4.6138
"2021-03-02 19:56:07",91200.0,4.6138
"2021-03-02 20:06:07",91800.0,4.6138
"2021-03-02 20:16:07",92400.0,4.6138
"2021-03-02 20:26:07",93000.0,4.6138
"2021-03-02 20:36:07",93600.0,4.6138
"2021-03-02 20:46:07",94200.0,4.6138
"2021-03-02 20:56:07",94800.0,4.6138
"2021-03-02 21:06:07",95400.0,4.4109
"2021-03-02 21:16:07",96000.0,4.6138
"2021-03-02 21:26:07",96600.0,4.6138
"2021-03-02 21:36:07",97200.0,4.6138
"2021-03-02 21:46:07",97800.0,4.6138
"2021-03-02 21:56:07",98400.0,4.6138
"2021-03-02 22:06:07",99000.0,4.6138
"2021-03-02 22:16:07",99600.0,4.4109
"2021-03-02 22:26:07",100200.0,4.6138
"2021-03-02 22:36:07",100800.0,4.6138
"2021-03-02 22:46:07",101400.0,4.6138
"2021-03-02 22:56:07",102000.0,4.6138
"2021-03-02 23:06:07",102600.0,4.6138
"2021-03-02 23:16:07",103200.0,4.4109
"2021-03-02 23:26:07",103800.0,4.4109
"2021-03-02 23:36:07",104400.0,4.4109
"2021-03-02 23:46:07",105000.0,4.4109
"2021-03-02 23:56:07",105600.0,4.4109
"2021-03-03 00:06:07",106200.0,4.4109
"2021-03-03 00:16:07",106800.0,4.6138
"2021-03-03 00:26:07",107400.0,4.6138
"2021-03-03 00:36:07",108000.0,4.6138
"2021-03-03 00:46:07",108600.0,4.6138
"2021-03-03 00:56:07",109200.0,4.6138
"2021-03-03 01:06:07",109800.0,4.4109
"2021-03-03 01:16:07",110400.0,4.4109
"2021-03-03 01:26:07",111000.0,4.6138
"2021-03-03 01:36:07",111600.0,4.4109
"2021-03-03 01:46:07",112200.0,4.4109
"2021-03-03 01:56:07",112800.0,4.4109
"2021-03-03 02:06:07",113400.0,4.4109
"2021-03-03 02:16:07",114000.0,4.4109
"2021-03-03 02:26:07",114600.0,4.4109
"2021-03-03 02:36:07",115200.0,4.4109
"2021-03-03 02:46:07",115800.0,4.4109
"2021-03-03 02:56:07",116400.0,4.4109
"2021-03-03 03:06:07",117000.0,4.4109
"2021-03-03 03:16:07",117600.0,4.4109
"2021-03-03 03:26:07",118200.0,4.4109
"2021-03-03 03:36:07",118800.0,4.4109
"2021-03-03 03:46:07",119400.0,4.6138
"2021-03-03 03:56:07",120000.0,4.6138
"2021-03-03 04:06:07",120600.0,4.6138
"2021-03-03 04:16:07",121200.0,4.6138
"2021-03-03 04:26:07",121800.0,4.4109
"2021-03-03 04:36:07",122400.0,4.4109
"2021-03-03 04:46:07",123000.0,4.4109
"2021-03-03 04:56:07",123600.0,4.4109
"2021-03-03 05:06:07",124200.0,4.6138
"2021-03-03 05:16:07",124800.0,5.2803
"2021-03-03 05:26:07",125400.0,6.0430
"2021-03-03 05:36:07",126000.0,6.6117
"2021-03-03 05:46:07",126600.0,7.9148
"2021-03-03 05:56:07",127200.0,9.4746
"2021-03-03 06:06:07",127800.0,10.8432
"2021-03-03 06:16:07",128400.0,13.5773
"2021-03-03 06:26:07",129000.0,20.3514
"2021-03-03 06:36:07",129600.0,38.1972
"2021-03-03 06:46:07",130200.0,38.1972
"2021-03-03 06:56:07",130800.0,128.6397
"2021-03-03 07:06:07",131400.0,39.9542
"2021-03-03 07:16:07",132000.0,29.1638
"2021-03-03 07:26:07",132600.0,31.9085
"2021-03-03 07:36:07",133200.0,57.2549
"2021-03-03 07:46:07",133800.0,122.9826
"2021-03-03 07:56:07",134400.0,122.9826
"2021-03-03 08:06:07",135000.0,122.9826
"2021-03-03 08:16:07",135600.0,264.1648
"2021-03-03 08:26:07",136200.0,1018.1517
"2021-03-03 08:36:07",136800.0,743.1795
"2021-03-03 08:46:07",137400.0,850.5258
"2021-03-03 08:56:07",138000.0,850.5258
"2021-03-03 09:06:07",138600.0,777.3650
"2021-03-03 09:16:07",139200.0,850.5258
"2021-03-03 09:26:07",139800.0,1165.2155
"2021-03-03 09:36:07",140400.0,1394.8620
"2021-03-03 09:46:07",141000.0,1218.8142
"2021-03-03 09:56:07",141600.0,1274.8784
"2021-03-03 10:06:07",142200.0,1274.8784
"2021-03-03 10:16:07",142800.0,1064.9856
"2021-03-03 10:26:07",143400.0,1113.9739
"2021-03-03 10:36:07",144000.0,2392.7992
"2021-03-03 10:46:07",144600.0,1459.0242
"2021-03-03 10:56:07",145200.0,1910.9530
"2021-03-03 11:06:07",145800.0,1526.1378
"2021-03-03 11:16:07",146400.0,2287.5732
"2021-03-03 11:26:07",147000.0,2738.4196
"2021-03-03 11:36:07",147600.0,252.5479
"2021-03-03 11:46:07",148200.0,241.4418
"2021-03-03 11:56:07",148800.0,117.5743
"2021-03-03 12:06:07",149400.0,112.4039
"2021-03-03 12:16:07",150000.0,102.7351
"2021-03-03 12:26:07",150600.0,82.0470
"2021-03-03 12:36:07",151200.0,71.6917
"2021-03-03 12:46:07",151800.0,54.7370
"2021-03-03 12:56:07",152400.0,47.8286
"2021-03-03 13:06:07",153000.0,41.7921
"2021-03-03 13:16:07",153600.0,33.3762
"2021-03-03 13:26:07",154200.0,34.9115
"2021-03-03 13:36:07",154800.0,30.5053
"2021-03-03 13:46:07",155400.0,23.2910
"2021-03-03 13:56:07",156000.0,20.3514
"2021-03-03 14:06:07",156600.0,15.5384
"2021-03-03 14:16:07",157200.0,12.9802
"2021-03-03 14:26:07",157800.0,10.8432
"2021-03-03 14:36:07",158400.0,7.9148
"2021-03-03 14:46:07",159000.0,6.9158
"2021-03-03 14:56:07",159600.0,5.5232
"2021-03-03 15:06:07",160200.0,5.0481
"2021-03-03 15:16:07",160800.0,4.6138
"2021-03-03 15:26:07",161400.0,4.0315
"2021-03-03 15:36:07",162000.0,3.8542
"2021-03-03 15:46:07",162600.0,3.5227
"2021-03-03 15:56:07",163200.0,3.5227
"2021-03-03 16:06:07",163800.0,3.5227
"2021-03-03 16:16:07",164400.0,3.3678
"2021-03-03 16:26:07",165000.0,3.5227
"2021-03-03 16:36:07",165600.0,3.5227
"2021-03-03 16:46:07",166200.0,3.5227
"2021-03-03 16:56:07",166800.0,3.5227
"2021-03-03 17:06:07",167400.0,3.5227
"2021-03-03 17:16:07",168000.0,3.5227
"2021-03-03 17:26:07",168600.0,3.5227
"2021-03-03 17:36:07",169200.0,3.5227
"2021-03-03 17:46:07",169800.0,3.5227
"2021-03-03 17:56:07",170400.0,3.5227
"2021-03-03 18:06:07",171000.0,3.5227
"2021-03-03 18:16:07",171600.0,3.5227
"2021-03-03 18:26:07",172200.0,3.5227
"2021-03-03 18:36:07",172800.0,3.5227
"2021-03-03 18:46:07",173400.0,3.5227
"2021-03-03 18:56:07",174000.0,3.5227
"2021-03-03 19:06:07",174600.0,3.5227
"2021-03-03 19:16:07",175200.0,3.5227
"2021-03-03 19:26:07",175800.0,3.3678
"2021-03-03 19:36:07",176400.0,3.5227
"2021-03-03 19:46:07",177000.0,3.5227
"2021-03-03 19:56:07",177600.0,3.5227
"2021-03-03 20:06:07",178200.0,3.5227
"2021-03-03 20:16:07",178800.0,3.5227
"2021-03-03 20:26:07",179400.0,3.5227
"2021-03-03 20:36:07",180000.0,3.5227
"2021-03-03 20:46:07",180600.0,3.5227
"2021-03-03 20:56:07",181200.0,3.5227
"2021-03-03 21:06:07",181800.0,3.5227
"2021-03-03 21:16:07",182400.0,3.5227
"2021-03-03 21:26:07",183000.0,3.5227
"2021-03-03 21:36:07",183600.0,3.3678
"2021-03-03 21:46:07",184200.0,3.3678
"2021-03-03 21:56:07",184800.0,3.3678
"2021-03-03 22:06:07",185400.0,3.5227
"2021-03-03 22:16:07",186000.0,3.5227
"2021-03-03 22:26:07",186600.0,3.3678
"2021-03-03 22:36:07",187200.0,3.5227
"2021-03-03 22:46:07",187800.0,3.5227
"2021-03-03 22:56:07",188400.0,3.5227
"2021-03-03 23:06:07",189000.0,3.5227
"2021-03-03 23:16:07",189600.0,3.5227
"2021-03-03 23:26:07",190200.0,3.5227
"2021-03-03 23:36:07",190800.0,3.3678
"2021-03-03 23:46:07",191400.0,3.5227
"2021-03-03 23:56:07",192000.0,3.5227
"2021-03-04 00:06:07",192600.0,3.3678
"2021-03-04 00:16:07",193200.0,3.3678
"2021-03-04 00:26:07",193800.0,3.3678
"2021-03-04 00:36:07",194400.0,3.3678
"2021-03-04 00:46:07",195000.0,3.5227
"2021-03-04 00:56:07",195600.0,3.5227
"2021-03-04 01:06:07",196200.0,3.5227
"2021-03-04 01:16:07",196800.0,3.3678
"2021-03-04 01:26:07",197400.0,3.5227
"2021-03-04 01:36:07",198000.0,3.3678
"2021-03-04 01:46:07",198600.0,3.5227
"2021-03-04 01:56:07",199200.0,3.3678
"2021-03-04 02:06:07",199800.0,3.5227
"2021-03-04 02:16:07",200400.0,3.5227
"2021-03-04 02:26:07",201000.0,3.3678
"2021-03-04 02:36:07",201600.0,3.5227
"2021-03-04 02:46:07",202200.0,3.3678
"2021-03-04 02:56:07",202800.0,3.5227
"2021-03-04 03:06:07",203400.0,3.5227
"2021-03-04 03:16:07",204000.0,3.3678
"2021-03-04 03:26:07",204600.0,3.3678
"2021-03-04 03:36:07",205200.0,3.5227
"2021-03-04 03:46:07",205800.0,3.3678
"2021-03-04 03:56:07",206400.0,3.5227
"2021-03-04 04:06:07",207000.0,3.5227
"2021-03-04 04:16:07",207600.0,3.5227
"2021-03-04 04:26:07",208200.0,3.5227
"2021-03-04 04:36:07",208800.0,3.5227
"2021-03-04 04:46:07",209400.0,3.6847
"2021-03-04 04:56:07",210000.0,4.0315
"2021-03-04 05:06:07",210600.0,4.2170
"2021-03-04 05:16:07",211200.0,4.6138
"2021-03-04 05:26:07",211800.0,5.5232
"2021-03-04 05:36:07",212400.0,6.0430
"2021-03-04 05:46:07",213000.0,7.9148
"2021-03-04 05:56:07",213600.0,9.4746
"2021-03-04 06:06:07",214200.0,10.8432
"2021-03-04 06:16:07",214800.0,14.8551
"2021-03-04 06:26:07",215400.0,17.7828
"2021-03-04 06:36:07",216000.0,23.2910
"2021-03-04 06:46:07",216600.0,26.6552
"2021-03-04 06:56:07",217200.0,30.5053
"2021-03-04 07:06:07",217800.0,33.3762
"2021-03-04 07:16:07",218400.0,36.5174
"2021-03-04 07:26:07",219000.0,45.7253
"2021-03-04 07:36:07",219600.0,54.7370
"2021-03-04 07:46:07",220200.0,62.6434
"2021-03-04 07:56:07",220800.0,78.4389
"2021-03-04 08:06:07",221400.0,89.7687
"2021-03-04 08:16:07",222000.0,98.2172
"2021-03-04 08:26:07",222600.0,117.5743
"2021-03-04 08:36:07",223200.0,128.6397
"2021-03-04 08:46:07",223800.0,153.9927
"2021-03-04 08:56:07",224400.0,168.4855
"2021-03-04 09:06:07",225000.0,176.2356
"2021-03-04 09:16:07",225600.0,201.6915
"2021-03-04 09:26:07",226200.0,210.9691
"2021-03-04 09:36:07",226800.0,230.8242
"2021-03-04 09:46:07",227400.0,241.4418
"2021-03-04 09:56:07",228000.0,241.4418
"2021-03-04 10:06:07",228600.0,241.4418
"2021-03-04 10:16:07",229200.0,241.4418
"2021-03-04 10:26:07",229800.0,241.4418
"2021-03-04 10:36:07",230400.0,241.4418
"2021-03-04 10:46:07",231000.0,241.4418
"2021-03-04 10:56:07",231600.0,241.4418
"2021-03-04 11:06:07",232200.0,241.4418
"2021-03-04 11:16:07",232800.0,241.4418
"2021-03-04 11:26:07",233400.0,241.4418
"2021-03-04 11:36:07",234000.0,241.4418
"2021-03-04 11:46:07",234600.0,241.4418
"2021-03-04 11:56:07",235200.0,241.4418
"2021-03-04 12:06:07",235800.0,230.8242
"2021-03-04 12:16:07",236400.0,210.9691
"2021-03-04 12:26:07",237000.0,201.6915
"2021-03-04 12:36:07",237600.0,176.2356
"2021-03-04 12:46:07",238200.0,168.4855
"2021-03-04 12:56:07",238800.0,153.9927
"2021-03-04 13:06:07",239400.0,134.5570
"2021-03-04 13:16:07",240000.0,122.9826
"2021-03-04 13:26:07",240600.0,102.7351
"2021-03-04 13:36:07",241200.0,89.7687
"2021-03-04 13:46:07",241800.0,78.4389
"2021-03-04 13:56:07",242400.0,62.6434
"2021-03-04 14:06:07",243000.0,54.7370
"2021-03-04 14:16:07",243600.0,45.7253
"2021-03-04 14:26:07",244200.0,36.5174
"2021-03-04 14:36:07",244800.0,33.3762
"2021-03-04 14:46:07",245400.0,30.5053
"2021-03-04 14:56:07",246000.0,26.6552
"2021-03-04 15:06:07",246600.0,23.2910
"2021-03-04 15:16:07",247200.0,17.7828
"2021-03-04 15:26:07",247800.0,14.8551
"2021-03-04 15:36:07",248400.0,10.8432
"2021-03-04 15:46:07",249000.0,9.4746
"2021-03-04 15:56:07",249600.0,7.9148
"2021-03-04 16:06:07",250200.0,6.0430
"2021-03-04 16:16:07",250800.0,5.5232
"2021-03-04 16:26:07",251400.0,4.6138
"2021-03-04 16:36:07",252000.0,4.2170
"2021-03-04 16:46:07",252600.0,4.0315
"2021-03-04 16:56:07",253200.0,3.6847
"2021-03-04 17:06:07",253800.0,3.5227
"2021-03-04 17:16:07",254400.0,3.5227
"2021-03-04 17:26:07",255000.0,3.5227
"2021-03-04 17:36:07",255600.0,3.5227
"2021-03-04 17:46:07",256200.0,3.5227
"2021-03-04 17:56:07",256800.0,3.5227
"2021-03-04 18:06:07",257400.0,3.5227
"2021-03-04 18:16:07",258000.0,3.3678
"2021-03-04 18:26:07",258600.0,3.3678
"2021-03-04 18:36:07",259200.0,3.3678
"2021-03-04 18:46:07",259800.0,3.3678
"2021-03-04 18:56:07",260400.0,3.3678
"2021-03-04 19:06:07",261000.0,3.3678
"2021-03-04 19:16:07",261600.0,3.5227
"2021-03-04 19:26:07",262200.0,3.3678
"2021-03-04 19:36:07",262800.0,3.3678
"2021-03-04 19:46:07",263400.0,3.3678
"2021-03-04 19:56:07",264000.0,3.3678
"2021-03-04 20:06:07",264600.0,3.3678
"2021-03-04 20:16:07",265200.0,3.3678
"2021-03-04 20:26:07",265800.0,3.5227
"2021-03-04 20:36:07",266400.0,3.5227
"2021-03-04 20:46:07",267000.0,3.3678
"2021-03-04 20:56:07",267600.0,3.3678
"2021-03-04 21:06:07",268200.0,3.3678
"2021-03-04 21:16:07",268800.0,3.3678
"2021-03-04 21:26:07",269400.0,3.3678
"2021-03-04 21:36:07",270000.0,3.5227
"2021-03-04 21:46:07",270600.0,3.5227
"2021-03-04 21:56:07",271200.0,3.3678
"2021-03-04 22:06:07",271800.0,3.5227
"2021-03-04 22:16:07",272400.0,3.5227
"2021-03-04 22:26:07",273000.0,3.5227
"2021-03-04 22:36:07",273600.0,3.3678
"2021-03-04 22:46:07",274200.0,3.5227
"2021-03-04 22:56:07",274800.0,3.3678
"2021-03-04 23:06:07",275400.0,3.3678
"2021-03-04 23:16:07",276000.0,3.5227
"2021-03-04 23:26:07",276600.0,3.5227
"2021-03-04 23:36:07",277200.0,3.3678
"2021-03-04 23:46:07",277800.0,3.3678
"2021-03-04 23:56:07",278400.0,3.5227
"2021-03-05 00:06:07",279000.0,3.5227
"2021-03-05 00:16:07",279600.0,3.3678
"2021-03-05 00:26:07",280200.0,3.5227
"2021-03-05 00:36:07",280800.0,3.3678
"2021-03-05 00:46:07",281400.0,3.3678
"2021-03-05 00:56:07",282000.0,3.5227
"2021-03-05 01:06:07",282600.0,3.3678
"2021-03-05 01:16:07",283200.0,3.3678
"2021-03-05 01:26:07",283800.0,3.3678
"2021-03-05 01:36:07",284400.0,3.5227
"2021-03-05 01:46:07",285000.0,3.3678
"2021-03-05 01:56:07",285600.0,3.5227
"2021-03-05 02:06:07",286200.0,3.3678
"2021-03-05 02:16:07",286800.0,3.3678
"2021-03-05 02:26:07",287400.0,3.3678
"2021-03-05 02:36:07",288000.0,3.3678
"2021-03-05 02:46:07",288600.0,3.3678
"2021-03-05 02:56:07",289200.0,3.5227
"2021-03-05 03:06:07",289800.0,3.5227
"2021-03-05 03:16:07",290400.0,3.5227
"2021-03-05 03:26:07",291000.0,3.5227
"2021-03-05 03:36:07",291600.0,3.3678
"2021-03-05 03:46:07",292200.0,3.5227
"2021-03-05 03:56:07",292800.0,3.5227
"2021-03-05 04:06:07",293400.0,3.5227
"2021-03-05 04:16:07",294000.0,3.5227
"2021-03-05 04:26:07",294600.0,3.6847
"2021-03-05 04:36:07",295200.0,3.6847
"2021-03-05 04:46:07",295800.0,3.8542
"2021-03-05 04:56:07",296400.0,4.4109
"2021-03-05 05:06:07",297000.0,4.8261
"2021-03-05 05:16:07",297600.0,5.2803
"2021-03-05 05:26:07",298200.0,6.6117
"2021-03-05 05:36:07",298800.0,7.2339
"2021-03-05 05:46:07",299400.0,9.9105
"2021-03-05 05:56:07",300000.0,11.8637
"2021-03-05 06:06:07",300600.0,14.2018
"2021-03-05 06:16:07",301200.0,18.6008
"2021-03-05 06:26:07",301800.0,22.2667
"2021-03-05 06:36:07",302400.0,27.8813
"2021-03-05 06:46:07",303000.0,31.9085
"2021-03-05 06:56:07",303600.0,34.9115
"2021-03-05 07:06:07",304200.0,38.1972
"2021-03-05 07:16:07",304800.0,41.7921
"2021-03-05 07:26:07",305400.0,57.2549
"2021-03-05 07:36:07",306000.0,65.5249
"2021-03-05 07:46:07",306600.0,74.9894
"2021-03-05 07:56:07",307200.0,93.8980
"2021-03-05 08:06:07",307800.0,102.7351
"2021-03-05 08:16:07",308400.0,112.4039
"2021-03-05 08:26:07",309000.0,134.5570
"2021-03-05 08:36:07",309600.0,147.2207
"2021-03-05 08:46:07",310200.0,168.4855
"2021-03-05 08:56:07",310800.0,184.3423
"2021-03-05 09:06:07",311400.0,192.8219
"2021-03-05 09:16:07",312000.0,210.9691
"2021-03-05 09:26:07",312600.0,230.8242
"2021-03-05 09:36:07",313200.0,241.4418
"2021-03-05 09:46:07",313800.0,241.4418
"2021-03-05 09:56:07",314400.0,241.4418
"2021-03-05 10:06:07",315000.0,241.4418
"2021-03-05 10:16:07",315600.0,241.4418
"2021-03-05 10:26:07",316200.0,241.4418
"2021-03-05 10:36:07",316800.0,241.4418
"2021-03-05 10:46:07",317400.0,241.4418
"2021-03-05 10:56:07",318000.0,241.4418
"2021-03-05 11:06:07",318600.0,241.4418
"2021-03-05 11:16:07",319200.0,241.4418
"2021-03-05 11:26:07",319800.0,241.4418
"2021-03-05 11:36:07",320400.0,241.4418
"2021-03-05 11:46:07",321000.0,241.4418
"2021-03-05 11:56:07",321600.0,241.4418
"2021-03-05 12:06:07",322200.0,241.4418
"2021-03-05 12:16:07",322800.0,230.8242
"2021-03-05 12:26:07",323400.0,210.9691
"2021-03-05 12:36:07",324000.0,192.8219
"2021-03-05 12:46:07",324600.0,184.3423
"2021-03-05 12:56:07",325200.0,176.2356
"2021-03-05 13:06:07",325800.0,147.2207
"2021-03-05 13:16:07",326400.0,134.5570
"2021-03-05 13:26:07",327000.0,112.4039
"2021-03-05 13:36:07",327600.0,102.7351
"2021-03-05 13:46:07",328200.0,93.8980
"2021-03-05 13:56:07",328800.0,74.9894
"2021-03-05 14:06:07",329400.0,65.5249
"2021-03-05 14:16:07",330000.0,57.2549
"2021-03-05 14:26:07",330600.0,43.7144
"2021-03-05 14:36:07",331200.0,38.1972
"2021-03-05 14:46:07",331800.0,33.3762
"2021-03-05 14:56:07",332400.0,31.9085
"2021-03-05 15:06:07",333000.0,27.8813
"2021-03-05 15:16:07",333600.0,22.2667
"2021-03-05 15:26:07",334200.0,19.4564
"2021-03-05 15:36:07",334800.0,14.2018
"2021-03-05 15:46:07",335400.0,11.8637
"2021-03-05 15:56:07",336000.0,9.9105
"2021-03-05 16:06:07",336600.0,7.2339
"2021-03-05 16:16:07",337200.0,6.6117
"2021-03-05 16:26:07",337800.0,5.2803
"2021-03-05 16:36:07",338400.0,4.8261
"2021-03-05 16:46:07",339000.0,4.4109
"2021-03-05 16:56:07",339600.0,3.8542
"2021-03-05 17:06:07",340200.0,3.6847
"2021-03-05 17:16:07",340800.0,3.5227
"2021-03-05 17:26:07",341400.0,3.5227
"2021-03-05 17:36:07",342000.0,3.5227
"2021-03-05 17:46:07",342600.0,3.3678
"2021-03-05 17:56:07",343200.0,3.5227
"2021-03-05 18:06:07",343800.0,3.5227
"2021-03-05 18:16:07",344400.0,3.3678
"2021-03-05 18:26:07",345000.0,3.3678
"2021-03-05 18:36:07",345600.0,3.3678
"2021-03-05 18:46:07",346200.0,3.5227
"2021-03-05 18:56:07",346800.0,3.5227
"2021-03-05 19:06:07",347400.0,3.5227
"2021-03-05 19:16:07",348000.0,3.5227
"2021-03-05 19:26:07",348600.0,3.5227
"2021-03-05 19:36:07",349200.0,3.3678
"2021-03-05 19:46:07",349800.0,3.5227
"2021-03-05 19:56:07",350400.0,3.5227
"2021-03-05 20:06:07",351000.0,3.5227
"2021-03-05 20:16:07",351600.0,3.5227
"2021-03-05 20:26:07",352200.0,3.5227
"2021-03-05 20:36:07",352800.0,3.3678
"2021-03-05 20:46:07",353400.0,3.5227
"2021-03-05 20:56:07",354000.0,3.5227
"2021-03-05 21:06:07",354600.0,3.5227
"2021-03-05 21:16:07",355200.0,3.5227
"2021-03-05 21:26:07",355800.0,3.3678
"2021-03-05 21:36:07",356400.0,3.3678
"2021-03-05 21:46:07",357000.0,3.5227
"2021-03-05 21:56:07",357600.0,3.3678
"2021-03-05 22:06:07",358200.0,3.5227
"2021-03-05 22:16:07",358800.0,3.3678
"2021-03-05 22:26:07",359400.0,3.5227
"2021-03-05 22:36:07",360000.0,3.5227
"2021-03-05 22:46:07",360600.0,3.3678
"2021-03-05 22:56:07",361200.0,3.3678
"2021-03-05 23:06:07",361800.0,3.5227
"2021-03-05 23:16:07",362400.0,3.5227
"2021-03-05 23:26:07",363000.0,3.5227
"2021-03-05 23:36:07",363600.0,3.3678
"2021-03-05 23:46:07",364200.0,3.5227
"2021-03-05 23:56:07",364800.0,3.5227
"2021-03-06 00:06:07",365400.0,3.5227
"2021-03-06 00:16:07",366000.0,3.5227
"2021-03-06 00:26:07",366600.0,3.5227
"2021-03-06 00:36:07",367200.0,3.5227
"2021-03-06 00:46:07",367800.0,3.5227
"2021-03-06 00:56:07",368400.0,3.5227
"2021-03-06 01:06:07",369000.0,3.5227
"2021-03-06 01:16:07",369600.0,3.3678
"2021-03-06 01:26:07",370200.0,3.3678
"2021-03-06 01:36:07",370800.0,3.3678
"2021-03-06 01:46:07",371400.0,3.5227
"2021-03-06 01:56:07",372000.0,3.5227
"2021-03-06 02:06:07",372600.0,3.3678
"2021-03-06 02:16:07",373200.0,3.5227
"2021-03-06 02:26:07",373800.0,3.5227
"2021-03-06 02:36:07",374400.0,3.5227
"2021-03-06 02:46:07",375000.0,3.3678
"2021-03-06 02:56:07",375600.0,3.5227
"2021-03-06 03:06:07",376200.0,3.5227
"2021-03-06 03:16:07",376800.0,3.3678
"2021-03-06 03:26:07",377400.0,3.3678
"2021-03-06 03:36:07",378000.0,3.5227
"2021-03-06 03:46:07",378600.0,3.3678
"2021-03-06 03:56:07",379200.0,3.5227
"2021-03-06 04:06:07",379800.0,3.5227
"2021-03-06 04:16:07",380400.0,3.5227
"2021-03-06 04:26:07",381000.0,3.5227
"2021-03-06 04:36:07",381600.0,3.6847
"2021-03-06 04:46:07",382200.0,3.8542
"2021-03-06 04:56:07",382800.0,4.4109
"2021-03-06 05:06:07",383400.0,4.8261
"2021-03-06 05:16:07",384000.0,5.2803
"2021-03-06 05:26:07",384600.0,6.6117
"2021-03-06 05:36:07",385200.0,7.2339
"2021-03-06 05:46:07",385800.0,10.3663
"2021-03-06 05:56:07",386400.0,11.8637
"2021-03-06 06:06:07",387000.0,14.2018
"2021-03-06 06:16:07",387600.0,18.6008
"2021-03-06 06:26:07",388200.0,22.2667
"2021-03-06 06:36:07",388800.0,27.8813
"2021-03-06 06:46:07",389400.0,31.9085
"2021-03-06 06:56:07",390000.0,33.3762
"2021-03-06 07:06:07",390600.0,38.1972
"2021-03-06 07:16:07",391200.0,43.7144
"2021-03-06 07:26:07",391800.0,57.2549
"2021-03-06 07:36:07",392400.0,65.5249
"2021-03-06 07:46:07",393000.0,74.9894
"2021-03-06 07:56:07",393600.0,93.8980
"2021-03-06 08:06:07",394200.0,102.7351
"2021-03-06 08:16:07",394800.0,112.4039
"2021-03-06 08:26:07",395400.0,134.5570
"2021-03-06 08:36:07",396000.0,147.2207
"2021-03-06 08:46:07",396600.0,168.4855
"2021-03-06 08:56:07",397200.0,184.3423
"2021-03-06 09:06:07",397800.0,192.8219
"2021-03-06 09:16:07",398400.0,220.6734
"2021-03-06 09:26:07",399000.0,230.8242
"2021-03-06 09:36:07",399600.0,241.4418
"2021-03-06 09:46:07",400200.0,241.4418
"2021-03-06 09:56:07",400800.0,241.4418
"2021-03-06 10:06:07",401400.0,241.4418
"2021-03-06 10:16:07",402000.0,241.4418
"2021-03-06 10:26:07",402600.0,241.4418
"2021-03-06 10:36:07",403200.0,241.4418
"2021-03-06 10:46:07",403800.0,241.4418
"2021-03-06 10:56:07",404400.0,241.4418
"2021-03-06 11:06:07",405000.0,241.4418
"2021-03-06 11:16:07",405600.0,241.4418
"2021-03-06 11:26:07",406200.0,241.4418
"2021-03-06 11:36:07",406800.0,241.4418
"2021-03-06 11:46:07",407400.0,241.4418
"2021-03-06 11:56:07",408000.0,241.4418
"2021-03-06 12:06:07",408600.0,241.4418
"2021-03-06 12:16:07",409200.0,230.8242
"2021-03-06 12:26:07",409800.0,220.6734
"2021-03-06 12:36:07",410400.0,192.8219
"2021-03-06 12:46:07",411000.0,184.3423
"2021-03-06 12:56:07",411600.0,168.4855
"2021-03-06 13:06:07",412200.0,147.2207
"2021-03-06 13:16:07",412800.0,140.7465
"2021-03-06 13:26:07",413400.0,112.4039
"2021-03-06 13:36:07",414000.0,102.7351
"2021-03-06 13:46:07",414600.0,93.8980
"2021-03-06 13:56:07",415200.0,74.9894
"2021-03-06 14:06:07",415800.0,65.5249
"2021-03-06 14:16:07",416400.0,57.2549
"2021-03-06 14:26:07",417000.0,43.7144
"2021-03-06 14:36:07",417600.0,38.1972
"2021-03-06 14:46:07",418200.0,33.3762
"2021-03-06 14:56:07",418800.0,31.9085
"2021-03-06 15:06:07",419400.0,27.8813
"2021-03-06 15:16:07",420000.0,22.2667
"2021-03-06 15:26:07",420600.0,19.4564
"2021-03-06 15:36:07",421200.0,14.2018
"2021-03-06 15:46:07",421800.0,11.8637
"2021-03-06 15:56:07",422400.0,9.9105
"2021-03-06 16:06:07",423000.0,7.2339
"2021-03-06 16:16:07",423600.0,6.6117
"2021-03-06 16:26:07",424200.0,5.2803
"2021-03-06 16:36:07",424800.0,4.8261
"2021-03-06 16:46:07",425400.0,4.4109
"2021-03-06 16:56:07",426000.0,3.8542
"2021-03-06 17:06:07",426600.0,3.6847
"2021-03-06 17:16:07",427200.0,3.5227
"2021-03-06 17:26:07",427800.0,3.5227
"2021-03-06 17:36:07",428400.0,3.5227
"2021-03-06 17:46:07",429000.0,3.3678
"2021-03-06 17:56:07",429600.0,3.5227
"2021-03-06 18:06:07",430200.0,3.3678
"2021-03-06 18:16:07",430800.0,3.5227
"2021-03-06 18:26:07",431400.0,3.3678
"2021-03-06 18:36:07",432000.0,3.5227
"2021-03-06 18:46:07",432600.0,3.5227
"2021-03-06 18:56:07",433200.0,3.5227
"2021-03-06 19:06:07",433800.0,3.3678
"2021-03-06 19:16:07",434400.0,3.3678
"2021-03-06 19:26:07",435000.0,3.3678
"2021-03-06 19:36:07",435600.0,3.5227
"2021-03-06 19:46:07",436200.0,3.3678
"2021-03-06 19:56:07",436800.0,3.5227
"2021-03-06 20:06:07",437400.0,3.3678
"2021-03-06 20:16:07",438000.0,3.5227
"2021-03-06 20:26:07",438600.0,3.5227
"2021-03-06 20:36:07",439200.0,3.3678
"2021-03-06 20:46:07",439800.0,3.3678
"2021-03-06 20:56:07",440400.0,3.3678
"2021-03-06 21:06:07",441000.0,3.3678
"2021-03-06 21:16:07",441600.0,3.5227
"2021-03-06 21:26:07",442200.0,3.5227
"2021-03-06 21:36:07",442800.0,3.3678
"2021-03-06 21:46:07",443400.0,3.3678
"2021-03-06 21:56:07",444000.0,3.3678
"2021-03-06 22:06:07",444600.0,3.5227
"2021-03-06 22:16:07",445200.0,3.3678
"2021-03-06 22:26:07",445800.0,3.3678
"2021-03-06 22:36:07",446400.0,3.3678
"2021-03-06 22:46:07",447000.0,3.3678
"2021-03-06 22:56:07",447600.0,3.3678
"2021-03-06 23:06:07",448200.0,3.5227
"2021-03-06 23:16:07",448800.0,3.5227
"2021-03-06 23:26:07",449400.0,3.5227
"2021-03-06 23:36:07",450000.0,3.5227
"2021-03-06 23:46:07",450600.0,3.5227
"2021-03-06 23:56:07",451200.0,3.5227
"2021-03-07 00:06:07",451800.0,3.5227
"2021-03-07 00:16:07",452400.0,3.5227
"2021-03-07 00:26:07",453000.0,3.5227
"2021-03-07 00:36:07",453600.0,3.3678
"2021-03-07 00:46:07",454200.0,3.3678
"2021-03-07 00:56:07",454800.0,3.5227
"2021-03-07 01:06:07",455400.0,3.3678
"2021-03-07 01:16:07",456000.0,3.3678
"2021-03-07 01:26:07",456600.0,3.3678
"2021-03-07 01:36:07",457200.0,3.3678
"2021-03-07 01:46:07",457800.0,3.3678
"2021-03-07 01:56:07",458400.0,3.3678
"2021-03-07 02:06:07",459000.0,3.3678
"2021-03-07 02:16:07",459600.0,3.5227
"2021-03-07 02:26:07",460200.0,3.3678
"2021-03-07 02:36:07",460800.0,3.3678
"2021-03-07 02:46:07",461400.0,3.3678
"2021-03-07 02:56:07",462000.0,3.3678
"2021-03-07 03:06:07",462600.0,3.3678
"2021-03-07 03:16:07",463200.0,3.3678
"2021-03-07 03:26:07",463800.0,3.3678
"2021-03-07 03:36:07",464400.0,3.3678
"2021-03-07 03:46:07",465000.0,3.5227
"2021-03-07 03:56:07",465600.0,3.5227
"2021-03-07 04:06:07",466200.0,3.5227
"2021-03-07 04:16:07",466800.0,3.5227
"2021-03-07 04:26:07",467400.0,3.6847
"2021-03-07 04:36:07",468000.0,4.0315
"2021-03-07 04:46:07",468600.0,4.2170
"2021-03-07 04:56:07",469200.0,5.0481
"2021-03-07 05:06:07",469800.0,5.5232
"2021-03-07 05:16:07",470400.0,6.3209
"2021-03-07 05:26:07",471000.0,7.9148
"2021-03-07 05:36:07",471600.0,9.0580
"2021-03-07 05:46:07",472200.0,12.9802
"2021-03-07 05:56:07",472800.0,14.8551
"2021-03-07 06:06:07",473400.0,17.7828
"2021-03-07 06:16:07",474000.0,23.2910
"2021-03-07 06:26:07",474600.0,26.6552
"2021-03-07 06:36:07",475200.0,33.3762
"2021-03-07 06:46:07",475800.0,33.3762
"2021-03-07 06:56:07",476400.0,34.9115
"2021-03-07 07:06:07",477000.0,45.7253
"2021-03-07 07:16:07",477600.0,52.3299
"2021-03-07 07:26:07",478200.0,68.5390
"2021-03-07 07:36:07",478800.0,78.4389
"2021-03-07 07:46:07",479400.0,89.7687
"2021-03-07 07:56:07",480000.0,107.4608
"2021-03-07 08:06:07",480600.0,117.5743
"2021-03-07 08:16:07",481200.0,128.6397
"2021-03-07 08:26:07",481800.0,153.9927
"2021-03-07 08:36:07",482400.0,161.0762
"2021-03-07 08:46:07",483000.0,184.3423
"2021-03-07 08:56:07",483600.0,201.6915
"2021-03-07 09:06:07",484200.0,210.9691
"2021-03-07 09:16:07",484800.0,230.8242
"2021-03-07 09:26:07",485400.0,241.4418
"2021-03-07 09:36:07",486000.0,241.4418
"2021-03-07 09:46:07",486600.0,241.4418
"2021-03-07 09:56:07",487200.0,241.4418
"2021-03-07 10:06:07",487800.0,241.4418
"2021-03-07 10:16:07",488400.0,241.4418
"2021-03-07 10:26:07",489000.0,241.4418
"2021-03-07 10:36:07",489600.0,241.4418
"2021-03-07 10:46:07",490200.0,241.4418
"2021-03-07 10:56:07",490800.0,241.4418
"2021-03-07 11:06:07",491400.0,241.4418
"2021-03-07 11:16:07",492000.0,241.4418
"2021-03-07 11:26:07",492600.0,241.4418
"2021-03-07 11:36:07",493200.0,241.4418
"2021-03-07 11:46:07",493800.0,241.4418
"2021-03-07 11:56:07",494400.0,241.4418
"2021-03-07 12:06:07",495000.0,241.4418
"2021-03-07 12:16:07",495600.0,241.4418
"2021-03-07 12:26:07",496200.0,230.8242
"2021-03-07 12:36:07",496800.0,210.9691
"2021-03-07 12:46:07",497400.0,201.6915
"2021-03-07 12:56:07",498000.0,184.3423
"2021-03-07 13:06:07",498600.0,161.0762
"2021-03-07 13:16:07",499200.0,153.9927
"2021-03-07 13:26:07",499800.0,134.5570
"2021-03-07 13:36:07",500400.0,117.5743
"2021-03-07 13:46:07",501000.0,107.4608
"2021-03-07 13:56:07",501600.0,89.7687
"2021-03-07 14:06:07",502200.0,78.4389
"2021-03-07 14:16:07",502800.0,71.6917
"2021-03-07 14:26:07",503400.0,54.7370
"2021-03-07 14:36:07",504000.0,45.7253
"2021-03-07 14:46:07",504600.0,34.9115
"2021-03-07 14:56:07",505200.0,33.3762
"2021-03-07 15:06:07",505800.0,33.3762
"2021-03-07 15:16:07",506400.0,26.6552
"2021-03-07 15:26:07",507000.0,23.2910
"2021-03-07 15:36:07",507600.0,17.7828
"2021-03-07 15:46:07",508200.0,14.8551
"2021-03-07 15:56:07",508800.0,12.4094
"2021-03-07 16:06:07",509400.0,9.0580
"2021-03-07 16:16:07",510000.0,7.9148
"2021-03-07 16:26:07",510600.0,6.9158
"2021-03-07 16:36:07",511200.0,5.5232
"2021-03-07 16:46:07",511800.0,5.0481
"2021-03-07 16:56:07",512400.0,4.2170
"2021-03-07 17:06:07",513000.0,4.0315
"2021-03-07 17:16:07",513600.0,3.8542
"2021-03-07 17:26:07",514200.0,3.5227
"2021-03-07 17:36:07",514800.0,3.5227
"2021-03-07 17:46:07",515400.0,3.3678
"2021-03-07 17:56:07",516000.0,3.5227
"2021-03-07 18:06:07",516600.0,3.3678
"2021-03-07 18:16:07",517200.0,3.3678
"2021-03-07 18:26:07",517800.0,3.5227
"2021-03-07 18:36:07",518400.0,3.3678
"2021-03-07 18:46:07",519000.0,3.5227
"2021-03-07 18:56:07",519600.0,3.3678
"2021-03-07 19:06:07",520200.0,3.3678
"2021-03-07 19:16:07",520800.0,3.3678
"2021-03-07 19:26:07",521400.0,3.3678
"2021-03-07 19:36:07",522000.0,3.3678
"2021-03-07 19:46:07",522600.0,3.5227
"2021-03-07 19:56:07",523200.0,3.3678
"2021-03-07 20:06:07",523800.0,3.5227
"2021-03-07 20:16:07",524400.0,3.3678
"2021-03-07 20:26:07",525000.0,3.3678
"2021-03-07 20:36:07",525600.0,3.3678
"2021-03-07 20:46:07",526200.0,3.3678
"2021-03-07 20:56:07",526800.0,3.3678
"2021-03-07 21:06:07",527400.0,3.5227
"2021-03-07 21:16:07",528000.0,3.3678
"2021-03-07 21:26:07",528600.0,3.3678
"2021-03-07 21:36:07",529200.0,3.3678
"2021-03-07 21:46:07",529800.0,3.3678
"2021-03-07 21:56:07",530400.0,3.3678
"2021-03-07 22:06:07",531000.0,3.5227
"2021-03-07 22:16:07",531600.0,3.3678
"2021-03-07 22:26:07",532200.0,3.3678
"2021-03-07 22:36:07",532800.0,3.3678
"2021-03-07 22:46:07",533400.0,3.3678
"2021-03-07 22:56:07",534000.0,3.3678
"2021-03-07 23:06:07",534600.0,3.3678
"2021-03-07 23:16:07",535200.0,3.3678
"2021-03-07 23:26:07",535800.0,3.5227
"2021-03-07 23:36:07",536400.0,3.3678
"2021-03-07 23:46:07",537000.0,3.3678
"2021-03-07 23:56:07",537600.0,3.3678
"2021-03-08 00:06:07",538200.0,3.3678
"2021-03-08 00:16:07",538800.0,3.3678
"2021-03-08 00:26:07",539400.0,3.3678
"2021-03-08 00:36:07",540000.0,3.3678
"2021-03-08 00:46:07",540600.0,3.3678
"2021-03-08 00:56:07",541200.0,3.3678
"2021-03-08 01:06:07",541800.0,3.3678
"2021-03-08 01:16:07",542400.0,3.3678
"2021-03-08 01:26:07",543000.0,3.3678
"2021-03-08 01:36:07",543600.0,3.5227
"2021-03-08 01:46:07",544200.0,3.5227
"2021-03-08 01:56:07",544800.0,3.3678
"2021-03-08 02:06:07",545400.0,3.3678
"2021-03-08 02:16:07",546000.0,3.3678
"2021-03-08 02:26:07",546600.0,3.3678
"2021-03-08 02:36:07",547200.0,3.3678
"2021-03-08 02:46:07",547800.0,3.5227
"2021-03-08 02:56:07",548400.0,3.3678
"2021-03-08 03:06:07",549000.0,3.3678
"2021-03-08 03:16:07",549600.0,3.3678
"2021-03-08 03:26:07",550200.0,3.3678
"2021-03-08 03:36:07",550800.0,3.5227
"2021-03-08 03:46:07",551400.0,3.5227
"2021-03-08 03:56:07",552000.0,3.5227
"2021-03-08 04:06:07",552600.0,3.5227
"2021-03-08 04:16:07",553200.0,3.5227
"2021-03-08 04:26:07",553800.0,3.6847
"2021-03-08 04:36:07",554400.0,3.8542
"2021-03-08 04:46:07",555000.0,4.2170
"2021-03-08 04:56:07",555600.0,5.0481
"2021-03-08 05:06:07",556200.0,5.5232
"2021-03-08 05:16:07",556800.0,6.3209
"2021-03-08 05:26:07",557400.0,7.9148
"2021-03-08 05:36:07",558000.0,9.0580
"2021-03-08 05:46:07",558600.0,12.4094
"2021-03-08 05:56:07",559200.0,14.8551
"2021-03-08 06:06:07",559800.0,17.7828
"2021-03-08 06:16:07",560400.0,23.2910
"2021-03-08 06:26:07",561000.0,26.6552
"2021-03-08 06:36:07",561600.0,29.1638
"2021-03-08 06:46:07",562200.0,33.3762
"2021-03-08 06:56:07",562800.0,34.9115
"2021-03-08 07:06:07",563400.0,45.7253
"2021-03-08 07:16:07",564000.0,52.3299
"2021-03-08 07:26:07",564600.0,59.8885
"2021-03-08 07:36:07",565200.0,78.4389
"2021-03-08 07:46:07",565800.0,89.7687
"2021-03-08 07:56:07",566400.0,107.4608
"2021-03-08 08:06:07",567000.0,117.5743
"2021-03-08 08:16:07",567600.0,128.6397
"2021-03-08 08:26:07",568200.0,153.9927
"2021-03-08 08:36:07",568800.0,168.4855
"2021-03-08 08:46:07",569400.0,176.2356
"2021-03-08 08:56:07",570000.0,201.6915
"2021-03-08 09:06:07",570600.0,210.9691
"2021-03-08 09:16:07",571200.0,230.8242
"2021-03-08 09:26:07",571800.0,241.4418
"2021-03-08 09:36:07",572400.0,241.4418
"2021-03-08 09:46:07",573000.0,241.4418
"2021-03-08 09:56:07",573600.0,241.4418
"2021-03-08 10:06:07",574200.0,241.4418
"2021-03-08 10:16:07",574800.0,241.4418
"2021-03-08 10:26:07",575400.0,241.4418
"2021-03-08 10:36:07",576000.0,241.4418
"2021-03-08 10:46:07",576600.0,241.4418
"2021-03-08 10:56:07",577200.0,241.4418
"2021-03-08 11:06:07",577800.0,241.4418
"2021-03-08 11:16:07",578400.0,241.4418
"2021-03-08 11:26:07",579000.0,241.4418
"2021-03-08 11:36:07",579600.0,241.4418
"2021-03-08 11:46:07",580200.0,241.4418
"2021-03-08 11:56:07",580800.0,241.4418
"2021-03-08 12:06:07",581400.0,241.4418
"2021-03-08 12:16:07",582000.0,241.4418
"2021-03-08 12:26:07",582600.0,230.8242
"2021-03-08 12:36:07",583200.0,220.6734
"2021-03-08 12:46:07",583800.0,192.8219
"2021-03-08 12:56:07",584400.0,184.3423
"2021-03-08 13:06:07",585000.0,161.0762
"2021-03-08 13:16:07",585600.0,153.9927
"2021-03-08 13:26:07",586200.0,140.7465
"2021-03-08 13:36:07",586800.0,122.9826
"2021-03-08 13:46:07",587400.0,112.4039
"2021-03-08 13:56:07",588000.0,89.7687
"2021-03-08 14:06:07",588600.0,78.4389
"2021-03-08 14:16:07",589200.0,71.6917
"2021-03-08 14:26:07",589800.0,52.3299
"2021-03-08 14:36:07",590400.0,45.7253
"2021-03-08 14:46:07",591000.0,39.9542
"2021-03-08 14:56:07",591600.0,33.3762
"2021-03-08 15:06:07",592200.0,33.3762
"2021-03-08 15:16:07",592800.0,26.6552
"2021-03-08 15:26:07",593400.0,23.2910
"2021-03-08 15:36:07",594000.0,20.3514
"2021-03-08 15:46:07",594600.0,14.8551
"2021-03-08 15:56:07",595200.0,12.4094
"2021-03-08 16:06:07",595800.0,9.0580
"2021-03-08 16:16:07",596400.0,7.9148
"2021-03-08 16:26:07",597000.0,6.9158
"2021-03-08 16:36:07",597600.0,5.5232
"2021-03-08 16:46:07",598200.0,5.0481
"2021-03-08 16:56:07",598800.0,4.2170
"2021-03-08 17:06:07",599400.0,4.0315
"2021-03-08 17:16:07",600000.0,3.6847
"2021-03-08 17:26:07",600600.0,3.5227
"2021-03-08 17:36:07",601200.0,3.5227
"2021-03-08 17:46:07",601800.0,3.5227
"2021-03-08 17:56:07",602400.0,3.5227
"2021-03-08 18:06:07",603000.0,3.3678
"2021-03-08 18:16:07",603600.0,3.3678
"2021-03-08 18:26:07",604200.0,3.3678
"2021-03-08 18:36:07",604800.0,3.3678
"2021-03-08 18:46:07",605400.0,3.3678
"2021-03-08 18:56:07",606000.0,3.3678
"2021-03-08 19:06:07",606600.0,3.3678
"2021-03-08 19:16:07",607200.0,3.5227
"2021-03-08 19:26:07",607800.0,3.5227
"2021-03-08 19:36:07",608400.0,3.5227
"2021-03-08 19:46:07",609000.0,3.3678
"2021-03-08 19:56:07",609600.0,3.3678
"2021-03-08 20:06:07",610200.0,3.3678
"2021-03-08 20:16:07",610800.0,3.3678
"2021-03-08 20:26:07",611400.0,3.3678
"2021-03-08 20:36:07",612000.0,3.5227
"2021-03-08 20:46:07",612600.0,3.5227
"2021-03-08 20:56:07",613200.0,3.5227
"2021-03-08 21:06:07",613800.0,3.5227
"2021-03-08 21:16:07",614400.0,3.3678
"2021-03-08 21:26:07",615000.0,3.5227
"2021-03-08 21:36:07",615600.0,3.5227
"2021-03-08 21:46:07",616200.0,3.3678
"2021-03-08 21:56:07",616800.0,3.3678
"2021-03-08 22:06:07",617400.0,3.3678
"2021-03-08 22:16:07",618000.0,3.3678
"2021-03-08 22:26:07",618600.0,3.3678
"2021-03-08 22:36:07",619200.0,3.5227
"2021-03-08 22:46:07",619800.0,3.3678
"2021-03-08 22:56:07",620400.0,3.5227
"2021-03-08 23:06:07",621000.0,3.3678
"2021-03-08 23:16:07",621600.0,3.5227
"2021-03-08 23:26:07",622200.0,3.5227
"2021-03-08 23:36:07",622800.0,3.3678
"2021-03-08 23:46:07",623400.0,3.3678
"2021-03-08 23:56:07",624000.0,3.3678
"2021-03-09 00:06:07",624600.0,3.3678
"2021-03-09 00:16:07",625200.0,3.3678
"2021-03-09 00:26:07",625800.0,3.3678
"2021-03-09 00:36:07",626400.0,3.3678
"2021-03-09 00:46:07",627000.0,3.3678
"2021-03-09 00:56:07",627600.0,3.3678
"2021-03-09 01:06:07",628200.0,3.3678
"2021-03-09 01:16:07",628800.0,3.3678
"2021-03-09 01:26:07",629400.0,3.3678
"2021-03-09 01:36:07",630000.0,3.3678
"2021-03-09 01:46:07",630600.0,3.3678
"2021-03-09 01:56:07",631200.0,3.5227
"2021-03-09 02:06:07",631800.0,3.5227
"2021-03-09 02:16:07",632400.0,3.3678
"2021-03-09 02:26:07",633000.0,3.3678
"2021-03-09 02:36:07",633600.0,3.3678
"2021-03-09 02:46:07",634200.0,3.5227
"2021-03-09 02:56:07",634800.0,3.5227
"2021-03-09 03:06:07",635400.0,3.3678
"2021-03-09 03:16:07",636000.0,3.3678
"2021-03-09 03:26:07",636600.0,3.3678
"2021-03-09 03:36:07",637200.0,3.3678
"2021-03-09 03:46:07",637800.0,3.5227
"2021-03-09 03:56:07",638400.0,3.5227
"2021-03-09 04:06:07",639000.0,3.5227
"2021-03-09 04:16:07",639600.0,3.6847
"2021-03-09 04:26:07",640200.0,3.8542
"2021-03-09 04:36:07",640800.0,4.4109
"2021-03-09 04:46:07",641400.0,4.8261
"2021-03-09 04:56:07",642000.0,5.7772
"2021-03-09 05:06:07",642600.0,6.3209
"2021-03-09 05:16:07",643200.0,7.2339
"2021-03-09 05:26:07",643800.0,9.4746
"2021-03-09 05:36:07",644400.0,11.3419
"2021-03-09 05:46:07",645000.0,16.2531
"2021-03-09 05:56:07",645600.0,18.6008
"2021-03-09 06:06:07",646200.0,21.2875
"2021-03-09 06:16:07",646800.0,27.8813
"2021-03-09 06:26:07",647400.0,31.9085
"2021-03-09 06:36:07",648000.0,33.3762
"2021-03-09 06:46:07",648600.0,36.5174
"2021-03-09 06:56:07",649200.0,41.7921
"2021-03-09 07:06:07",649800.0,57.2549
"2021-03-09 07:16:07",650400.0,65.5249
"2021-03-09 07:26:07",651000.0,74.9894
"2021-03-09 07:36:07",651600.0,89.7687
"2021-03-09 07:46:07",652200.0,102.7351
"2021-03-09 07:56:07",652800.0,122.9826
"2021-03-09 08:06:07",653400.0,134.5570
"2021-03-09 08:16:07",654000.0,147.2207
"2021-03-09 08:26:07",654600.0,168.4855
"2021-03-09 08:36:07",655200.0,176.2356
"2021-03-09 08:46:07",655800.0,192.8219
"2021-03-09 08:56:07",656400.0,210.9691
"2021-03-09 09:06:07",657000.0,230.8242
"2021-03-09 09:16:07",657600.0,241.4418
"2021-03-09 09:26:07",658200.0,241.4418
"2021-03-09 09:36:07",658800.0,241.4418
"2021-03-09 09:46:07",659400.0,241.4418
"2021-03-09 09:56:07",660000.0,241.4418
"2021-03-09 10:06:07",660600.0,241.4418
"2021-03-09 10:16:07",661200.0,241.4418
"2021-03-09 10:26:07",661800.0,241.4418
"2021-03-09 10:36:07",662400.0,241.4418
"2021-03-09 10:46:07",663000.0,241.4418
"2021-03-09 10:56:07",663600.0,241.4418
"2021-03-09 11:06:07",664200.0,241.4418
"2021-03-09 11:16:07",664800.0,241.4418
"2021-03-09 11:26:07",665400.0,241.4418
"2021-03-09 11:36:07",666000.0,241.4418
"2021-03-09 11:46:07",666600.0,241.4418
"2021-03-09 11:56:07",667200.0,241.4418
"2021-03-09 12:06:07",667800.0,241.4418
"2021-03-09 12:16:07",668400.0,241.4418
"2021-03-09 12:26:07",669000.0,241.4418
"2021-03-09 12:36:07",669600.0,241.4418
"2021-03-09 12:46:07",670200.0,210.9691
"2021-03-09 12:56:07",670800.0,201.6915
"2021-03-09 13:06:07",671400.0,184.3423
"2021-03-09 13:16:07",672000.0,168.4855
"2021-03-09 13:26:07",672600.0,161.0762
"2021-03-09 13:36:07",673200.0,134.5570
"2021-03-09 13:46:07",673800.0,122.9826
"2021-03-09 13:56:07",674400.0,102.7351
"2021-03-09 14:06:07",675000.0,93.8980
"2021-03-09 14:16:07",675600.0,82.0470
"2021-03-09 14:26:07",676200.0,65.5249
"2021-03-09 14:36:07",676800.0,57.2549
"2021-03-09 14:46:07",677400.0,47.8286
"2021-03-09 14:56:07",678000.0,38.1972
"2021-03-09 15:06:07",678600.0,33.3762
"2021-03-09 15:16:07",679200.0,31.9085
"2021-03-09 15:26:07",679800.0,27.8813
"2021-03-09 15:36:07",680400.0,24.3623
"2021-03-09 15:46:07",681000.0,18.6008
"2021-03-09 15:56:07",681600.0,16.2531
"2021-03-09 16:06:07",682200.0,11.3419
"2021-03-09 16:16:07",682800.0,9.4746
"2021-03-09 16:26:07",683400.0,8.2788
"2021-03-09 16:36:07",684000.0,6.3209
"2021-03-09 16:46:07",684600.0,5.7772
"2021-03-09 16:56:07",685200.0,4.8261
"2021-03-09 17:06:07",685800.0,4.4109
"2021-03-09 17:16:07",686400.0,4.0315
"2021-03-09 17:26:07",687000.0,3.6847
"2021-03-09 17:36:07",687600.0,3.5227
"2021-03-09 17:46:07",688200.0,3.5227
"2021-03-09 17:56:07",688800.0,3.5227
"2021-03-09 18:06:07",689400.0,3.5227
"2021-03-09 18:16:07",690000.0,3.3678
"2021-03-09 18:26:07",690600.0,3.3678
"2021-03-09 18:36:07",691200.0,3.3678
"2021-03-09 18:46:07",691800.0,3.5227
"2021-03-09 18:56:07",692400.0,3.3678
"2021-03-09 19:06:07",693000.0,3.3678
"2021-03-09 19:16:07",693600.0,3.3678
"2021-03-09 19:26:07",694200.0,3.3678
"2021-03-09 19:36:07",694800.0,3.3678
"2021-03-09 19:46:07",695400.0,3.3678
"2021-03-09 19:56:07",696000.0,3.3678
"2021-03-09 20:06:07",696600.0,3.3678
"2021-03-09 20:16:07",697200.0,3.3678
"2021-03-09 20:26:07",697800.0,3.3678
"2021-03-09 20:36:07",698400.0,3.3678
"2021-03-09 20:46:07",699000.0,3.3678
"2021-03-09 20:56:07",699600.0,3.5227
"2021-03-09 21:06:07",700200.0,3.3678
"2021-03-09 21:16:07",700800.0,3.5227
"2021-03-09 21:26:07",701400.0,3.3678
"2021-03-09 21:36:07",702000.0,3.3678
"2021-03-09 21:46:07",702600.0,3.3678
"2021-03-09 21:56:07",703200.0,3.3678
"2021-03-09 22:06:07",703800.0,3.3678
"2021-03-09 22:16:07",704400.0,3.3678
"2021-03-09 22:26:07",705000.0,3.5227
"2021-03-09 22:36:07",705600.0,3.3678
"2021-03-09 22:46:07",706200.0,3.5227
"2021-03-09 22:56:07",706800.0,3.3678
"2021-03-09 23:06:07",707400.0,3.3678
"2021-03-09 23:16:07",708000.0,3.3678
"2021-03-09 23:26:07",708600.0,3.3678
"2021-03-09 23:36:07",709200.0,3.3678
"2021-03-09 23:46:07",709800.0,3.3678
"2021-03-09 23:56:07",710400.0,3.3678
"2021-03-10 00:06:07",711000.0,3.5227
"2021-03-10 00:16:07",711600.0,3.3678
"2021-03-10 00:26:07",712200.0,3.3678
"2021-03-10 00:36:07",712800.0,3.3678
"2021-03-10 00:46:07",713400.0,3.3678
"2021-03-10 00:56:07",714000.0,3.3678
"2021-03-10 01:06:07",714600.0,3.3678
"2021-03-10 01:16:07",715200.0,3.3678
"2021-03-10 01:26:07",715800.0,3.3678
"2021-03-10 01:36:07",716400.0,3.3678
"2021-03-10 01:46:07",717000.0,3.3678
"2021-03-10 01:56:07",717600.0,3.3678
"2021-03-10 02:06:07",718200.0,3.3678
"2021-03-10 02:16:07",718800.0,3.3678
"2021-03-10 02:26:07",719400.0,3.3678
"2021-03-10 02:36:07",720000.0,3.3678
"2021-03-10 02:46:07",720600.0,3.3678
"2021-03-10 02:56:07",721200.0,3.3678
"2021-03-10 03:06:07",721800.0,3.3678
"2021-03-10 03:16:07",722400.0,3.3678
"2021-03-10 03:26:07",723000.0,3.5227
"2021-03-10 03:36:07",723600.0,3.3678
"2021-03-10 03:46:07",724200.0,3.5227
"2021-03-10 03:56:07",724800.0,3.5227
"2021-03-10 04:06:07",725400.0,3.5227
"2021-03-10 04:16:07",726000.0,3.6847
"2021-03-10 04:26:07",726600.0,3.8542
"2021-03-10 04:36:07",727200.0,4.4109
"2021-03-10 04:46:07",727800.0,4.8261
"2021-03-10 04:56:07",728400.0,5.7772
"2021-03-10 05:06:07",729000.0,6.3209
"2021-03-10 05:16:07",729600.0,7.2339
"2021-03-10 05:26:07",730200.0,9.4746
"2021-03-10 05:36:07",730800.0,11.3419
"2021-03-10 05:46:07",731400.0,15.5384
"2021-03-10 05:56:07",732000.0,18.6008
"2021-03-10 06:06:07",732600.0,21.2875
"2021-03-10 06:16:07",733200.0,27.8813
"2021-03-10 06:26:07",733800.0,31.9085
"2021-03-10 06:36:07",734400.0,33.3762
"2021-03-10 06:46:07",735000.0,36.5174
"2021-03-10 06:56:07",735600.0,41.7921
"2021-03-10 07:06:07",736200.0,57.2549
"2021-03-10 07:16:07",736800.0,65.5249
"2021-03-10 07:26:07",737400.0,71.6917
"2021-03-10 07:36:07",738000.0,93.8980
"2021-03-10 07:46:07",738600.0,102.7351
"2021-03-10 07:56:07",739200.0,122.9826
"2021-03-10 08:06:07",739800.0,134.5570
"2021-03-10 08:16:07",740400.0,147.2207
"2021-03-10 08:26:07",741000.0,168.4855
"2021-03-10 08:36:07",741600.0,184.3423
"2021-03-10 08:46:07",742200.0,192.8219
"2021-03-10 08:56:07",742800.0,220.6734
"2021-03-10 09:06:07",743400.0,230.8242
"2021-03-10 09:16:07",744000.0,241.4418
"2021-03-10 09:26:07",744600.0,241.4418
"2021-03-10 09:36:07",745200.0,241.4418
"2021-03-10 09:46:07",745800.0,241.4418
"2021-03-10 09:56:07",746400.0,241.4418
"2021-03-10 10:06:07",747000.0,241.4418
"2021-03-10 10:16:07",747600.0,241.4418
"2021-03-10 10:26:07",748200.0,241.4418
"2021-03-10 10:36:07",748800.0,241.4418
"2021-03-10 10:46:07",749400.0,241.4418
"2021-03-10 10:56:07",750000.0,241.4418
"2021-03-10 11:06:07",750600.0,241.4418
"2021-03-10 11:16:07",751200.0,241.4418
"2021-03-10 11:26:07",751800.0,241.4418
"2021-03-10 11:36:07",752400.0,241.4418
"2021-03-10 11:46:07",753000.0,241.4418
"2021-03-10 11:56:07",753600.0,241.4418
"2021-03-10 12:06:07",754200.0,241.4418
"2021-03-10 12:16:07",754800.0,241.4418
"2021-03-10 12:26:07",755400.0,241.4418
"2021-03-10 12:36:07",756000.0,241.4418
"2021-03-10 12:46:07",756600.0,210.9691
"2021-03-10 12:56:07",757200.0,201.6915
"2021-03-10 13:06:07",757800.0,184.3423
"2021-03-10 13:16:07",758400.0,168.4855
"2021-03-10 13:26:07",759000.0,161.0762
"2021-03-10 13:36:07",759600.0,134.5570
"2021-03-10 13:46:07",760200.0,122.9826
"2021-03-10 13:56:07",760800.0,102.7351
"2021-03-10 14:06:07",761400.0,93.8980
"2021-03-10 14:16:07",762000.0,82.0470
"2021-03-10 14:26:07",762600.0,65.5249
"2021-03-10 14:36:07",763200.0,57.2549
"2021-03-10 14:46:07",763800.0,47.8286
"2021-03-10 14:56:07",764400.0,36.5174
"2021-03-10 15:06:07",765000.0,33.3762
"2021-03-10 15:16:07",765600.0,31.9085
"2021-03-10 15:26:07",766200.0,27.8813
"2021-03-10 15:36:07",766800.0,24.3623
"2021-03-10 15:46:07",767400.0,18.6008
"2021-03-10 15:56:07",768000.0,16.2531
"2021-03-10 16:06:07",768600.0,11.3419
"2021-03-10 16:16:07",769200.0,9.4746
"2021-03-10 16:26:07",769800.0,8.2788
"2021-03-10 16:36:07",770400.0,6.3209
"2021-03-10 16:46:07",771000.0,5.7772
"2021-03-10 16:56:07",771600.0,4.8261
"2021-03-10 17:06:07",772200.0,4.4109
"2021-03-10 17:16:07",772800.0,4.0315
"2021-03-10 17:26:07",773400.0,3.6847
"2021-03-10 17:36:07",774000.0,3.5227
"2021-03-10 17:46:07",774600.0,3.5227
"2021-03-10 17:56:07",775200.0,3.5227
"2021-03-10 18:06:07",775800.0,3.5227
"2021-03-10 18:16:07",776400.0,3.5227
"2021-03-10 18:26:07",777000.0,3.3678
"2021-03-10 18:36:07",777600.0,3.3678
"2021-03-10 18:46:07",778200.0,3.3678
"2021-03-10 18:56:07",778800.0,3.3678
"2021-03-10 19:06:07",779400.0,3.3678
"2021-03-10 19:16:07",780000.0,3.3678
"2021-03-10 19:26:07",780600.0,3.3678
"2021-03-10 19:36:07",781200.0,3.3678
"2021-03-10 19:46:07",781800.0,3.3678
"2021-03-10 19:56:07",782400.0,3.3678
"2021-03-10 20:06:07",783000.0,3.3678
"2021-03-10 20:16:07",783600.0,3.3678
"2021-03-10 20:26:07",784200.0,3.3678
"2021-03-10 20:36:07",784800.0,3.3678
"2021-03-10 20:46:07",785400.0,3.3678
"2021-03-10 20:56:07",786000.0,3.3678
"2021-03-10 21:06:07",786600.0,3.3678
"2021-03-10 21:16:07",787200.0,3.3678
"2021-03-10 21:26:07",787800.0,3.3678
"2021-03-10 21:36:07",788400.0,3.3678
"2021-03-10 21:46:07",789000.0,3.3678
"2021-03-10 21:56:07",789600.0,3.3678
"2021-03-10 22:06:07",790200.0,3.3678
"2021-03-10 22:16:07",790800.0,3.3678
"2021-03-10 22:26:07",791400.0,3.3678
"2021-03-10 22:36:07",792000.0,3.3678
"2021-03-10 22:46:07",792600.0,3.3678
"2021-03-10 22:56:07",793200.0,3.3678
"2021-03-10 23:06:07",793800.0,3.5227
"2021-03-10 23:16:07",794400.0,3.3678
"2021-03-10 23:26:07",795000.0,3.3678
"2021-03-10 23:36:07",795600.0,3.3678
"2021-03-10 23:46:07",796200.0,3.3678
"2021-03-10 23:56:07",796800.0,3.3678
"2021-03-11 00:06:07",797400.0,3.3678
"2021-03-11 00:16:07",798000.0,3.3678
"2021-03-11 00:26:07",798600.0,3.3678
"2021-03-11 00:36:07",799200.0,3.3678
"2021-03-11 00:46:07",799800.0,3.3678
"2021-03-11 00:56:07",800400.0,3.3678
"2021-03-11 01:06:07",801000.0,3.3678
"2021-03-11 01:16:07",801600.0,3.3678
"2021-03-11 01:26:07",802200.0,3.3678
"2021-03-11 01:36:07",802800.0,3.3678
"2021-03-11 01:46:07",803400.0,3.3678
"2021-03-11 01:56:07",804000.0,3.3678
"2021-03-11 02:06:07",804600.0,3.3678
"2021-03-11 02:16:07",805200.0,3.3678
"2021-03-11 02:26:07",805800.0,3.3678
"2021-03-11 02:36:07",806400.0,3.5227
"2021-03-11 02:46:07",807000.0,3.3678
"2021-03-11 02:56:07",807600.0,3.3678
"2021-03-11 03:06:07",808200.0,3.3678
"2021-03-11 03:16:07",808800.0,3.3678
"2021-03-11 03:26:07",809400.0,3.3678
"2021-03-11 03:36:07",810000.0,3.3678
"2021-03-11 03:46:07",810600.0,3.5227
"2021-03-11 03:56:07",811200.0,3.5227
"2021-03-11 04:06:07",811800.0,3.6847
"2021-03-11 04:16:07",812400.0,3.8542
"2021-03-11 04:26:07",813000.0,4.2170
"2021-03-11 04:36:07",813600.0,5.0481
"2021-03-11 04:46:07",814200.0,5.5232
"2021-03-11 04:56:07",814800.0,6.6117
"2021-03-11 05:06:07",815400.0,7.5667
"2021-03-11 05:16:07",816000.0,9.0580
"2021-03-11 05:26:07",816600.0,12.4094
"2021-03-11 05:36:07",817200.0,14.8551
"2021-03-11 05:46:07",817800.0,19.4564
"2021-03-11 05:56:07",818400.0,23.2910
"2021-03-11 06:06:07",819000.0,25.4830
"2021-03-11 06:16:07",819600.0,33.3762
"2021-03-11 06:26:07",820200.0,33.3762
"2021-03-11 06:36:07",820800.0,34.9115
"2021-03-11 06:46:07",821400.0,43.7144
"2021-03-11 06:56:07",822000.0,52.3299
"2021-03-11 07:06:07",822600.0,68.5390
"2021-03-11 07:16:07",823200.0,78.4389
"2021-03-11 07:26:07",823800.0,85.8210
"2021-03-11 07:36:07",824400.0,107.4608
"2021-03-11 07:46:07",825000.0,117.5743
"2021-03-11 07:56:07",825600.0,140.7465
"2021-03-11 08:06:07",826200.0,153.9927
"2021-03-11 08:16:07",826800.0,161.0762
"2021-03-11 08:26:07",827400.0,184.3423
"2021-03-11 08:36:07",828000.0,201.6915
"2021-03-11 08:46:07",828600.0,210.9691
"2021-03-11 08:56:07",829200.0,230.8242
"2021-03-11 09:06:07",829800.0,241.4418
"2021-03-11 09:16:07",830400.0,241.4418
"2021-03-11 09:26:07",831000.0,241.4418
"2021-03-11 09:36:07",831600.0,241.4418
"2021-03-11 09:46:07",832200.0,241.4418
"2021-03-11 09:56:07",832800.0,241.4418
"2021-03-11 10:06:07",833400.0,241.4418
"2021-03-11 10:16:07",834000.0,241.4418
"2021-03-11 10:26:07",834600.0,241.4418
"2021-03-11 10:36:07",835200.0,241.4418
"2021-03-11 10:46:07",835800.0,241.4418
"2021-03-11 10:56:07",836400.0,241.4418
"2021-03-11 11:06:07",837000.0,241.4418
"2021-03-11 11:16:07",837600.0,241.4418
"2021-03-11 11:26:07",838200.0,241.4418
"2021-03-11 11:36:07",838800.0,241.4418
"2021-03-11 11:46:07",839400.0,241.4418
"2021-03-11 11:56:07",840000.0,241.4418
"2021-03-11 12:06:07",840600.0,241.4418
"2021-03-11 12:16:07",841200.0,241.4418
"2021-03-11 12:26:07",841800.0,241.4418
"2021-03-11 12:36:07",842400.0,241.4418
"2021-03-11 12:46:07",843000.0,230.8242
"2021-03-11 12:56:07",843600.0,220.6734
"2021-03-11 13:06:07",844200.0,201.6915
"2021-03-11 13:16:07",844800.0,184.3423
"2021-03-11 13:26:07",845400.0,176.2356
"2021-03-11 13:36:07",846000.0,153.9927
"2021-03-11 13:46:07",846600.0,140.7465
"2021-03-11 13:56:07",847200.0,117.5743
"2021-03-11 14:06:07",847800.0,107.4608
"2021-03-11 14:16:07",848400.0,98.2172
"2021-03-11 14:26:07",849000.0,78.4389
"2021-03-11 14:36:07",849600.0,68.5390
"2021-03-11 14:46:07",850200.0,59.8885
"2021-03-11 14:56:07",850800.0,7.5667
"2021-03-11 15:06:07",851400.0,161.0762
"2021-03-11 15:16:07",852000.0,140.7465
"2021-03-11 15:26:07",852600.0,567.4221
"2021-03-11 15:36:07",853200.0,82.0470
"2021-03-11 15:46:07",853800.0,65.5249
"2021-03-11 15:56:07",854400.0,52.3299
"2021-03-11 16:06:07",855000.0,43.7144
"2021-03-11 16:16:07",855600.0,11.8637
"2021-03-11 16:26:07",856200.0,8.6596
"2021-03-11 16:36:07",856800.0,6.9158
"2021-03-11 16:46:07",857400.0,5.7772
"2021-03-11 16:56:07",858000.0,5.2803
"2021-03-11 17:06:07",858600.0,5.0481
"2021-03-11 17:16:07",859200.0,5.0481
"2021-03-11 17:26:07",859800.0,5.0481
"2021-03-11 17:36:07",860400.0,4.8261
"2021-03-11 17:46:07",861000.0,4.8261
"2021-03-11 17:56:07",861600.0,4.8261
"2021-03-11 18:06:07",862200.0,4.8261
"2021-03-11 18:16:07",862800.0,4.8261
"2021-03-11 18:26:07",863400.0,4.8261
"2021-03-11 18:36:07",864000.0,4.8261
"2021-03-11 18:46:07",864600.0,4.8261
"2021-03-11 18:56:07",865200.0,4.8261
"2021-03-11 19:06:07",865800.0,4.8261
"2021-03-11 19:16:07",866400.0,4.8261
"2021-03-11 19:26:07",867000.0,4.8261
"2021-03-11 19:36:07",867600.0,4.8261
"2021-03-11 19:46:07",868200.0,4.8261
"2021-03-11 19:56:07",868800.0,4.8261
"2021-03-11 20:06:07",869400.0,4.8261
"2021-03-11 20:16:07",870000.0,4.8261
"2021-03-11 20:26:07",870600.0,4.8261
"2021-03-11 20:36:07",871200.0,4.8261
"2021-03-11 20:46:07",871800.0,4.8261
"2021-03-11 20:56:07",872400.0,4.8261
"2021-03-11 21:06:07",873000.0,4.8261
"2021-03-11 21:16:07",873600.0,4.8261
"2021-03-11 21:26:07",874200.0,4.8261
"2021-03-11 21:36:07",874800.0,4.8261
"2021-03-11 21:46:07",875400.0,4.8261
"2021-03-11 21:56:07",876000.0,4.8261
"2021-03-11 22:06:07",876600.0,4.8261
"2021-03-11 22:16:07",877200.0,4.8261
"2021-03-11 22:26:07",877800.0,4.8261
"2021-03-11 22:36:07",878400.0,4.8261
"2021-03-11 22:46:07",879000.0,4.8261
"2021-03-11 22:56:07",879600.0,4.8261
"2021-03-11 23:06:07",880200.0,4.8261
"2021-03-11 23:16:07",880800.0,4.8261
"2021-03-11 23:26:07",881400.0,4.8261
"2021-03-11 23:36:07",882000.0,4.8261
"2021-03-11 23:46:07",882600.0,4.8261
"2021-03-11 23:56:07",883200.0,4.8261
"2021-03-12 00:06:07",883800.0,4.8261
"2021-03-12 00:16:07",884400.0,4.8261
"2021-03-12 00:26:07",885000.0,4.8261
"2021-03-12 00:36:07",885600.0,4.8261
"2021-03-12 00:46:07",886200.0,4.8261
"2021-03-12 00:56:07",886800.0,4.8261
"2021-03-12 01:06:07",887400.0,4.6138
"2021-03-12 01:16:07",888000.0,4.6138
"2021-03-12 01:26:07",888600.0,4.8261
"2021-03-12 01:36:07",889200.0,4.6138
"2021-03-12 01:46:07",889800.0,4.6138
"2021-03-12 01:56:07",890400.0,4.6138
"2021-03-12 02:06:07",891000.0,4.8261
"2021-03-12 02:16:07",891600.0,4.8261
"2021-03-12 02:26:07",892200.0,4.6138
"2021-03-12 02:36:07",892800.0,4.6138
"2021-03-12 02:46:07",893400.0,4.6138
"2021-03-12 02:56:07",894000.0,4.8261
"2021-03-12 03:06:07",894600.0,4.6138
"2021-03-12 03:16:07",895200.0,4.6138
"2021-03-12 03:26:07",895800.0,4.8261
"2021-03-12 03:36:07",896400.0,4.8261
"2021-03-12 03:46:07",897000.0,4.6138
"2021-03-12 03:56:07",897600.0,4.8261
"2021-03-12 04:06:07",898200.0,4.8261
"2021-03-12 04:16:07",898800.0,4.8261
"2021-03-12 04:26:07",899400.0,4.8261
"2021-03-12 04:36:07",900000.0,5.5232
"2021-03-12 04:46:07",900600.0,6.3209
"2021-03-12 04:56:07",901200.0,8.2788
"2021-03-12 05:06:07",901800.0,10.3663
"2021-03-12 05:16:07",902400.0,12.9802
"2021-03-12 05:26:07",903000.0,20.3514
"2021-03-12 05:36:07",903600.0,30.5053
"2021-03-12 05:46:07",904200.0,52.3299
"2021-03-12 05:56:07",904800.0,74.9894
"2021-03-12 06:06:07",905400.0,107.4608
"2021-03-12 06:16:07",906000.0,147.2207
"2021-03-12 06:26:07",906600.0,176.2356
"2021-03-12 06:36:07",907200.0,210.9691
"2021-03-12 06:46:07",907800.0,302.3213
"2021-03-12 06:56:07",908400.0,252.5479
"2021-03-12 07:06:07",909000.0,252.5479
"2021-03-12 07:16:07",909600.0,345.9892
"2021-03-12 07:26:07",910200.0,395.9645
"2021-03-12 07:36:07",910800.0,316.2278
"2021-03-12 07:46:07",911400.0,276.3161
"2021-03-12 07:56:07",912000.0,252.5479
"2021-03-12 08:06:07",912600.0,264.1648
"2021-03-12 08:16:07",913200.0,302.3213
"2021-03-12 08:26:07",913800.0,330.7739
"2021-03-12 08:36:07",914400.0,361.9043
"2021-03-12 08:46:07",915000.0,378.5515
"2021-03-12 08:56:07",915600.0,395.9645
"2021-03-12 09:06:07",916200.0,345.9892
"2021-03-12 09:16:07",916800.0,361.9043
"2021-03-12 09:26:07",917400.0,378.5515
"2021-03-12 09:36:07",918000.0,433.2302
"2021-03-12 09:46:07",918600.0,453.1584
"2021-03-12 09:56:07",919200.0,474.0032
"2021-03-12 10:06:07",919800.0,710.4974
"2021-03-12 10:16:07",920400.0,495.8068
"2021-03-12 10:26:07",921000.0,495.8068
"2021-03-12 10:36:07",921600.0,474.0032
"2021-03-12 10:46:07",922200.0,453.1584
