"Date and Time","Time (seconds)","iSBJORN19/3-19/4 (lx)"
"2021-03-16 11:11:03",0.0,201.6915
"2021-03-16 11:41:03",1800.0,192.8219
"2021-03-16 12:11:03",3600.0,192.8219
"2021-03-16 12:41:03",5400.0,210.9691
"2021-03-16 13:11:03",7200.0,201.6915
"2021-03-16 13:41:03",9000.0,220.6734
"2021-03-16 14:11:03",10800.0,210.9691
"2021-03-16 14:41:03",12600.0,201.6915
"2021-03-16 15:11:03",14400.0,192.8219
"2021-03-16 15:41:03",16200.0,192.8219
"2021-03-16 16:11:03",18000.0,201.6915
"2021-03-16 16:41:03",19800.0,192.8219
"2021-03-16 17:11:03",21600.0,192.8219
"2021-03-16 17:41:03",23400.0,220.6734
"2021-03-16 18:11:03",25200.0,220.6734
"2021-03-16 18:41:03",27000.0,220.6734
"2021-03-16 19:11:03",28800.0,4.8261
"2021-03-16 19:41:03",30600.0,4.8261
"2021-03-16 20:11:03",32400.0,4.8261
"2021-03-16 20:41:03",34200.0,4.8261
"2021-03-16 21:11:03",36000.0,4.6138
"2021-03-16 21:41:03",37800.0,4.6138
"2021-03-16 22:11:03",39600.0,4.6138
"2021-03-16 22:41:03",41400.0,4.6138
"2021-03-16 23:11:03",43200.0,4.6138
"2021-03-16 23:41:03",45000.0,4.6138
"2021-03-17 00:11:03",46800.0,4.6138
"2021-03-17 00:41:03",48600.0,4.6138
"2021-03-17 01:11:03",50400.0,4.6138
"2021-03-17 01:41:03",52200.0,4.6138
"2021-03-17 02:11:03",54000.0,4.6138
"2021-03-17 02:41:03",55800.0,4.6138
"2021-03-17 03:11:03",57600.0,201.6915
"2021-03-17 03:41:03",59400.0,210.9691
"2021-03-17 04:11:03",61200.0,192.8219
"2021-03-17 04:41:03",63000.0,220.6734
"2021-03-17 05:11:03",64800.0,201.6915
"2021-03-17 05:41:03",66600.0,201.6915
"2021-03-17 06:11:03",68400.0,210.9691
"2021-03-17 06:41:03",70200.0,210.9691
"2021-03-17 07:11:03",72000.0,210.9691
"2021-03-17 07:41:03",73800.0,192.8219
"2021-03-17 08:11:03",75600.0,210.9691
"2021-03-17 08:41:03",77400.0,192.8219
"2021-03-17 09:11:03",79200.0,210.9691
"2021-03-17 09:41:03",81000.0,220.6734
"2021-03-17 10:11:03",82800.0,210.9691
"2021-03-17 10:41:03",84600.0,192.8219
"2021-03-17 11:11:03",86400.0,192.8219
"2021-03-17 11:41:03",88200.0,192.8219
"2021-03-17 12:11:03",90000.0,210.9691
"2021-03-17 12:41:03",91800.0,210.9691
"2021-03-17 13:11:03",93600.0,201.6915
"2021-03-17 13:41:03",95400.0,210.9691
"2021-03-17 14:11:03",97200.0,220.6734
"2021-03-17 14:41:03",99000.0,220.6734
"2021-03-17 15:11:03",100800.0,210.9691
"2021-03-17 15:41:03",102600.0,201.6915
"2021-03-17 16:11:03",104400.0,210.9691
"2021-03-17 16:41:03",106200.0,220.6734
"2021-03-17 17:11:03",108000.0,220.6734
"2021-03-17 17:41:03",109800.0,220.6734
"2021-03-17 18:11:03",111600.0,192.8219
"2021-03-17 18:41:03",113400.0,201.6915
"2021-03-17 19:11:03",115200.0,4.6138
"2021-03-17 19:41:03",117000.0,4.6138
"2021-03-17 20:11:03",118800.0,4.6138
"2021-03-17 20:41:03",120600.0,4.6138
"2021-03-17 21:11:03",122400.0,4.6138
"2021-03-17 21:41:03",124200.0,4.6138
"2021-03-17 22:11:03",126000.0,4.6138
"2021-03-17 22:41:03",127800.0,4.6138
"2021-03-17 23:11:03",129600.0,4.6138
"2021-03-17 23:41:03",131400.0,4.6138
"2021-03-18 00:11:03",133200.0,4.6138
"2021-03-18 00:41:03",135000.0,4.4109
"2021-03-18 01:11:03",136800.0,4.6138
"2021-03-18 01:41:03",138600.0,4.6138
"2021-03-18 02:11:03",140400.0,4.6138
"2021-03-18 02:41:03",142200.0,4.6138
"2021-03-18 03:11:03",144000.0,201.6915
"2021-03-18 03:41:03",145800.0,192.8219
"2021-03-18 04:11:03",147600.0,220.6734
"2021-03-18 04:41:03",149400.0,210.9691
"2021-03-18 05:11:03",151200.0,220.6734
"2021-03-18 05:41:03",153000.0,192.8219
"2021-03-18 06:11:03",154800.0,201.6915
"2021-03-18 06:41:03",156600.0,192.8219
"2021-03-18 07:11:03",158400.0,201.6915
"2021-03-18 07:41:03",160200.0,210.9691
"2021-03-18 08:11:03",162000.0,192.8219
"2021-03-18 08:41:03",163800.0,220.6734
"2021-03-18 09:11:03",165600.0,192.8219
"2021-03-18 09:41:03",167400.0,220.6734
"2021-03-18 10:11:03",169200.0,220.6734
"2021-03-18 10:41:03",171000.0,230.8242
"2021-03-18 11:11:03",172800.0,201.6915
"2021-03-18 11:41:03",174600.0,220.6734
"2021-03-18 12:11:03",176400.0,210.9691
"2021-03-18 12:41:03",178200.0,192.8219
"2021-03-18 13:11:03",180000.0,192.8219
"2021-03-18 13:41:03",181800.0,220.6734
"2021-03-18 14:11:03",183600.0,220.6734
"2021-03-18 14:41:03",185400.0,230.8242
"2021-03-18 15:11:03",187200.0,201.6915
"2021-03-18 15:41:03",189000.0,210.9691
"2021-03-18 16:11:03",190800.0,192.8219
"2021-03-18 16:41:03",192600.0,192.8219
"2021-03-18 17:11:03",194400.0,220.6734
"2021-03-18 17:41:03",196200.0,192.8219
"2021-03-18 18:11:03",198000.0,210.9691
"2021-03-18 18:41:03",199800.0,201.6915
"2021-03-18 19:11:03",201600.0,4.6138
"2021-03-18 19:41:03",203400.0,4.6138
"2021-03-18 20:11:03",205200.0,4.8261
"2021-03-18 20:41:03",207000.0,4.6138
"2021-03-18 21:11:03",208800.0,4.8261
"2021-03-18 21:41:03",210600.0,4.8261
"2021-03-18 22:11:03",212400.0,4.6138
"2021-03-18 22:41:03",214200.0,4.6138
"2021-03-18 23:11:03",216000.0,4.6138
"2021-03-18 23:41:03",217800.0,4.6138
"2021-03-19 00:11:03",219600.0,4.6138
"2021-03-19 00:41:03",221400.0,4.8261
"2021-03-19 01:11:03",223200.0,4.6138
"2021-03-19 01:41:03",225000.0,4.6138
"2021-03-19 02:11:03",226800.0,4.6138
"2021-03-19 02:41:03",228600.0,4.6138
"2021-03-19 03:11:03",230400.0,230.8242
"2021-03-19 03:41:03",232200.0,210.9691
"2021-03-19 04:11:03",234000.0,210.9691
"2021-03-19 04:41:03",235800.0,210.9691
"2021-03-19 05:11:03",237600.0,220.6734
"2021-03-19 05:41:03",239400.0,220.6734
"2021-03-19 06:11:03",241200.0,220.6734
"2021-03-19 06:41:03",243000.0,210.9691
"2021-03-19 07:11:03",244800.0,210.9691
"2021-03-19 07:41:03",246600.0,220.6734
"2021-03-19 08:11:03",248400.0,220.6734
"2021-03-19 08:41:03",250200.0,220.6734
"2021-03-19 09:11:03",252000.0,220.6734
"2021-03-19 09:41:03",253800.0,210.9691
"2021-03-19 10:11:03",255600.0,201.6915
"2021-03-19 10:41:03",257400.0,210.9691
"2021-03-19 11:11:03",259200.0,230.8242
"2021-03-19 11:41:03",261000.0,220.6734
"2021-03-19 12:11:03",262800.0,192.8219
"2021-03-19 12:41:03",264600.0,230.8242
"2021-03-19 13:11:03",266400.0,201.6915
"2021-03-19 13:41:03",268200.0,210.9691
"2021-03-19 14:11:03",270000.0,210.9691
"2021-03-19 14:41:03",271800.0,220.6734
"2021-03-19 15:11:03",273600.0,210.9691
"2021-03-19 15:41:03",275400.0,220.6734
"2021-03-19 16:11:03",277200.0,201.6915
"2021-03-19 16:41:03",279000.0,192.8219
"2021-03-19 17:11:03",280800.0,192.8219
"2021-03-19 17:41:03",282600.0,201.6915
"2021-03-19 18:11:03",284400.0,201.6915
"2021-03-19 18:41:03",286200.0,230.8242
"2021-03-19 19:11:03",288000.0,4.8261
"2021-03-19 19:41:03",289800.0,4.8261
"2021-03-19 20:11:03",291600.0,4.8261
"2021-03-19 20:41:03",293400.0,4.8261
"2021-03-19 21:11:03",295200.0,4.6138
"2021-03-19 21:41:03",297000.0,4.8261
"2021-03-19 22:11:03",298800.0,4.8261
"2021-03-19 22:41:03",300600.0,4.8261
"2021-03-19 23:11:03",302400.0,4.6138
"2021-03-19 23:41:03",304200.0,4.6138
"2021-03-20 00:11:03",306000.0,4.8261
"2021-03-20 00:41:03",307800.0,4.6138
"2021-03-20 01:11:03",309600.0,4.6138
"2021-03-20 01:41:03",311400.0,4.6138
"2021-03-20 02:11:03",313200.0,4.8261
"2021-03-20 02:41:03",315000.0,4.8261
"2021-03-20 03:11:03",316800.0,230.8242
"2021-03-20 03:41:03",318600.0,201.6915
"2021-03-20 04:11:03",320400.0,192.8219
"2021-03-20 04:41:03",322200.0,201.6915
"2021-03-20 05:11:03",324000.0,192.8219
"2021-03-20 05:41:03",325800.0,192.8219
"2021-03-20 06:11:03",327600.0,201.6915
"2021-03-20 06:41:03",329400.0,210.9691
"2021-03-20 07:11:03",331200.0,220.6734
"2021-03-20 07:41:03",333000.0,192.8219
"2021-03-20 08:11:03",334800.0,210.9691
"2021-03-20 08:41:03",336600.0,192.8219
"2021-03-20 09:11:03",338400.0,220.6734
"2021-03-20 09:41:03",340200.0,220.6734
"2021-03-20 10:11:03",342000.0,220.6734
"2021-03-20 10:41:03",343800.0,71.6917
"2021-03-20 11:11:03",345600.0,201.6915
"2021-03-20 11:41:03",347400.0,220.6734
"2021-03-20 12:11:03",349200.0,210.9691
"2021-03-20 12:41:03",351000.0,201.6915
"2021-03-20 13:11:03",352800.0,210.9691
"2021-03-20 13:41:03",354600.0,220.6734
"2021-03-20 14:11:03",356400.0,192.8219
"2021-03-20 14:41:03",358200.0,210.9691
"2021-03-20 15:11:03",360000.0,192.8219
"2021-03-20 15:41:03",361800.0,230.8242
"2021-03-20 16:11:03",363600.0,201.6915
"2021-03-20 16:41:03",365400.0,210.9691
"2021-03-20 17:11:03",367200.0,192.8219
"2021-03-20 17:41:03",369000.0,210.9691
"2021-03-20 18:11:03",370800.0,210.9691
"2021-03-20 18:41:03",372600.0,210.9691
"2021-03-20 19:11:03",374400.0,4.8261
"2021-03-20 19:41:03",376200.0,4.8261
"2021-03-20 20:11:03",378000.0,4.8261
"2021-03-20 20:41:03",379800.0,4.8261
"2021-03-20 21:11:03",381600.0,4.8261
"2021-03-20 21:41:03",383400.0,4.8261
"2021-03-20 22:11:03",385200.0,4.8261
"2021-03-20 22:41:03",387000.0,4.8261
"2021-03-20 23:11:03",388800.0,4.8261
"2021-03-20 23:41:03",390600.0,4.8261
"2021-03-21 00:11:03",392400.0,4.6138
"2021-03-21 00:41:03",394200.0,4.8261
"2021-03-21 01:11:03",396000.0,4.6138
"2021-03-21 01:41:03",397800.0,4.8261
"2021-03-21 02:11:03",399600.0,4.6138
"2021-03-21 02:41:03",401400.0,4.8261
"2021-03-21 03:11:03",403200.0,201.6915
"2021-03-21 03:41:03",405000.0,220.6734
"2021-03-21 04:11:03",406800.0,230.8242
"2021-03-21 04:41:03",408600.0,220.6734
"2021-03-21 05:11:03",410400.0,192.8219
"2021-03-21 05:41:03",412200.0,192.8219
"2021-03-21 06:11:03",414000.0,220.6734
"2021-03-21 06:41:03",415800.0,210.9691
"2021-03-21 07:11:03",417600.0,220.6734
"2021-03-21 07:41:03",419400.0,220.6734
"2021-03-21 08:11:03",421200.0,220.6734
"2021-03-21 08:41:03",423000.0,210.9691
"2021-03-21 09:11:03",424800.0,192.8219
"2021-03-21 09:41:03",426600.0,192.8219
"2021-03-21 10:11:03",428400.0,201.6915
"2021-03-21 10:41:03",430200.0,220.6734
"2021-03-21 11:11:03",432000.0,192.8219
"2021-03-21 11:41:03",433800.0,192.8219
"2021-03-21 12:11:03",435600.0,192.8219
"2021-03-21 12:41:03",437400.0,230.8242
"2021-03-21 13:11:03",439200.0,201.6915
"2021-03-21 13:41:03",441000.0,220.6734
"2021-03-21 14:11:03",442800.0,201.6915
"2021-03-21 14:41:03",444600.0,192.8219
"2021-03-21 15:11:03",446400.0,201.6915
"2021-03-21 15:41:03",448200.0,201.6915
"2021-03-21 16:11:03",450000.0,192.8219
"2021-03-21 16:41:03",451800.0,192.8219
"2021-03-21 17:11:03",453600.0,192.8219
"2021-03-21 17:41:03",455400.0,220.6734
"2021-03-21 18:11:03",457200.0,201.6915
"2021-03-21 18:41:03",459000.0,220.6734
"2021-03-21 19:11:03",460800.0,4.8261
"2021-03-21 19:41:03",462600.0,4.8261
"2021-03-21 20:11:03",464400.0,4.8261
"2021-03-21 20:41:03",466200.0,4.8261
"2021-03-21 21:11:03",468000.0,4.8261
"2021-03-21 21:41:03",469800.0,4.8261
"2021-03-21 22:11:03",471600.0,4.8261
"2021-03-21 22:41:03",473400.0,4.8261
"2021-03-21 23:11:03",475200.0,4.8261
"2021-03-21 23:41:03",477000.0,4.8261
"2021-03-22 00:11:03",478800.0,4.8261
"2021-03-22 00:41:03",480600.0,4.8261
"2021-03-22 01:11:03",482400.0,4.8261
"2021-03-22 01:41:03",484200.0,4.8261
"2021-03-22 02:11:03",486000.0,4.6138
"2021-03-22 02:41:03",487800.0,4.8261
"2021-03-22 03:11:03",489600.0,230.8242
"2021-03-22 03:41:03",491400.0,210.9691
"2021-03-22 04:11:03",493200.0,210.9691
"2021-03-22 04:41:03",495000.0,220.6734
"2021-03-22 05:11:03",496800.0,192.8219
"2021-03-22 05:41:03",498600.0,201.6915
"2021-03-22 06:11:03",500400.0,201.6915
"2021-03-22 06:41:03",502200.0,220.6734
"2021-03-22 07:11:03",504000.0,192.8219
"2021-03-22 07:41:03",505800.0,210.9691
"2021-03-22 08:11:03",507600.0,210.9691
"2021-03-22 08:41:03",509400.0,220.6734
"2021-03-22 09:11:03",511200.0,201.6915
"2021-03-22 09:41:03",513000.0,220.6734
"2021-03-22 10:11:03",514800.0,220.6734
"2021-03-22 10:41:03",516600.0,192.8219
"2021-03-22 11:11:03",518400.0,192.8219
"2021-03-22 11:41:03",520200.0,220.6734
"2021-03-22 12:11:03",522000.0,220.6734
"2021-03-22 12:41:03",523800.0,220.6734
"2021-03-22 13:11:03",525600.0,201.6915
"2021-03-22 13:41:03",527400.0,192.8219
"2021-03-22 14:11:03",529200.0,201.6915
"2021-03-22 14:41:03",531000.0,192.8219
"2021-03-22 15:11:03",532800.0,192.8219
"2021-03-22 15:41:03",534600.0,220.6734
"2021-03-22 16:11:03",536400.0,220.6734
"2021-03-22 16:41:03",538200.0,192.8219
"2021-03-22 17:11:03",540000.0,210.9691
"2021-03-22 17:41:03",541800.0,201.6915
"2021-03-22 18:11:03",543600.0,192.8219
"2021-03-22 18:41:03",545400.0,220.6734
"2021-03-22 19:11:03",547200.0,4.8261
"2021-03-22 19:41:03",549000.0,4.8261
"2021-03-22 20:11:03",550800.0,4.8261
"2021-03-22 20:41:03",552600.0,4.8261
"2021-03-22 21:11:03",554400.0,4.8261
"2021-03-22 21:41:03",556200.0,4.8261
"2021-03-22 22:11:03",558000.0,4.8261
"2021-03-22 22:41:03",559800.0,4.8261
"2021-03-22 23:11:03",561600.0,4.8261
"2021-03-22 23:41:03",563400.0,4.8261
"2021-03-23 00:11:03",565200.0,4.8261
"2021-03-23 00:41:03",567000.0,4.8261
"2021-03-23 01:11:03",568800.0,4.8261
"2021-03-23 01:41:03",570600.0,4.8261
"2021-03-23 02:11:03",572400.0,4.8261
"2021-03-23 02:41:03",574200.0,4.8261
"2021-03-23 03:11:03",576000.0,230.8242
"2021-03-23 03:41:03",577800.0,192.8219
"2021-03-23 04:11:03",579600.0,210.9691
"2021-03-23 04:41:03",581400.0,192.8219
"2021-03-23 05:11:03",583200.0,220.6734
"2021-03-23 05:41:03",585000.0,220.6734
"2021-03-23 06:11:03",586800.0,210.9691
"2021-03-23 06:41:03",588600.0,192.8219
"2021-03-23 07:11:03",590400.0,192.8219
"2021-03-23 07:41:03",592200.0,201.6915
"2021-03-23 08:11:03",594000.0,220.6734
"2021-03-23 08:41:03",595800.0,210.9691
"2021-03-23 09:11:03",597600.0,192.8219
"2021-03-23 09:41:03",599400.0,192.8219
"2021-03-23 10:11:03",601200.0,192.8219
"2021-03-23 10:41:03",603000.0,201.6915
"2021-03-23 11:11:03",604800.0,192.8219
"2021-03-23 11:41:03",606600.0,220.6734
"2021-03-23 12:11:03",608400.0,220.6734
"2021-03-23 12:41:03",610200.0,220.6734
"2021-03-23 13:11:03",612000.0,220.6734
"2021-03-23 13:41:03",613800.0,220.6734
"2021-03-23 14:11:03",615600.0,220.6734
"2021-03-23 14:41:03",617400.0,201.6915
"2021-03-23 15:11:03",619200.0,201.6915
"2021-03-23 15:41:03",621000.0,220.6734
"2021-03-23 16:11:03",622800.0,220.6734
"2021-03-23 16:41:03",624600.0,220.6734
"2021-03-23 17:11:03",626400.0,192.8219
"2021-03-23 17:41:03",628200.0,220.6734
"2021-03-23 18:11:03",630000.0,220.6734
"2021-03-23 18:41:03",631800.0,220.6734
"2021-03-23 19:11:03",633600.0,4.8261
"2021-03-23 19:41:03",635400.0,4.8261
"2021-03-23 20:11:03",637200.0,4.8261
"2021-03-23 20:41:03",639000.0,4.8261
"2021-03-23 21:11:03",640800.0,4.8261
"2021-03-23 21:41:03",642600.0,4.6138
"2021-03-23 22:11:03",644400.0,4.8261
"2021-03-23 22:41:03",646200.0,4.8261
"2021-03-23 23:11:03",648000.0,4.8261
"2021-03-23 23:41:03",649800.0,4.8261
"2021-03-24 00:11:03",651600.0,4.8261
"2021-03-24 00:41:03",653400.0,4.8261
"2021-03-24 01:11:03",655200.0,4.8261
"2021-03-24 01:41:03",657000.0,4.8261
"2021-03-24 02:11:03",658800.0,4.8261
"2021-03-24 02:41:03",660600.0,4.8261
"2021-03-24 03:11:03",662400.0,201.6915
"2021-03-24 03:41:03",664200.0,210.9691
"2021-03-24 04:11:03",666000.0,192.8219
"2021-03-24 04:41:03",667800.0,220.6734
"2021-03-24 05:11:03",669600.0,220.6734
"2021-03-24 05:41:03",671400.0,192.8219
"2021-03-24 06:11:03",673200.0,192.8219
"2021-03-24 06:41:03",675000.0,192.8219
"2021-03-24 07:11:03",676800.0,220.6734
"2021-03-24 07:41:03",678600.0,210.9691
"2021-03-24 08:11:03",680400.0,192.8219
"2021-03-24 08:41:03",682200.0,230.8242
"2021-03-24 09:11:03",684000.0,220.6734
"2021-03-24 09:41:03",685800.0,192.8219
"2021-03-24 10:11:03",687600.0,201.6915
"2021-03-24 10:41:03",689400.0,220.6734
"2021-03-24 11:11:03",691200.0,220.6734
"2021-03-24 11:41:03",693000.0,210.9691
"2021-03-24 12:11:03",694800.0,192.8219
"2021-03-24 12:41:03",696600.0,220.6734
"2021-03-24 13:11:03",698400.0,220.6734
"2021-03-24 13:41:03",700200.0,210.9691
"2021-03-24 14:11:03",702000.0,210.9691
"2021-03-24 14:41:03",703800.0,192.8219
"2021-03-24 15:11:03",705600.0,220.6734
"2021-03-24 15:41:03",707400.0,210.9691
"2021-03-24 16:11:03",709200.0,220.6734
"2021-03-24 16:41:03",711000.0,201.6915
"2021-03-24 17:11:03",712800.0,192.8219
"2021-03-24 17:41:03",714600.0,201.6915
"2021-03-24 18:11:03",716400.0,201.6915
"2021-03-24 18:41:03",718200.0,220.6734
"2021-03-24 19:11:03",720000.0,4.8261
"2021-03-24 19:41:03",721800.0,4.8261
"2021-03-24 20:11:03",723600.0,4.8261
"2021-03-24 20:41:03",725400.0,4.8261
"2021-03-24 21:11:03",727200.0,4.8261
"2021-03-24 21:41:03",729000.0,4.8261
"2021-03-24 22:11:03",730800.0,4.8261
"2021-03-24 22:41:03",732600.0,4.8261
"2021-03-24 23:11:03",734400.0,4.8261
"2021-03-24 23:41:03",736200.0,4.8261
"2021-03-25 00:11:03",738000.0,4.8261
"2021-03-25 00:41:03",739800.0,4.8261
"2021-03-25 01:11:03",741600.0,4.8261
"2021-03-25 01:41:03",743400.0,4.8261
"2021-03-25 02:11:03",745200.0,4.8261
"2021-03-25 02:41:03",747000.0,4.8261
"2021-03-25 03:11:03",748800.0,230.8242
"2021-03-25 03:41:03",750600.0,201.6915
"2021-03-25 04:11:03",752400.0,192.8219
"2021-03-25 04:41:03",754200.0,220.6734
"2021-03-25 05:11:03",756000.0,230.8242
"2021-03-25 05:41:03",757800.0,201.6915
"2021-03-25 06:11:03",759600.0,192.8219
"2021-03-25 06:41:03",761400.0,210.9691
"2021-03-25 07:11:03",763200.0,184.3423
"2021-03-25 07:41:03",765000.0,210.9691
"2021-03-25 08:11:03",766800.0,201.6915
"2021-03-25 08:41:03",768600.0,184.3423
"2021-03-25 09:11:03",770400.0,220.6734
"2021-03-25 09:41:03",772200.0,184.3423
"2021-03-25 10:11:03",774000.0,201.6915
"2021-03-25 10:41:03",775800.0,220.6734
"2021-03-25 11:11:03",777600.0,192.8219
"2021-03-25 11:41:03",779400.0,192.8219
"2021-03-25 12:11:03",781200.0,210.9691
"2021-03-25 12:41:03",783000.0,192.8219
"2021-03-25 13:11:03",784800.0,192.8219
"2021-03-25 13:41:03",786600.0,201.6915
"2021-03-25 14:11:03",788400.0,192.8219
"2021-03-25 14:41:03",790200.0,192.8219
"2021-03-25 15:11:03",792000.0,210.9691
"2021-03-25 15:41:03",793800.0,210.9691
"2021-03-25 16:11:03",795600.0,210.9691
"2021-03-25 16:41:03",797400.0,192.8219
"2021-03-25 17:11:03",799200.0,201.6915
"2021-03-25 17:41:03",801000.0,210.9691
"2021-03-25 18:11:03",802800.0,192.8219
"2021-03-25 18:41:03",804600.0,210.9691
"2021-03-25 19:11:03",806400.0,4.8261
"2021-03-25 19:41:03",808200.0,4.8261
"2021-03-25 20:11:03",810000.0,4.6138
"2021-03-25 20:41:03",811800.0,4.8261
"2021-03-25 21:11:03",813600.0,4.8261
"2021-03-25 21:41:03",815400.0,4.8261
"2021-03-25 22:11:03",817200.0,4.8261
"2021-03-25 22:41:03",819000.0,4.6138
"2021-03-25 23:11:03",820800.0,4.8261
"2021-03-25 23:41:03",822600.0,4.8261
"2021-03-26 00:11:03",824400.0,4.8261
"2021-03-26 00:41:03",826200.0,4.8261
"2021-03-26 01:11:03",828000.0,4.8261
"2021-03-26 01:41:03",829800.0,4.8261
"2021-03-26 02:11:03",831600.0,4.8261
"2021-03-26 02:41:03",833400.0,4.8261
"2021-03-26 03:11:03",835200.0,201.6915
"2021-03-26 03:41:03",837000.0,220.6734
"2021-03-26 04:11:03",838800.0,201.6915
"2021-03-26 04:41:03",840600.0,192.8219
"2021-03-26 05:11:03",842400.0,210.9691
"2021-03-26 05:41:03",844200.0,210.9691
"2021-03-26 06:11:03",846000.0,192.8219
"2021-03-26 06:41:03",847800.0,201.6915
"2021-03-26 07:11:03",849600.0,220.6734
"2021-03-26 07:41:03",851400.0,220.6734
"2021-03-26 08:11:03",853200.0,220.6734
"2021-03-26 08:41:03",855000.0,201.6915
"2021-03-26 09:11:03",856800.0,220.6734
"2021-03-26 09:41:03",858600.0,192.8219
"2021-03-26 10:11:03",860400.0,192.8219
"2021-03-26 10:41:03",862200.0,220.6734
"2021-03-26 11:11:03",864000.0,184.3423
"2021-03-26 11:41:03",865800.0,210.9691
"2021-03-26 12:11:03",867600.0,192.8219
"2021-03-26 12:41:03",869400.0,192.8219
"2021-03-26 13:11:03",871200.0,192.8219
"2021-03-26 13:41:03",873000.0,210.9691
"2021-03-26 14:11:03",874800.0,192.8219
"2021-03-26 14:41:03",876600.0,210.9691
"2021-03-26 15:11:03",878400.0,220.6734
"2021-03-26 15:41:03",880200.0,220.6734
"2021-03-26 16:11:03",882000.0,192.8219
"2021-03-26 16:41:03",883800.0,192.8219
"2021-03-26 17:11:03",885600.0,220.6734
"2021-03-26 17:41:03",887400.0,184.3423
"2021-03-26 18:11:03",889200.0,192.8219
"2021-03-26 18:41:03",891000.0,220.6734
"2021-03-26 19:11:03",892800.0,4.8261
"2021-03-26 19:41:03",894600.0,4.6138
"2021-03-26 20:11:03",896400.0,4.8261
"2021-03-26 20:41:03",898200.0,4.8261
"2021-03-26 21:11:03",900000.0,4.6138
"2021-03-26 21:41:03",901800.0,4.8261
"2021-03-26 22:11:03",903600.0,4.8261
"2021-03-26 22:41:03",905400.0,4.8261
"2021-03-26 23:11:03",907200.0,4.6138
"2021-03-26 23:41:03",909000.0,4.8261
"2021-03-27 00:11:03",910800.0,4.8261
"2021-03-27 00:41:03",912600.0,4.8261
"2021-03-27 01:11:03",914400.0,4.8261
"2021-03-27 01:41:03",916200.0,4.8261
"2021-03-27 02:11:03",918000.0,4.8261
"2021-03-27 02:41:03",919800.0,4.8261
"2021-03-27 03:11:03",921600.0,192.8219
"2021-03-27 03:41:03",923400.0,201.6915
"2021-03-27 04:11:03",925200.0,210.9691
"2021-03-27 04:41:03",927000.0,210.9691
"2021-03-27 05:11:03",928800.0,184.3423
"2021-03-27 05:41:03",930600.0,184.3423
"2021-03-27 06:11:03",932400.0,220.6734
"2021-03-27 06:41:03",934200.0,220.6734
"2021-03-27 07:11:03",936000.0,201.6915
"2021-03-27 07:41:03",937800.0,210.9691
"2021-03-27 08:11:03",939600.0,220.6734
"2021-03-27 08:41:03",941400.0,201.6915
"2021-03-27 09:11:03",943200.0,220.6734
"2021-03-27 09:41:03",945000.0,201.6915
"2021-03-27 10:11:03",946800.0,220.6734
"2021-03-27 10:41:03",948600.0,220.6734
"2021-03-27 11:11:03",950400.0,192.8219
"2021-03-27 11:41:03",952200.0,192.8219
"2021-03-27 12:11:03",954000.0,210.9691
"2021-03-27 12:41:03",955800.0,192.8219
"2021-03-27 13:11:03",957600.0,192.8219
"2021-03-27 13:41:03",959400.0,192.8219
"2021-03-27 14:11:03",961200.0,201.6915
"2021-03-27 14:41:03",963000.0,192.8219
"2021-03-27 15:11:03",964800.0,192.8219
"2021-03-27 15:41:03",966600.0,201.6915
"2021-03-27 16:11:03",968400.0,210.9691
"2021-03-27 16:41:03",970200.0,201.6915
"2021-03-27 17:11:03",972000.0,184.3423
"2021-03-27 17:41:03",973800.0,220.6734
"2021-03-27 18:11:03",975600.0,220.6734
"2021-03-27 18:41:03",977400.0,184.3423
"2021-03-27 19:11:03",979200.0,4.8261
"2021-03-27 19:41:03",981000.0,4.8261
"2021-03-27 20:11:03",982800.0,4.8261
"2021-03-27 20:41:03",984600.0,4.8261
"2021-03-27 21:11:03",986400.0,4.8261
"2021-03-27 21:41:03",988200.0,4.8261
"2021-03-27 22:11:03",990000.0,4.8261
"2021-03-27 22:41:03",991800.0,4.8261
"2021-03-27 23:11:03",993600.0,4.8261
"2021-03-27 23:41:03",995400.0,4.8261
"2021-03-28 00:11:03",997200.0,4.8261
"2021-03-28 00:41:03",999000.0,4.8261
"2021-03-28 01:11:03",1000800.0,4.8261
"2021-03-28 01:41:03",1002600.0,4.8261
"2021-03-28 02:11:03",1004400.0,230.8242
"2021-03-28 02:41:03",1006200.0,220.6734
"2021-03-28 03:11:03",1008000.0,201.6915
"2021-03-28 03:41:03",1009800.0,201.6915
"2021-03-28 04:11:03",1011600.0,220.6734
"2021-03-28 04:41:03",1013400.0,201.6915
"2021-03-28 05:11:03",1015200.0,184.3423
"2021-03-28 05:41:03",1017000.0,192.8219
"2021-03-28 06:11:03",1018800.0,210.9691
"2021-03-28 06:41:03",1020600.0,220.6734
"2021-03-28 07:11:03",1022400.0,220.6734
"2021-03-28 07:41:03",1024200.0,201.6915
"2021-03-28 08:11:03",1026000.0,220.6734
"2021-03-28 08:41:03",1027800.0,192.8219
"2021-03-28 09:11:03",1029600.0,192.8219
"2021-03-28 09:41:03",1031400.0,210.9691
"2021-03-28 10:11:03",1033200.0,220.6734
"2021-03-28 10:41:03",1035000.0,201.6915
"2021-03-28 11:11:03",1036800.0,220.6734
"2021-03-28 11:41:03",1038600.0,210.9691
"2021-03-28 12:11:03",1040400.0,192.8219
"2021-03-28 12:41:03",1042200.0,192.8219
"2021-03-28 13:11:03",1044000.0,192.8219
"2021-03-28 13:41:03",1045800.0,201.6915
"2021-03-28 14:11:03",1047600.0,201.6915
"2021-03-28 14:41:03",1049400.0,220.6734
"2021-03-28 15:11:03",1051200.0,220.6734
"2021-03-28 15:41:03",1053000.0,184.3423
"2021-03-28 16:11:03",1054800.0,192.8219
"2021-03-28 16:41:03",1056600.0,192.8219
"2021-03-28 17:11:03",1058400.0,201.6915
"2021-03-28 17:41:03",1060200.0,220.6734
"2021-03-28 18:11:03",1062000.0,4.8261
"2021-03-28 18:41:03",1063800.0,4.8261
"2021-03-28 19:11:03",1065600.0,4.8261
"2021-03-28 19:41:03",1067400.0,4.8261
"2021-03-28 20:11:03",1069200.0,4.8261
"2021-03-28 20:41:03",1071000.0,4.8261
"2021-03-28 21:11:03",1072800.0,4.8261
"2021-03-28 21:41:03",1074600.0,4.8261
"2021-03-28 22:11:03",1076400.0,4.8261
"2021-03-28 22:41:03",1078200.0,4.8261
"2021-03-28 23:11:03",1080000.0,4.8261
"2021-03-28 23:41:03",1081800.0,4.8261
"2021-03-29 00:11:03",1083600.0,4.8261
"2021-03-29 00:41:03",1085400.0,4.8261
"2021-03-29 01:11:03",1087200.0,4.8261
"2021-03-29 01:41:03",1089000.0,4.8261
"2021-03-29 02:11:03",1090800.0,210.9691
"2021-03-29 02:41:03",1092600.0,192.8219
"2021-03-29 03:11:03",1094400.0,220.6734
"2021-03-29 03:41:03",1096200.0,201.6915
"2021-03-29 04:11:03",1098000.0,220.6734
"2021-03-29 04:41:03",1099800.0,192.8219
"2021-03-29 05:11:03",1101600.0,201.6915
"2021-03-29 05:41:03",1103400.0,220.6734
"2021-03-29 06:11:03",1105200.0,192.8219
"2021-03-29 06:41:03",1107000.0,201.6915
"2021-03-29 07:11:03",1108800.0,220.6734
"2021-03-29 07:41:03",1110600.0,220.6734
"2021-03-29 08:11:03",1112400.0,220.6734
"2021-03-29 08:41:03",1114200.0,220.6734
"2021-03-29 09:11:03",1116000.0,220.6734
"2021-03-29 09:41:03",1117800.0,220.6734
"2021-03-29 10:11:03",1119600.0,184.3423
"2021-03-29 10:41:03",1121400.0,220.6734
"2021-03-29 11:11:03",1123200.0,210.9691
"2021-03-29 11:41:03",1125000.0,201.6915
"2021-03-29 12:11:03",1126800.0,201.6915
"2021-03-29 12:41:03",1128600.0,210.9691
"2021-03-29 13:11:03",1130400.0,192.8219
"2021-03-29 13:41:03",1132200.0,210.9691
"2021-03-29 14:11:03",1134000.0,220.6734
"2021-03-29 14:41:03",1135800.0,220.6734
"2021-03-29 15:11:03",1137600.0,192.8219
"2021-03-29 15:41:03",1139400.0,201.6915
"2021-03-29 16:11:03",1141200.0,210.9691
"2021-03-29 16:41:03",1143000.0,184.3423
"2021-03-29 17:11:03",1144800.0,220.6734
"2021-03-29 17:41:03",1146600.0,201.6915
"2021-03-29 18:11:03",1148400.0,4.8261
"2021-03-29 18:41:03",1150200.0,4.8261
"2021-03-29 19:11:03",1152000.0,4.8261
"2021-03-29 19:41:03",1153800.0,4.8261
"2021-03-29 20:11:03",1155600.0,4.8261
"2021-03-29 20:41:03",1157400.0,4.8261
"2021-03-29 21:11:03",1159200.0,4.6138
"2021-03-29 21:41:03",1161000.0,4.8261
"2021-03-29 22:11:03",1162800.0,4.8261
"2021-03-29 22:41:03",1164600.0,4.8261
"2021-03-29 23:11:03",1166400.0,4.8261
"2021-03-29 23:41:03",1168200.0,4.8261
"2021-03-30 00:11:03",1170000.0,4.8261
"2021-03-30 00:41:03",1171800.0,4.8261
"2021-03-30 01:11:03",1173600.0,4.8261
"2021-03-30 01:41:03",1175400.0,4.8261
"2021-03-30 02:11:03",1177200.0,220.6734
"2021-03-30 02:41:03",1179000.0,220.6734
"2021-03-30 03:11:03",1180800.0,184.3423
"2021-03-30 03:41:03",1182600.0,220.6734
"2021-03-30 04:11:03",1184400.0,210.9691
"2021-03-30 04:41:03",1186200.0,210.9691
"2021-03-30 05:11:03",1188000.0,192.8219
"2021-03-30 05:41:03",1189800.0,201.6915
"2021-03-30 06:11:03",1191600.0,192.8219
"2021-03-30 06:41:03",1193400.0,210.9691
"2021-03-30 07:11:03",1195200.0,210.9691
"2021-03-30 07:41:03",1197000.0,220.6734
"2021-03-30 08:11:03",1198800.0,210.9691
"2021-03-30 08:41:03",1200600.0,201.6915
"2021-03-30 09:11:03",1202400.0,201.6915
"2021-03-30 09:41:03",1204200.0,210.9691
"2021-03-30 10:11:03",1206000.0,192.8219
"2021-03-30 10:41:03",1207800.0,210.9691
"2021-03-30 11:11:03",1209600.0,201.6915
"2021-03-30 11:41:03",1211400.0,210.9691
"2021-03-30 12:11:03",1213200.0,184.3423
"2021-03-30 12:41:03",1215000.0,210.9691
"2021-03-30 13:11:03",1216800.0,210.9691
"2021-03-30 13:41:03",1218600.0,184.3423
"2021-03-30 14:11:03",1220400.0,210.9691
"2021-03-30 14:41:03",1222200.0,201.6915
"2021-03-30 15:11:03",1224000.0,192.8219
"2021-03-30 15:41:03",1225800.0,210.9691
"2021-03-30 16:11:03",1227600.0,210.9691
"2021-03-30 16:41:03",1229400.0,192.8219
"2021-03-30 17:11:03",1231200.0,210.9691
"2021-03-30 17:41:03",1233000.0,220.6734
"2021-03-30 18:11:03",1234800.0,4.8261
"2021-03-30 18:41:03",1236600.0,4.8261
"2021-03-30 19:11:03",1238400.0,4.8261
"2021-03-30 19:41:03",1240200.0,4.8261
"2021-03-30 20:11:03",1242000.0,4.6138
"2021-03-30 20:41:03",1243800.0,4.8261
"2021-03-30 21:11:03",1245600.0,4.8261
"2021-03-30 21:41:03",1247400.0,4.6138
"2021-03-30 22:11:03",1249200.0,4.8261
"2021-03-30 22:41:03",1251000.0,4.8261
"2021-03-30 23:11:03",1252800.0,4.8261
"2021-03-30 23:41:03",1254600.0,4.8261
"2021-03-31 00:11:03",1256400.0,4.6138
"2021-03-31 00:41:03",1258200.0,4.8261
"2021-03-31 01:11:03",1260000.0,4.8261
"2021-03-31 01:41:03",1261800.0,4.8261
"2021-03-31 02:11:03",1263600.0,192.8219
"2021-03-31 02:41:03",1265400.0,201.6915
"2021-03-31 03:11:03",1267200.0,184.3423
"2021-03-31 03:41:03",1269000.0,210.9691
"2021-03-31 04:11:03",1270800.0,192.8219
"2021-03-31 04:41:03",1272600.0,210.9691
"2021-03-31 05:11:03",1274400.0,192.8219
"2021-03-31 05:41:03",1276200.0,210.9691
"2021-03-31 06:11:03",1278000.0,210.9691
"2021-03-31 06:41:03",1279800.0,220.6734
"2021-03-31 07:11:03",1281600.0,192.8219
"2021-03-31 07:41:03",1283400.0,184.3423
"2021-03-31 08:11:03",1285200.0,210.9691
"2021-03-31 08:41:03",1287000.0,201.6915
"2021-03-31 09:11:03",1288800.0,192.8219
"2021-03-31 09:41:03",1290600.0,220.6734
"2021-03-31 10:11:03",1292400.0,201.6915
"2021-03-31 10:41:03",1294200.0,192.8219
"2021-03-31 11:11:03",1296000.0,220.6734
"2021-03-31 11:41:03",1297800.0,192.8219
"2021-03-31 12:11:03",1299600.0,192.8219
"2021-03-31 12:41:03",1301400.0,192.8219
"2021-03-31 13:11:03",1303200.0,201.6915
"2021-03-31 13:41:03",1305000.0,220.6734
"2021-03-31 14:11:03",1306800.0,201.6915
"2021-03-31 14:41:03",1308600.0,220.6734
"2021-03-31 15:11:03",1310400.0,220.6734
"2021-03-31 15:41:03",1312200.0,192.8219
"2021-03-31 16:11:03",1314000.0,210.9691
"2021-03-31 16:41:03",1315800.0,210.9691
"2021-03-31 17:11:03",1317600.0,220.6734
"2021-03-31 17:41:03",1319400.0,220.6734
"2021-03-31 18:11:03",1321200.0,4.8261
"2021-03-31 18:41:03",1323000.0,4.8261
"2021-03-31 19:11:03",1324800.0,4.6138
"2021-03-31 19:41:03",1326600.0,4.8261
"2021-03-31 20:11:03",1328400.0,4.8261
"2021-03-31 20:41:03",1330200.0,4.8261
"2021-03-31 21:11:03",1332000.0,4.8261
"2021-03-31 21:41:03",1333800.0,4.8261
"2021-03-31 22:11:03",1335600.0,4.8261
"2021-03-31 22:41:03",1337400.0,4.8261
"2021-03-31 23:11:03",1339200.0,4.8261
"2021-03-31 23:41:03",1341000.0,4.6138
"2021-04-01 00:11:03",1342800.0,4.6138
"2021-04-01 00:41:03",1344600.0,4.8261
"2021-04-01 01:11:03",1346400.0,4.6138
"2021-04-01 01:41:03",1348200.0,4.6138
"2021-04-01 02:11:03",1350000.0,220.6734
"2021-04-01 02:41:03",1351800.0,192.8219
"2021-04-01 03:11:03",1353600.0,184.3423
"2021-04-01 03:41:03",1355400.0,192.8219
"2021-04-01 04:11:03",1357200.0,201.6915
"2021-04-01 04:41:03",1359000.0,220.6734
"2021-04-01 05:11:03",1360800.0,184.3423
"2021-04-01 05:41:03",1362600.0,184.3423
"2021-04-01 06:11:03",1364400.0,201.6915
"2021-04-01 06:41:03",1366200.0,220.6734
"2021-04-01 07:11:03",1368000.0,192.8219
"2021-04-01 07:41:03",1369800.0,220.6734
"2021-04-01 08:11:03",1371600.0,210.9691
"2021-04-01 08:41:03",1373400.0,220.6734
"2021-04-01 09:11:03",1375200.0,210.9691
"2021-04-01 09:41:03",1377000.0,184.3423
"2021-04-01 10:11:03",1378800.0,210.9691
"2021-04-01 10:41:03",1380600.0,192.8219
"2021-04-01 11:11:03",1382400.0,220.6734
"2021-04-01 11:41:03",1384200.0,201.6915
"2021-04-01 12:11:03",1386000.0,220.6734
"2021-04-01 12:41:03",1387800.0,201.6915
"2021-04-01 13:11:03",1389600.0,210.9691
"2021-04-01 13:41:03",1391400.0,192.8219
"2021-04-01 14:11:03",1393200.0,210.9691
"2021-04-01 14:41:03",1395000.0,220.6734
"2021-04-01 15:11:03",1396800.0,192.8219
"2021-04-01 15:41:03",1398600.0,220.6734
"2021-04-01 16:11:03",1400400.0,210.9691
"2021-04-01 16:41:03",1402200.0,201.6915
"2021-04-01 17:11:03",1404000.0,220.6734
"2021-04-01 17:41:03",1405800.0,220.6734
"2021-04-01 18:11:03",1407600.0,4.8261
"2021-04-01 18:41:03",1409400.0,4.8261
"2021-04-01 19:11:03",1411200.0,4.8261
"2021-04-01 19:41:03",1413000.0,4.8261
"2021-04-01 20:11:03",1414800.0,4.8261
"2021-04-01 20:41:03",1416600.0,4.8261
"2021-04-01 21:11:03",1418400.0,4.8261
"2021-04-01 21:41:03",1420200.0,4.8261
"2021-04-01 22:11:03",1422000.0,4.8261
"2021-04-01 22:41:03",1423800.0,4.8261
"2021-04-01 23:11:03",1425600.0,4.8261
"2021-04-01 23:41:03",1427400.0,4.8261
"2021-04-02 00:11:03",1429200.0,4.8261
"2021-04-02 00:41:03",1431000.0,4.8261
"2021-04-02 01:11:03",1432800.0,4.8261
"2021-04-02 01:41:03",1434600.0,4.8261
"2021-04-02 02:11:03",1436400.0,220.6734
"2021-04-02 02:41:03",1438200.0,210.9691
"2021-04-02 03:11:03",1440000.0,220.6734
"2021-04-02 03:41:03",1441800.0,210.9691
"2021-04-02 04:11:03",1443600.0,192.8219
"2021-04-02 04:41:03",1445400.0,220.6734
"2021-04-02 05:11:03",1447200.0,192.8219
"2021-04-02 05:41:03",1449000.0,184.3423
"2021-04-02 06:11:03",1450800.0,201.6915
"2021-04-02 06:41:03",1452600.0,210.9691
"2021-04-02 07:11:03",1454400.0,184.3423
"2021-04-02 07:41:03",1456200.0,210.9691
"2021-04-02 08:11:03",1458000.0,210.9691
"2021-04-02 08:41:03",1459800.0,192.8219
"2021-04-02 09:11:03",1461600.0,210.9691
"2021-04-02 09:41:03",1463400.0,192.8219
"2021-04-02 10:11:03",1465200.0,220.6734
"2021-04-02 10:41:03",1467000.0,192.8219
"2021-04-02 11:11:03",1468800.0,201.6915
"2021-04-02 11:41:03",1470600.0,201.6915
"2021-04-02 12:11:03",1472400.0,201.6915
"2021-04-02 12:41:03",1474200.0,220.6734
"2021-04-02 13:11:03",1476000.0,192.8219
"2021-04-02 13:41:03",1477800.0,184.3423
"2021-04-02 14:11:03",1479600.0,210.9691
"2021-04-02 14:41:03",1481400.0,192.8219
"2021-04-02 15:11:03",1483200.0,184.3423
"2021-04-02 15:41:03",1485000.0,220.6734
"2021-04-02 16:11:03",1486800.0,192.8219
"2021-04-02 16:41:03",1488600.0,220.6734
"2021-04-02 17:11:03",1490400.0,210.9691
"2021-04-02 17:41:03",1492200.0,210.9691
"2021-04-02 18:11:03",1494000.0,4.8261
"2021-04-02 18:41:03",1495800.0,4.8261
"2021-04-02 19:11:03",1497600.0,4.8261
"2021-04-02 19:41:03",1499400.0,4.8261
"2021-04-02 20:11:03",1501200.0,4.8261
"2021-04-02 20:41:03",1503000.0,4.8261
"2021-04-02 21:11:03",1504800.0,4.8261
"2021-04-02 21:41:03",1506600.0,4.8261
"2021-04-02 22:11:03",1508400.0,4.8261
"2021-04-02 22:41:03",1510200.0,4.8261
"2021-04-02 23:11:03",1512000.0,4.8261
"2021-04-02 23:41:03",1513800.0,4.8261
"2021-04-03 00:11:03",1515600.0,4.6138
"2021-04-03 00:41:03",1517400.0,4.8261
"2021-04-03 01:11:03",1519200.0,4.8261
"2021-04-03 01:41:03",1521000.0,4.8261
"2021-04-03 02:11:03",1522800.0,201.6915
"2021-04-03 02:41:03",1524600.0,192.8219
"2021-04-03 03:11:03",1526400.0,184.3423
"2021-04-03 03:41:03",1528200.0,220.6734
"2021-04-03 04:11:03",1530000.0,220.6734
"2021-04-03 04:41:03",1531800.0,220.6734
"2021-04-03 05:11:03",1533600.0,210.9691
"2021-04-03 05:41:03",1535400.0,201.6915
"2021-04-03 06:11:03",1537200.0,210.9691
"2021-04-03 06:41:03",1539000.0,201.6915
"2021-04-03 07:11:03",1540800.0,192.8219
"2021-04-03 07:41:03",1542600.0,220.6734
"2021-04-03 08:11:03",1544400.0,201.6915
"2021-04-03 08:41:03",1546200.0,220.6734
"2021-04-03 09:11:03",1548000.0,184.3423
"2021-04-03 09:41:03",1549800.0,192.8219
"2021-04-03 10:11:03",1551600.0,220.6734
"2021-04-03 10:41:03",1553400.0,210.9691
"2021-04-03 11:11:03",1555200.0,201.6915
"2021-04-03 11:41:03",1557000.0,220.6734
"2021-04-03 12:11:03",1558800.0,192.8219
"2021-04-03 12:41:03",1560600.0,192.8219
"2021-04-03 13:11:03",1562400.0,201.6915
"2021-04-03 13:41:03",1564200.0,192.8219
"2021-04-03 14:11:03",1566000.0,192.8219
"2021-04-03 14:41:03",1567800.0,220.6734
"2021-04-03 15:11:03",1569600.0,210.9691
"2021-04-03 15:41:03",1571400.0,210.9691
"2021-04-03 16:11:03",1573200.0,220.6734
"2021-04-03 16:41:03",1575000.0,192.8219
"2021-04-03 17:11:03",1576800.0,220.6734
"2021-04-03 17:41:03",1578600.0,201.6915
"2021-04-03 18:11:03",1580400.0,4.8261
"2021-04-03 18:41:03",1582200.0,4.8261
"2021-04-03 19:11:03",1584000.0,4.8261
"2021-04-03 19:41:03",1585800.0,4.8261
"2021-04-03 20:11:03",1587600.0,4.8261
"2021-04-03 20:41:03",1589400.0,4.8261
"2021-04-03 21:11:03",1591200.0,4.8261
"2021-04-03 21:41:03",1593000.0,4.8261
"2021-04-03 22:11:03",1594800.0,4.8261
"2021-04-03 22:41:03",1596600.0,4.8261
"2021-04-03 23:11:03",1598400.0,4.8261
"2021-04-03 23:41:03",1600200.0,4.8261
"2021-04-04 00:11:03",1602000.0,4.8261
"2021-04-04 00:41:03",1603800.0,4.8261
"2021-04-04 01:11:03",1605600.0,4.8261
"2021-04-04 01:41:03",1607400.0,4.8261
"2021-04-04 02:11:03",1609200.0,220.6734
"2021-04-04 02:41:03",1611000.0,201.6915
"2021-04-04 03:11:03",1612800.0,220.6734
"2021-04-04 03:41:03",1614600.0,201.6915
"2021-04-04 04:11:03",1616400.0,210.9691
"2021-04-04 04:41:03",1618200.0,184.3423
"2021-04-04 05:11:03",1620000.0,184.3423
"2021-04-04 05:41:03",1621800.0,192.8219
"2021-04-04 06:11:03",1623600.0,220.6734
"2021-04-04 06:41:03",1625400.0,192.8219
"2021-04-04 07:11:03",1627200.0,210.9691
"2021-04-04 07:41:03",1629000.0,210.9691
"2021-04-04 08:11:03",1630800.0,192.8219
"2021-04-04 08:41:03",1632600.0,201.6915
"2021-04-04 09:11:03",1634400.0,210.9691
"2021-04-04 09:41:03",1636200.0,220.6734
"2021-04-04 10:11:03",1638000.0,210.9691
"2021-04-04 10:41:03",1639800.0,192.8219
"2021-04-04 11:11:03",1641600.0,192.8219
"2021-04-04 11:41:03",1643400.0,201.6915
"2021-04-04 12:11:03",1645200.0,220.6734
"2021-04-04 12:41:03",1647000.0,220.6734
"2021-04-04 13:11:03",1648800.0,201.6915
"2021-04-04 13:41:03",1650600.0,220.6734
"2021-04-04 14:11:03",1652400.0,201.6915
"2021-04-04 14:41:03",1654200.0,201.6915
"2021-04-04 15:11:03",1656000.0,220.6734
"2021-04-04 15:41:03",1657800.0,201.6915
"2021-04-04 16:11:03",1659600.0,184.3423
"2021-04-04 16:41:03",1661400.0,220.6734
"2021-04-04 17:11:03",1663200.0,210.9691
"2021-04-04 17:41:03",1665000.0,184.3423
"2021-04-04 18:11:03",1666800.0,4.8261
"2021-04-04 18:41:03",1668600.0,4.6138
"2021-04-04 19:11:03",1670400.0,4.8261
"2021-04-04 19:41:03",1672200.0,4.8261
"2021-04-04 20:11:03",1674000.0,4.8261
"2021-04-04 20:41:03",1675800.0,4.8261
"2021-04-04 21:11:03",1677600.0,4.8261
"2021-04-04 21:41:03",1679400.0,4.8261
"2021-04-04 22:11:03",1681200.0,4.8261
"2021-04-04 22:41:03",1683000.0,4.8261
"2021-04-04 23:11:03",1684800.0,4.8261
"2021-04-04 23:41:03",1686600.0,4.8261
"2021-04-05 00:11:03",1688400.0,4.8261
"2021-04-05 00:41:03",1690200.0,4.8261
"2021-04-05 01:11:03",1692000.0,4.8261
"2021-04-05 01:41:03",1693800.0,4.8261
"2021-04-05 02:11:03",1695600.0,192.8219
"2021-04-05 02:41:03",1697400.0,201.6915
"2021-04-05 03:11:03",1699200.0,201.6915
"2021-04-05 03:41:03",1701000.0,201.6915
"2021-04-05 04:11:03",1702800.0,192.8219
"2021-04-05 04:41:03",1704600.0,192.8219
"2021-04-05 05:11:03",1706400.0,210.9691
"2021-04-05 05:41:03",1708200.0,210.9691
"2021-04-05 06:11:03",1710000.0,210.9691
"2021-04-05 06:41:03",1711800.0,220.6734
"2021-04-05 07:11:03",1713600.0,184.3423
"2021-04-05 07:41:03",1715400.0,192.8219
"2021-04-05 08:11:03",1717200.0,210.9691
"2021-04-05 08:41:03",1719000.0,201.6915
"2021-04-05 09:11:03",1720800.0,210.9691
"2021-04-05 09:41:03",1722600.0,201.6915
"2021-04-05 10:11:03",1724400.0,192.8219
"2021-04-05 10:41:03",1726200.0,210.9691
"2021-04-05 11:11:03",1728000.0,220.6734
"2021-04-05 11:41:03",1729800.0,210.9691
"2021-04-05 12:11:03",1731600.0,184.3423
"2021-04-05 12:41:03",1733400.0,192.8219
"2021-04-05 13:11:03",1735200.0,192.8219
"2021-04-05 13:41:03",1737000.0,210.9691
"2021-04-05 14:11:03",1738800.0,210.9691
"2021-04-05 14:41:03",1740600.0,220.6734
"2021-04-05 15:11:03",1742400.0,192.8219
"2021-04-05 15:41:03",1744200.0,192.8219
"2021-04-05 16:11:03",1746000.0,210.9691
"2021-04-05 16:41:03",1747800.0,220.6734
"2021-04-05 17:11:03",1749600.0,184.3423
"2021-04-05 17:41:03",1751400.0,184.3423
"2021-04-05 18:11:03",1753200.0,4.8261
"2021-04-05 18:41:03",1755000.0,4.8261
"2021-04-05 19:11:03",1756800.0,4.8261
"2021-04-05 19:41:03",1758600.0,4.8261
"2021-04-05 20:11:03",1760400.0,4.8261
"2021-04-05 20:41:03",1762200.0,4.6138
"2021-04-05 21:11:03",1764000.0,4.8261
"2021-04-05 21:41:03",1765800.0,4.8261
"2021-04-05 22:11:03",1767600.0,4.8261
"2021-04-05 22:41:03",1769400.0,4.8261
"2021-04-05 23:11:03",1771200.0,4.8261
"2021-04-05 23:41:03",1773000.0,4.8261
"2021-04-06 00:11:03",1774800.0,4.8261
"2021-04-06 00:41:03",1776600.0,4.8261
"2021-04-06 01:11:03",1778400.0,4.8261
"2021-04-06 01:41:03",1780200.0,4.8261
"2021-04-06 02:11:03",1782000.0,220.6734
"2021-04-06 02:41:03",1783800.0,220.6734
"2021-04-06 03:11:03",1785600.0,201.6915
"2021-04-06 03:41:03",1787400.0,210.9691
"2021-04-06 04:11:03",1789200.0,220.6734
"2021-04-06 04:41:03",1791000.0,184.3423
"2021-04-06 05:11:03",1792800.0,210.9691
"2021-04-06 05:41:03",1794600.0,184.3423
"2021-04-06 06:11:03",1796400.0,192.8219
"2021-04-06 06:41:03",1798200.0,201.6915
"2021-04-06 07:11:03",1800000.0,184.3423
"2021-04-06 07:41:03",1801800.0,210.9691
"2021-04-06 08:11:03",1803600.0,184.3423
"2021-04-06 08:41:03",1805400.0,184.3423
"2021-04-06 09:11:03",1807200.0,192.8219
"2021-04-06 09:41:03",1809000.0,210.9691
"2021-04-06 10:11:03",1810800.0,210.9691
"2021-04-06 10:41:03",1812600.0,210.9691
"2021-04-06 11:11:03",1814400.0,184.3423
"2021-04-06 11:41:03",1816200.0,201.6915
"2021-04-06 12:11:03",1818000.0,192.8219
"2021-04-06 12:41:03",1819800.0,201.6915
"2021-04-06 13:11:03",1821600.0,201.6915
"2021-04-06 13:41:03",1823400.0,184.3423
"2021-04-06 14:11:03",1825200.0,220.6734
"2021-04-06 14:41:03",1827000.0,184.3423
"2021-04-06 15:11:03",1828800.0,201.6915
"2021-04-06 15:41:03",1830600.0,210.9691
"2021-04-06 16:11:03",1832400.0,192.8219
"2021-04-06 16:41:03",1834200.0,210.9691
"2021-04-06 17:11:03",1836000.0,210.9691
"2021-04-06 17:41:03",1837800.0,192.8219
"2021-04-06 18:11:03",1839600.0,4.8261
"2021-04-06 18:41:03",1841400.0,4.8261
"2021-04-06 19:11:03",1843200.0,4.8261
"2021-04-06 19:41:03",1845000.0,4.8261
"2021-04-06 20:11:03",1846800.0,4.8261
"2021-04-06 20:41:03",1848600.0,4.8261
"2021-04-06 21:11:03",1850400.0,4.8261
"2021-04-06 21:41:03",1852200.0,4.8261
"2021-04-06 22:11:03",1854000.0,4.8261
"2021-04-06 22:41:03",1855800.0,4.8261
"2021-04-06 23:11:03",1857600.0,4.8261
"2021-04-06 23:41:03",1859400.0,4.8261
"2021-04-07 00:11:03",1861200.0,4.8261
"2021-04-07 00:41:03",1863000.0,4.8261
"2021-04-07 01:11:03",1864800.0,4.8261
"2021-04-07 01:41:03",1866600.0,4.8261
"2021-04-07 02:11:03",1868400.0,220.6734
"2021-04-07 02:41:03",1870200.0,184.3423
"2021-04-07 03:11:03",1872000.0,210.9691
"2021-04-07 03:41:03",1873800.0,201.6915
"2021-04-07 04:11:03",1875600.0,192.8219
"2021-04-07 04:41:03",1877400.0,220.6734
"2021-04-07 05:11:03",1879200.0,184.3423
"2021-04-07 05:41:03",1881000.0,220.6734
"2021-04-07 06:11:03",1882800.0,220.6734
"2021-04-07 06:41:03",1884600.0,184.3423
"2021-04-07 07:11:03",1886400.0,201.6915
"2021-04-07 07:41:03",1888200.0,184.3423
"2021-04-07 08:11:03",1890000.0,210.9691
"2021-04-07 08:41:03",1891800.0,184.3423
"2021-04-07 09:11:03",1893600.0,220.6734
"2021-04-07 09:41:03",1895400.0,210.9691
"2021-04-07 10:11:03",1897200.0,220.6734
"2021-04-07 10:41:03",1899000.0,220.6734
"2021-04-07 11:11:03",1900800.0,192.8219
"2021-04-07 11:41:03",1902600.0,210.9691
"2021-04-07 12:11:03",1904400.0,210.9691
"2021-04-07 12:41:03",1906200.0,201.6915
"2021-04-07 13:11:03",1908000.0,192.8219
"2021-04-07 13:41:03",1909800.0,210.9691
"2021-04-07 14:11:03",1911600.0,220.6734
"2021-04-07 14:41:03",1913400.0,210.9691
"2021-04-07 15:11:03",1915200.0,220.6734
"2021-04-07 15:41:03",1917000.0,201.6915
"2021-04-07 16:11:03",1918800.0,210.9691
"2021-04-07 16:41:03",1920600.0,210.9691
"2021-04-07 17:11:03",1922400.0,201.6915
"2021-04-07 17:41:03",1924200.0,210.9691
"2021-04-07 18:11:03",1926000.0,4.8261
"2021-04-07 18:41:03",1927800.0,4.8261
"2021-04-07 19:11:03",1929600.0,4.8261
"2021-04-07 19:41:03",1931400.0,4.8261
"2021-04-07 20:11:03",1933200.0,4.8261
"2021-04-07 20:41:03",1935000.0,4.8261
"2021-04-07 21:11:03",1936800.0,4.8261
"2021-04-07 21:41:03",1938600.0,4.8261
"2021-04-07 22:11:03",1940400.0,4.8261
"2021-04-07 22:41:03",1942200.0,4.8261
"2021-04-07 23:11:03",1944000.0,4.8261
"2021-04-07 23:41:03",1945800.0,4.8261
"2021-04-08 00:11:03",1947600.0,4.8261
"2021-04-08 00:41:03",1949400.0,4.8261
"2021-04-08 01:11:03",1951200.0,4.8261
"2021-04-08 01:41:03",1953000.0,4.8261
"2021-04-08 02:11:03",1954800.0,201.6915
"2021-04-08 02:41:03",1956600.0,201.6915
"2021-04-08 03:11:03",1958400.0,201.6915
"2021-04-08 03:41:03",1960200.0,210.9691
"2021-04-08 04:11:03",1962000.0,201.6915
"2021-04-08 04:41:03",1963800.0,220.6734
"2021-04-08 05:11:03",1965600.0,192.8219
"2021-04-08 05:41:03",1967400.0,210.9691
"2021-04-08 06:11:03",1969200.0,192.8219
"2021-04-08 06:41:03",1971000.0,192.8219
"2021-04-08 07:11:03",1972800.0,210.9691
"2021-04-08 07:41:03",1974600.0,192.8219
"2021-04-08 08:11:03",1976400.0,192.8219
"2021-04-08 08:41:03",1978200.0,220.6734
"2021-04-08 09:11:03",1980000.0,220.6734
"2021-04-08 09:41:03",1981800.0,192.8219
"2021-04-08 10:11:03",1983600.0,220.6734
"2021-04-08 10:41:03",1985400.0,201.6915
"2021-04-08 11:11:03",1987200.0,201.6915
"2021-04-08 11:41:03",1989000.0,192.8219
"2021-04-08 12:11:03",1990800.0,184.3423
"2021-04-08 12:41:03",1992600.0,220.6734
"2021-04-08 13:11:03",1994400.0,201.6915
"2021-04-08 13:41:03",1996200.0,192.8219
"2021-04-08 14:11:03",1998000.0,220.6734
"2021-04-08 14:41:03",1999800.0,184.3423
"2021-04-08 15:11:03",2001600.0,192.8219
"2021-04-08 15:41:03",2003400.0,220.6734
"2021-04-08 16:11:03",2005200.0,220.6734
"2021-04-08 16:41:03",2007000.0,201.6915
"2021-04-08 17:11:03",2008800.0,201.6915
"2021-04-08 17:41:03",2010600.0,192.8219
"2021-04-08 18:11:03",2012400.0,4.8261
"2021-04-08 18:41:03",2014200.0,4.8261
"2021-04-08 19:11:03",2016000.0,4.8261
"2021-04-08 19:41:03",2017800.0,4.8261
"2021-04-08 20:11:03",2019600.0,4.8261
"2021-04-08 20:41:03",2021400.0,4.8261
"2021-04-08 21:11:03",2023200.0,4.8261
"2021-04-08 21:41:03",2025000.0,4.8261
"2021-04-08 22:11:03",2026800.0,4.8261
"2021-04-08 22:41:03",2028600.0,4.8261
"2021-04-08 23:11:03",2030400.0,4.8261
"2021-04-08 23:41:03",2032200.0,4.8261
"2021-04-09 00:11:03",2034000.0,4.8261
"2021-04-09 00:41:03",2035800.0,4.8261
"2021-04-09 01:11:03",2037600.0,4.8261
"2021-04-09 01:41:03",2039400.0,4.8261
"2021-04-09 02:11:03",2041200.0,201.6915
"2021-04-09 02:41:03",2043000.0,201.6915
"2021-04-09 03:11:03",2044800.0,201.6915
"2021-04-09 03:41:03",2046600.0,210.9691
"2021-04-09 04:11:03",2048400.0,220.6734
"2021-04-09 04:41:03",2050200.0,210.9691
"2021-04-09 05:11:03",2052000.0,210.9691
"2021-04-09 05:41:03",2053800.0,192.8219
"2021-04-09 06:11:03",2055600.0,220.6734
"2021-04-09 06:41:03",2057400.0,192.8219
"2021-04-09 07:11:03",2059200.0,220.6734
"2021-04-09 07:41:03",2061000.0,184.3423
"2021-04-09 08:11:03",2062800.0,184.3423
"2021-04-09 08:41:03",2064600.0,192.8219
"2021-04-09 09:11:03",2066400.0,201.6915
"2021-04-09 09:41:03",2068200.0,201.6915
"2021-04-09 10:11:03",2070000.0,210.9691
"2021-04-09 10:41:03",2071800.0,184.3423
"2021-04-09 11:11:03",2073600.0,220.6734
"2021-04-09 11:41:03",2075400.0,192.8219
"2021-04-09 12:11:03",2077200.0,220.6734
"2021-04-09 12:41:03",2079000.0,192.8219
"2021-04-09 13:11:03",2080800.0,201.6915
"2021-04-09 13:41:03",2082600.0,201.6915
"2021-04-09 14:11:03",2084400.0,220.6734
"2021-04-09 14:41:03",2086200.0,220.6734
"2021-04-09 15:11:03",2088000.0,220.6734
"2021-04-09 15:41:03",2089800.0,220.6734
"2021-04-09 16:11:03",2091600.0,192.8219
"2021-04-09 16:41:03",2093400.0,201.6915
"2021-04-09 17:11:03",2095200.0,210.9691
"2021-04-09 17:41:03",2097000.0,192.8219
"2021-04-09 18:11:03",2098800.0,4.8261
"2021-04-09 18:41:03",2100600.0,4.8261
"2021-04-09 19:11:03",2102400.0,4.8261
"2021-04-09 19:41:03",2104200.0,4.8261
"2021-04-09 20:11:03",2106000.0,4.8261
"2021-04-09 20:41:03",2107800.0,4.8261
"2021-04-09 21:11:03",2109600.0,4.8261
"2021-04-09 21:41:03",2111400.0,4.8261
"2021-04-09 22:11:03",2113200.0,4.8261
"2021-04-09 22:41:03",2115000.0,4.8261
"2021-04-09 23:11:03",2116800.0,4.8261
"2021-04-09 23:41:03",2118600.0,4.8261
"2021-04-10 00:11:03",2120400.0,4.8261
"2021-04-10 00:41:03",2122200.0,4.8261
"2021-04-10 01:11:03",2124000.0,4.8261
"2021-04-10 01:41:03",2125800.0,4.8261
"2021-04-10 02:11:03",2127600.0,201.6915
"2021-04-10 02:41:03",2129400.0,210.9691
"2021-04-10 03:11:03",2131200.0,210.9691
"2021-04-10 03:41:03",2133000.0,192.8219
"2021-04-10 04:11:03",2134800.0,220.6734
"2021-04-10 04:41:03",2136600.0,192.8219
"2021-04-10 05:11:03",2138400.0,220.6734
"2021-04-10 05:41:03",2140200.0,192.8219
"2021-04-10 06:11:03",2142000.0,192.8219
"2021-04-10 06:41:03",2143800.0,220.6734
"2021-04-10 07:11:03",2145600.0,192.8219
"2021-04-10 07:41:03",2147400.0,220.6734
"2021-04-10 08:11:03",2149200.0,220.6734
"2021-04-10 08:41:03",2151000.0,184.3423
"2021-04-10 09:11:03",2152800.0,192.8219
"2021-04-10 09:41:03",2154600.0,220.6734
"2021-04-10 10:11:03",2156400.0,210.9691
"2021-04-10 10:41:03",2158200.0,210.9691
"2021-04-10 11:11:03",2160000.0,192.8219
"2021-04-10 11:41:03",2161800.0,220.6734
"2021-04-10 12:11:03",2163600.0,192.8219
"2021-04-10 12:41:03",2165400.0,192.8219
"2021-04-10 13:11:03",2167200.0,201.6915
"2021-04-10 13:41:03",2169000.0,192.8219
"2021-04-10 14:11:03",2170800.0,210.9691
"2021-04-10 14:41:03",2172600.0,210.9691
"2021-04-10 15:11:03",2174400.0,192.8219
"2021-04-10 15:41:03",2176200.0,201.6915
"2021-04-10 16:11:03",2178000.0,210.9691
"2021-04-10 16:41:03",2179800.0,184.3423
"2021-04-10 17:11:03",2181600.0,192.8219
"2021-04-10 17:41:03",2183400.0,201.6915
"2021-04-10 18:11:03",2185200.0,4.8261
"2021-04-10 18:41:03",2187000.0,4.8261
"2021-04-10 19:11:03",2188800.0,4.8261
"2021-04-10 19:41:03",2190600.0,4.8261
"2021-04-10 20:11:03",2192400.0,4.8261
"2021-04-10 20:41:03",2194200.0,4.8261
"2021-04-10 21:11:03",2196000.0,4.8261
"2021-04-10 21:41:03",2197800.0,4.8261
"2021-04-10 22:11:03",2199600.0,4.8261
"2021-04-10 22:41:03",2201400.0,4.8261
"2021-04-10 23:11:03",2203200.0,4.8261
"2021-04-10 23:41:03",2205000.0,4.8261
"2021-04-11 00:11:03",2206800.0,4.8261
"2021-04-11 00:41:03",2208600.0,4.8261
"2021-04-11 01:11:03",2210400.0,4.8261
"2021-04-11 01:41:03",2212200.0,4.8261
"2021-04-11 02:11:03",2214000.0,220.6734
"2021-04-11 02:41:03",2215800.0,220.6734
"2021-04-11 03:11:03",2217600.0,220.6734
"2021-04-11 03:41:03",2219400.0,210.9691
"2021-04-11 04:11:03",2221200.0,201.6915
"2021-04-11 04:41:03",2223000.0,201.6915
"2021-04-11 05:11:03",2224800.0,210.9691
"2021-04-11 05:41:03",2226600.0,220.6734
"2021-04-11 06:11:03",2228400.0,201.6915
"2021-04-11 06:41:03",2230200.0,210.9691
"2021-04-11 07:11:03",2232000.0,192.8219
"2021-04-11 07:41:03",2233800.0,192.8219
"2021-04-11 08:11:03",2235600.0,210.9691
"2021-04-11 08:41:03",2237400.0,210.9691
"2021-04-11 09:11:03",2239200.0,184.3423
"2021-04-11 09:41:03",2241000.0,210.9691
"2021-04-11 10:11:03",2242800.0,192.8219
"2021-04-11 10:41:03",2244600.0,210.9691
"2021-04-11 11:11:03",2246400.0,210.9691
"2021-04-11 11:41:03",2248200.0,192.8219
"2021-04-11 12:11:03",2250000.0,210.9691
"2021-04-11 12:41:03",2251800.0,184.3423
"2021-04-11 13:11:03",2253600.0,192.8219
"2021-04-11 13:41:03",2255400.0,220.6734
"2021-04-11 14:11:03",2257200.0,210.9691
"2021-04-11 14:41:03",2259000.0,210.9691
"2021-04-11 15:11:03",2260800.0,192.8219
"2021-04-11 15:41:03",2262600.0,220.6734
"2021-04-11 16:11:03",2264400.0,184.3423
"2021-04-11 16:41:03",2266200.0,210.9691
"2021-04-11 17:11:03",2268000.0,201.6915
"2021-04-11 17:41:03",2269800.0,184.3423
"2021-04-11 18:11:03",2271600.0,4.8261
"2021-04-11 18:41:03",2273400.0,4.8261
"2021-04-11 19:11:03",2275200.0,4.8261
"2021-04-11 19:41:03",2277000.0,4.8261
"2021-04-11 20:11:03",2278800.0,4.8261
"2021-04-11 20:41:03",2280600.0,4.8261
"2021-04-11 21:11:03",2282400.0,4.8261
"2021-04-11 21:41:03",2284200.0,4.8261
"2021-04-11 22:11:03",2286000.0,4.8261
"2021-04-11 22:41:03",2287800.0,4.8261
"2021-04-11 23:11:03",2289600.0,4.8261
"2021-04-11 23:41:03",2291400.0,4.8261
"2021-04-12 00:11:03",2293200.0,4.8261
"2021-04-12 00:41:03",2295000.0,4.8261
"2021-04-12 01:11:03",2296800.0,4.8261
"2021-04-12 01:41:03",2298600.0,4.8261
"2021-04-12 02:11:03",2300400.0,210.9691
"2021-04-12 02:41:03",2302200.0,201.6915
"2021-04-12 03:11:03",2304000.0,201.6915
"2021-04-12 03:41:03",2305800.0,184.3423
"2021-04-12 04:11:03",2307600.0,210.9691
"2021-04-12 04:41:03",2309400.0,210.9691
"2021-04-12 05:11:03",2311200.0,210.9691
"2021-04-12 05:41:03",2313000.0,210.9691
"2021-04-12 06:11:03",2314800.0,184.3423
"2021-04-12 06:41:03",2316600.0,210.9691
"2021-04-12 07:11:03",2318400.0,220.6734
"2021-04-12 07:41:03",2320200.0,192.8219
"2021-04-12 08:11:03",2322000.0,220.6734
"2021-04-12 08:41:03",2323800.0,210.9691
"2021-04-12 09:11:03",2325600.0,184.3423
"2021-04-12 09:41:03",2327400.0,220.6734
"2021-04-12 10:11:03",2329200.0,210.9691
"2021-04-12 10:41:03",2331000.0,201.6915
"2021-04-12 11:11:03",2332800.0,184.3423
"2021-04-12 11:41:03",2334600.0,220.6734
"2021-04-12 12:11:03",2336400.0,201.6915
"2021-04-12 12:41:03",2338200.0,210.9691
"2021-04-12 13:11:03",2340000.0,220.6734
"2021-04-12 13:41:03",2341800.0,192.8219
"2021-04-12 14:11:03",2343600.0,201.6915
"2021-04-12 14:41:03",2345400.0,192.8219
"2021-04-12 15:11:03",2347200.0,220.6734
"2021-04-12 15:41:03",2349000.0,184.3423
"2021-04-12 16:11:03",2350800.0,220.6734
"2021-04-12 16:41:03",2352600.0,210.9691
"2021-04-12 17:11:03",2354400.0,210.9691
"2021-04-12 17:41:03",2356200.0,201.6915
"2021-04-12 18:11:03",2358000.0,4.8261
"2021-04-12 18:41:03",2359800.0,4.8261
"2021-04-12 19:11:03",2361600.0,4.8261
"2021-04-12 19:41:03",2363400.0,4.8261
"2021-04-12 20:11:03",2365200.0,4.8261
"2021-04-12 20:41:03",2367000.0,4.8261
"2021-04-12 21:11:03",2368800.0,4.8261
"2021-04-12 21:41:03",2370600.0,4.8261
"2021-04-12 22:11:03",2372400.0,4.8261
"2021-04-12 22:41:03",2374200.0,4.8261
"2021-04-12 23:11:03",2376000.0,4.8261
"2021-04-12 23:41:03",2377800.0,4.8261
"2021-04-13 00:11:03",2379600.0,4.8261
"2021-04-13 00:41:03",2381400.0,4.8261
"2021-04-13 01:11:03",2383200.0,4.8261
"2021-04-13 01:41:03",2385000.0,4.8261
"2021-04-13 02:11:03",2386800.0,201.6915
"2021-04-13 02:41:03",2388600.0,192.8219
"2021-04-13 03:11:03",2390400.0,220.6734
"2021-04-13 03:41:03",2392200.0,184.3423
"2021-04-13 04:11:03",2394000.0,201.6915
"2021-04-13 04:41:03",2395800.0,192.8219
"2021-04-13 05:11:03",2397600.0,192.8219
"2021-04-13 05:41:03",2399400.0,184.3423
"2021-04-13 06:11:03",2401200.0,192.8219
"2021-04-13 06:41:03",2403000.0,210.9691
"2021-04-13 07:11:03",2404800.0,201.6915
"2021-04-13 07:41:03",2406600.0,210.9691
"2021-04-13 08:11:03",2408400.0,210.9691
"2021-04-13 08:41:03",2410200.0,201.6915
"2021-04-13 09:11:03",2412000.0,184.3423
"2021-04-13 09:41:03",2413800.0,210.9691
"2021-04-13 10:11:03",2415600.0,210.9691
"2021-04-13 10:41:03",2417400.0,184.3423
"2021-04-13 11:11:03",2419200.0,201.6915
"2021-04-13 11:41:03",2421000.0,210.9691
"2021-04-13 12:11:03",2422800.0,192.8219
"2021-04-13 12:41:03",2424600.0,220.6734
"2021-04-13 13:11:03",2426400.0,192.8219
"2021-04-13 13:41:03",2428200.0,220.6734
"2021-04-13 14:11:03",2430000.0,210.9691
"2021-04-13 14:41:03",2431800.0,220.6734
"2021-04-13 15:11:03",2433600.0,201.6915
"2021-04-13 15:41:03",2435400.0,220.6734
"2021-04-13 16:11:03",2437200.0,192.8219
"2021-04-13 16:41:03",2439000.0,201.6915
"2021-04-13 17:11:03",2440800.0,192.8219
"2021-04-13 17:41:03",2442600.0,220.6734
"2021-04-13 18:11:03",2444400.0,4.8261
"2021-04-13 18:41:03",2446200.0,4.8261
"2021-04-13 19:11:03",2448000.0,4.8261
"2021-04-13 19:41:03",2449800.0,4.8261
"2021-04-13 20:11:03",2451600.0,4.8261
"2021-04-13 20:41:03",2453400.0,4.6138
"2021-04-13 21:11:03",2455200.0,4.8261
"2021-04-13 21:41:03",2457000.0,4.8261
"2021-04-13 22:11:03",2458800.0,4.8261
"2021-04-13 22:41:03",2460600.0,4.8261
"2021-04-13 23:11:03",2462400.0,4.6138
"2021-04-13 23:41:03",2464200.0,4.8261
"2021-04-14 00:11:03",2466000.0,4.6138
"2021-04-14 00:41:03",2467800.0,4.8261
"2021-04-14 01:11:03",2469600.0,4.8261
"2021-04-14 01:41:03",2471400.0,4.8261
"2021-04-14 02:11:03",2473200.0,220.6734
"2021-04-14 02:41:03",2475000.0,220.6734
"2021-04-14 03:11:03",2476800.0,210.9691
"2021-04-14 03:41:03",2478600.0,220.6734
"2021-04-14 04:11:03",2480400.0,220.6734
"2021-04-14 04:41:03",2482200.0,210.9691
"2021-04-14 05:11:03",2484000.0,220.6734
"2021-04-14 05:41:03",2485800.0,210.9691
"2021-04-14 06:11:03",2487600.0,210.9691
"2021-04-14 06:41:03",2489400.0,210.9691
"2021-04-14 07:11:03",2491200.0,201.6915
"2021-04-14 07:41:03",2493000.0,201.6915
"2021-04-14 08:11:03",2494800.0,184.3423
"2021-04-14 08:41:03",2496600.0,220.6734
"2021-04-14 09:11:03",2498400.0,220.6734
"2021-04-14 09:41:03",2500200.0,201.6915
"2021-04-14 10:11:03",2502000.0,210.9691
"2021-04-14 10:41:03",2503800.0,220.6734
"2021-04-14 11:11:03",2505600.0,220.6734
"2021-04-14 11:41:03",2507400.0,192.8219
"2021-04-14 12:11:03",2509200.0,210.9691
"2021-04-14 12:41:03",2511000.0,210.9691
"2021-04-14 13:11:03",2512800.0,201.6915
"2021-04-14 13:41:03",2514600.0,210.9691
"2021-04-14 14:11:03",2516400.0,220.6734
"2021-04-14 14:41:03",2518200.0,210.9691
"2021-04-14 15:11:03",2520000.0,220.6734
"2021-04-14 15:41:03",2521800.0,220.6734
"2021-04-14 16:11:03",2523600.0,192.8219
"2021-04-14 16:41:03",2525400.0,220.6734
"2021-04-14 17:11:03",2527200.0,201.6915
"2021-04-14 17:41:03",2529000.0,192.8219
"2021-04-14 18:11:03",2530800.0,4.8261
"2021-04-14 18:41:03",2532600.0,4.8261
"2021-04-14 19:11:03",2534400.0,4.8261
"2021-04-14 19:41:03",2536200.0,4.8261
"2021-04-14 20:11:03",2538000.0,4.8261
"2021-04-14 20:41:03",2539800.0,4.8261
"2021-04-14 21:11:03",2541600.0,4.8261
"2021-04-14 21:41:03",2543400.0,4.8261
"2021-04-14 22:11:03",2545200.0,4.8261
"2021-04-14 22:41:03",2547000.0,4.8261
"2021-04-14 23:11:03",2548800.0,4.8261
"2021-04-14 23:41:03",2550600.0,4.8261
"2021-04-15 00:11:03",2552400.0,4.8261
"2021-04-15 00:41:03",2554200.0,4.8261
"2021-04-15 01:11:03",2556000.0,4.8261
"2021-04-15 01:41:03",2557800.0,4.8261
"2021-04-15 02:11:03",2559600.0,192.8219
"2021-04-15 02:41:03",2561400.0,192.8219
"2021-04-15 03:11:03",2563200.0,192.8219
"2021-04-15 03:41:03",2565000.0,220.6734
"2021-04-15 04:11:03",2566800.0,210.9691
"2021-04-15 04:41:03",2568600.0,210.9691
"2021-04-15 05:11:03",2570400.0,210.9691
"2021-04-15 05:41:03",2572200.0,210.9691
"2021-04-15 06:11:03",2574000.0,210.9691
"2021-04-15 06:41:03",2575800.0,192.8219
"2021-04-15 07:11:03",2577600.0,192.8219
"2021-04-15 07:41:03",2579400.0,220.6734
"2021-04-15 08:11:03",2581200.0,220.6734
"2021-04-15 08:41:03",2583000.0,220.6734
"2021-04-15 09:11:03",2584800.0,192.8219
"2021-04-15 09:41:03",2586600.0,192.8219
"2021-04-15 10:11:03",2588400.0,192.8219
"2021-04-15 10:41:03",2590200.0,201.6915
"2021-04-15 11:11:03",2592000.0,220.6734
"2021-04-15 11:41:03",2593800.0,220.6734
"2021-04-15 12:11:03",2595600.0,192.8219
"2021-04-15 12:41:03",2597400.0,201.6915
"2021-04-15 13:11:03",2599200.0,210.9691
"2021-04-15 13:41:03",2601000.0,184.3423
"2021-04-15 14:11:03",2602800.0,201.6915
"2021-04-15 14:41:03",2604600.0,220.6734
"2021-04-15 15:11:03",2606400.0,220.6734
"2021-04-15 15:41:03",2608200.0,201.6915
"2021-04-15 16:11:03",2610000.0,210.9691
"2021-04-15 16:41:03",2611800.0,210.9691
"2021-04-15 17:11:03",2613600.0,210.9691
"2021-04-15 17:41:03",2615400.0,220.6734
"2021-04-15 18:11:03",2617200.0,4.8261
"2021-04-15 18:41:03",2619000.0,4.8261
"2021-04-15 19:11:03",2620800.0,4.8261
"2021-04-15 19:41:03",2622600.0,4.8261
"2021-04-15 20:11:03",2624400.0,4.8261
"2021-04-15 20:41:03",2626200.0,4.6138
"2021-04-15 21:11:03",2628000.0,4.8261
"2021-04-15 21:41:03",2629800.0,4.8261
"2021-04-15 22:11:03",2631600.0,4.8261
"2021-04-15 22:41:03",2633400.0,4.8261
"2021-04-15 23:11:03",2635200.0,4.8261
"2021-04-15 23:41:03",2637000.0,4.6138
"2021-04-16 00:11:03",2638800.0,4.6138
"2021-04-16 00:41:03",2640600.0,4.6138
"2021-04-16 01:11:03",2642400.0,4.8261
"2021-04-16 01:41:03",2644200.0,4.8261
"2021-04-16 02:11:03",2646000.0,230.8242
"2021-04-16 02:41:03",2647800.0,184.3423
"2021-04-16 03:11:03",2649600.0,210.9691
"2021-04-16 03:41:03",2651400.0,184.3423
"2021-04-16 04:11:03",2653200.0,201.6915
"2021-04-16 04:41:03",2655000.0,220.6734
"2021-04-16 05:11:03",2656800.0,210.9691
"2021-04-16 05:41:03",2658600.0,184.3423
"2021-04-16 06:11:03",2660400.0,210.9691
"2021-04-16 06:41:03",2662200.0,192.8219
"2021-04-16 07:11:03",2664000.0,184.3423
"2021-04-16 07:41:03",2665800.0,201.6915
"2021-04-16 08:11:03",2667600.0,184.3423
"2021-04-16 08:41:03",2669400.0,220.6734
"2021-04-16 09:11:03",2671200.0,210.9691
"2021-04-16 09:41:03",2673000.0,201.6915
"2021-04-16 10:11:03",2674800.0,220.6734
"2021-04-16 10:41:03",2676600.0,220.6734
"2021-04-16 11:11:03",2678400.0,220.6734
"2021-04-16 11:41:03",2680200.0,201.6915
"2021-04-16 12:11:03",2682000.0,201.6915
"2021-04-16 12:41:03",2683800.0,210.9691
"2021-04-16 13:11:03",2685600.0,210.9691
"2021-04-16 13:41:03",2687400.0,220.6734
"2021-04-16 14:11:03",2689200.0,210.9691
"2021-04-16 14:41:03",2691000.0,210.9691
"2021-04-16 15:11:03",2692800.0,184.3423
"2021-04-16 15:41:03",2694600.0,210.9691
"2021-04-16 16:11:03",2696400.0,192.8219
"2021-04-16 16:41:03",2698200.0,210.9691
"2021-04-16 17:11:03",2700000.0,220.6734
"2021-04-16 17:41:03",2701800.0,210.9691
"2021-04-16 18:11:03",2703600.0,4.8261
"2021-04-16 18:41:03",2705400.0,4.8261
"2021-04-16 19:11:03",2707200.0,4.8261
"2021-04-16 19:41:03",2709000.0,4.8261
"2021-04-16 20:11:03",2710800.0,4.8261
"2021-04-16 20:41:03",2712600.0,4.8261
"2021-04-16 21:11:03",2714400.0,4.8261
"2021-04-16 21:41:03",2716200.0,4.8261
"2021-04-16 22:11:03",2718000.0,4.8261
"2021-04-16 22:41:03",2719800.0,4.8261
"2021-04-16 23:11:03",2721600.0,4.8261
"2021-04-16 23:41:03",2723400.0,4.8261
"2021-04-17 00:11:03",2725200.0,4.8261
"2021-04-17 00:41:03",2727000.0,4.8261
"2021-04-17 01:11:03",2728800.0,4.8261
"2021-04-17 01:41:03",2730600.0,4.8261
"2021-04-17 02:11:03",2732400.0,192.8219
"2021-04-17 02:41:03",2734200.0,220.6734
"2021-04-17 03:11:03",2736000.0,220.6734
"2021-04-17 03:41:03",2737800.0,210.9691
"2021-04-17 04:11:03",2739600.0,192.8219
"2021-04-17 04:41:03",2741400.0,192.8219
"2021-04-17 05:11:03",2743200.0,184.3423
"2021-04-17 05:41:03",2745000.0,184.3423
"2021-04-17 06:11:03",2746800.0,201.6915
"2021-04-17 06:41:03",2748600.0,210.9691
"2021-04-17 07:11:03",2750400.0,184.3423
"2021-04-17 07:41:03",2752200.0,184.3423
"2021-04-17 08:11:03",2754000.0,220.6734
"2021-04-17 08:41:03",2755800.0,210.9691
"2021-04-17 09:11:03",2757600.0,210.9691
"2021-04-17 09:41:03",2759400.0,192.8219
"2021-04-17 10:11:03",2761200.0,210.9691
"2021-04-17 10:41:03",2763000.0,220.6734
"2021-04-17 11:11:03",2764800.0,184.3423
"2021-04-17 11:41:03",2766600.0,210.9691
"2021-04-17 12:11:03",2768400.0,184.3423
"2021-04-17 12:41:03",2770200.0,184.3423
"2021-04-17 13:11:03",2772000.0,192.8219
"2021-04-17 13:41:03",2773800.0,220.6734
"2021-04-17 14:11:03",2775600.0,220.6734
"2021-04-17 14:41:03",2777400.0,184.3423
"2021-04-17 15:11:03",2779200.0,210.9691
"2021-04-17 15:41:03",2781000.0,192.8219
"2021-04-17 16:11:03",2782800.0,201.6915
"2021-04-17 16:41:03",2784600.0,184.3423
"2021-04-17 17:11:03",2786400.0,201.6915
"2021-04-17 17:41:03",2788200.0,201.6915
"2021-04-17 18:11:03",2790000.0,4.8261
"2021-04-17 18:41:03",2791800.0,4.8261
"2021-04-17 19:11:03",2793600.0,4.8261
"2021-04-17 19:41:03",2795400.0,4.8261
"2021-04-17 20:11:03",2797200.0,4.6138
"2021-04-17 20:41:03",2799000.0,4.8261
"2021-04-17 21:11:03",2800800.0,4.8261
"2021-04-17 21:41:03",2802600.0,4.8261
"2021-04-17 22:11:03",2804400.0,4.6138
"2021-04-17 22:41:03",2806200.0,4.6138
"2021-04-17 23:11:03",2808000.0,4.8261
"2021-04-17 23:41:03",2809800.0,4.6138
"2021-04-18 00:11:03",2811600.0,4.8261
"2021-04-18 00:41:03",2813400.0,4.6138
"2021-04-18 01:11:03",2815200.0,4.6138
"2021-04-18 01:41:03",2817000.0,4.6138
"2021-04-18 02:11:03",2818800.0,192.8219
"2021-04-18 02:41:03",2820600.0,201.6915
"2021-04-18 03:11:03",2822400.0,201.6915
"2021-04-18 03:41:03",2824200.0,210.9691
"2021-04-18 04:11:03",2826000.0,192.8219
"2021-04-18 04:41:03",2827800.0,220.6734
"2021-04-18 05:11:03",2829600.0,220.6734
"2021-04-18 05:41:03",2831400.0,201.6915
"2021-04-18 06:11:03",2833200.0,210.9691
"2021-04-18 06:41:03",2835000.0,192.8219
"2021-04-18 07:11:03",2836800.0,184.3423
"2021-04-18 07:41:03",2838600.0,192.8219
"2021-04-18 08:11:03",2840400.0,210.9691
"2021-04-18 08:41:03",2842200.0,184.3423
"2021-04-18 09:11:03",2844000.0,201.6915
"2021-04-18 09:41:03",2845800.0,184.3423
"2021-04-18 10:11:03",2847600.0,210.9691
"2021-04-18 10:41:03",2849400.0,210.9691
"2021-04-18 11:11:03",2851200.0,201.6915
"2021-04-18 11:41:03",2853000.0,210.9691
"2021-04-18 12:11:03",2854800.0,220.6734
"2021-04-18 12:41:03",2856600.0,210.9691
"2021-04-18 13:11:03",2858400.0,210.9691
"2021-04-18 13:41:03",2860200.0,192.8219
"2021-04-18 14:11:03",2862000.0,220.6734
"2021-04-18 14:41:03",2863800.0,184.3423
"2021-04-18 15:11:03",2865600.0,210.9691
"2021-04-18 15:41:03",2867400.0,201.6915
"2021-04-18 16:11:03",2869200.0,201.6915
"2021-04-18 16:41:03",2871000.0,192.8219
"2021-04-18 17:11:03",2872800.0,210.9691
"2021-04-18 17:41:03",2874600.0,210.9691
"2021-04-18 18:11:03",2876400.0,4.8261
"2021-04-18 18:41:03",2878200.0,4.8261
"2021-04-18 19:11:03",2880000.0,4.6138
"2021-04-18 19:41:03",2881800.0,4.6138
"2021-04-18 20:11:03",2883600.0,4.8261
"2021-04-18 20:41:03",2885400.0,4.8261
"2021-04-18 21:11:03",2887200.0,4.8261
"2021-04-18 21:41:03",2889000.0,4.8261
"2021-04-18 22:11:03",2890800.0,4.8261
"2021-04-18 22:41:03",2892600.0,4.6138
"2021-04-18 23:11:03",2894400.0,4.6138
"2021-04-18 23:41:03",2896200.0,4.8261
"2021-04-19 00:11:03",2898000.0,4.8261
"2021-04-19 00:41:03",2899800.0,4.8261
"2021-04-19 01:11:03",2901600.0,4.6138
"2021-04-19 01:41:03",2903400.0,4.8261
"2021-04-19 02:11:03",2905200.0,192.8219
"2021-04-19 02:41:03",2907000.0,210.9691
"2021-04-19 03:11:03",2908800.0,210.9691
"2021-04-19 03:41:03",2910600.0,184.3423
"2021-04-19 04:11:03",2912400.0,184.3423
"2021-04-19 04:41:03",2914200.0,192.8219
"2021-04-19 05:11:03",2916000.0,192.8219
"2021-04-19 05:41:03",2917800.0,192.8219
"2021-04-19 06:11:03",2919600.0,210.9691
"2021-04-19 06:41:03",2921400.0,192.8219
"2021-04-19 07:11:03",2923200.0,210.9691
"2021-04-19 07:41:03",2925000.0,220.6734
"2021-04-19 08:11:03",2926800.0,210.9691
"2021-04-19 08:41:03",2928600.0,210.9691
"2021-04-19 09:11:03",2930400.0,184.3423
"2021-04-19 09:41:03",2932200.0,201.6915
"2021-04-19 10:11:03",2934000.0,192.8219
"2021-04-19 10:41:03",2935800.0,210.9691
"2021-04-19 11:11:03",2937600.0,184.3423
